-- MySQL dump 10.13  Distrib 5.7.18, for Linux (x86_64)
--
-- Host: localhost    Database: movimien_socialideation_aux
-- ------------------------------------------------------
-- Server version	5.7.18-0ubuntu0.16.04.1

/*!40101 SET @OLD_CHARACTER_SET_CLIENT=@@CHARACTER_SET_CLIENT */;
/*!40101 SET @OLD_CHARACTER_SET_RESULTS=@@CHARACTER_SET_RESULTS */;
/*!40101 SET @OLD_COLLATION_CONNECTION=@@COLLATION_CONNECTION */;
/*!40101 SET NAMES utf8 */;
/*!40103 SET @OLD_TIME_ZONE=@@TIME_ZONE */;
/*!40103 SET TIME_ZONE='+00:00' */;
/*!40014 SET @OLD_UNIQUE_CHECKS=@@UNIQUE_CHECKS, UNIQUE_CHECKS=0 */;
/*!40014 SET @OLD_FOREIGN_KEY_CHECKS=@@FOREIGN_KEY_CHECKS, FOREIGN_KEY_CHECKS=0 */;
/*!40101 SET @OLD_SQL_MODE=@@SQL_MODE, SQL_MODE='NO_AUTO_VALUE_ON_ZERO' */;
/*!40111 SET @OLD_SQL_NOTES=@@SQL_NOTES, SQL_NOTES=0 */;

--
-- Table structure for table `app_author`
--

DROP TABLE IF EXISTS `app_author`;
/*!40101 SET @saved_cs_client     = @@character_set_client */;
/*!40101 SET character_set_client = utf8 */;
CREATE TABLE `app_author` (
  `id` int(11) NOT NULL AUTO_INCREMENT,
  `external_id` varchar(50) NOT NULL,
  `screen_name` varchar(100) NOT NULL,
  `name` varchar(100) DEFAULT NULL,
  `bio` longtext,
  `language` varchar(10) DEFAULT NULL,
  `zipcode` varchar(10) DEFAULT NULL,
  `national_id` varchar(20) DEFAULT NULL,
  `address` varchar(200) DEFAULT NULL,
  `email` varchar(254) DEFAULT NULL,
  `friends` int(11) NOT NULL,
  `followers` int(11) NOT NULL,
  `groups` int(11) NOT NULL,
  `posts_count` int(11) NOT NULL,
  `url` varchar(200) DEFAULT NULL,
  `channel` varchar(50) NOT NULL,
  `payload` longtext,
  `consultation_platform_id` int(11) DEFAULT NULL,
  `location_id` int(11) DEFAULT NULL,
  `social_network_id` int(11) DEFAULT NULL,
  PRIMARY KEY (`id`),
  KEY `app_author_2a6f1e6e` (`consultation_platform_id`),
  KEY `app_author_e274a5da` (`location_id`),
  KEY `app_author_4e4af4e3` (`social_network_id`)
) ENGINE=MyISAM AUTO_INCREMENT=115 DEFAULT CHARSET=latin1;
/*!40101 SET character_set_client = @saved_cs_client */;

--
-- Dumping data for table `app_author`
--

LOCK TABLES `app_author` WRITE;
/*!40000 ALTER TABLE `app_author` DISABLE KEYS */;
INSERT INTO `app_author` VALUES (24,'761707','lflegon',NULL,NULL,NULL,NULL,NULL,NULL,'lflegon@gmail.com',0,0,0,0,NULL,'consultation_platform','{\"notification_email\": true}',1,NULL,NULL),(23,'764212','Guada Galeano',NULL,NULL,NULL,NULL,NULL,NULL,'guada.galeano@gmail.com',0,0,0,0,NULL,'consultation_platform',NULL,1,NULL,NULL),(22,'763756','Nicoej',NULL,NULL,NULL,NULL,NULL,NULL,'nicoej@gmail.com',0,0,0,0,NULL,'consultation_platform','{\"request_error_notification_email\": true}',1,NULL,NULL),(21,'762307','gaweiberlen',NULL,NULL,NULL,NULL,NULL,NULL,'gaweiberlen@gmail.com',0,0,0,0,NULL,'consultation_platform',NULL,1,NULL,NULL),(20,'762133','Adriana Paz',NULL,NULL,NULL,NULL,NULL,NULL,'adripl82@gmail.com',0,0,0,0,NULL,'consultation_platform','{\"notification_email\": true}',1,NULL,NULL),(19,'761735','Cristhian Parra',NULL,NULL,NULL,NULL,NULL,NULL,'cdparra@gmail.com',0,0,0,0,NULL,'consultation_platform',NULL,1,NULL,NULL),(18,'761713','luedlo85',NULL,NULL,NULL,NULL,NULL,NULL,'luedlo85@gmail.com',0,0,0,0,NULL,'consultation_platform',NULL,1,NULL,NULL),(16,'0','Miembros de la Comunidad',NULL,NULL,NULL,NULL,NULL,NULL,NULL,0,0,0,0,NULL,'consultation_platform',NULL,1,NULL,NULL),(17,'761392','victor.surco',NULL,NULL,NULL,NULL,NULL,NULL,'victor.surco@gmail.com',0,0,0,0,NULL,'consultation_platform','{\"notification_email\": true}',1,NULL,NULL),(15,'761490','alvarograum',NULL,NULL,NULL,NULL,NULL,NULL,'alvarograum@gmail.com',0,0,0,0,NULL,'consultation_platform',NULL,1,NULL,NULL),(13,'761332','pbmserrano',NULL,NULL,NULL,NULL,NULL,NULL,'pbmserrano@gmail.com',0,0,0,0,NULL,'consultation_platform',NULL,1,NULL,NULL),(14,'761485','fabriziomacchi9',NULL,NULL,NULL,NULL,NULL,NULL,'fabriziomacchi9@gmail.com',0,0,0,0,NULL,'consultation_platform',NULL,1,NULL,NULL),(12,'744331','Jorge Saldivar',NULL,NULL,NULL,NULL,NULL,NULL,'jorge.saldivargalli@disi.unitn.it',0,0,0,0,NULL,'consultation_platform','{\"notification_email\": true}',1,NULL,NULL),(25,'764409','gus.gomez.krona',NULL,NULL,NULL,NULL,NULL,NULL,'gus.gomez.krona@gmail.com',0,0,0,0,NULL,'consultation_platform','{\"notification_email\": true}',1,NULL,NULL),(26,'765241','hermoana',NULL,NULL,NULL,NULL,NULL,NULL,'hermoana@gmail.com',0,0,0,0,NULL,'consultation_platform','{\"notification_email\": true}',1,NULL,NULL),(27,'754903','seba',NULL,NULL,NULL,NULL,NULL,NULL,'sebagar@hotmail.com',0,0,0,0,NULL,'consultation_platform','{\"notification_email\": true}',1,NULL,NULL),(28,'765413','Alejandro Codas',NULL,NULL,NULL,NULL,NULL,NULL,'alejandrocodas@yahoo.com',0,0,0,0,NULL,'consultation_platform',NULL,1,NULL,NULL),(29,'764870','mjsaldivar',NULL,NULL,NULL,NULL,NULL,NULL,'mjsaldivar@hotmail.com',0,0,0,0,NULL,'consultation_platform',NULL,1,NULL,NULL),(30,'764830','Seba Villarejo',NULL,NULL,NULL,NULL,NULL,NULL,'svillarejo@hotmail.com',0,0,0,0,NULL,'consultation_platform','{\"notification_email\": true}',1,NULL,NULL),(31,'764096','achiramos',NULL,NULL,NULL,NULL,NULL,NULL,'achiramos@gmail.com',0,0,0,0,NULL,'consultation_platform',NULL,1,NULL,NULL),(32,'762381','Graciela López de Paz',NULL,NULL,NULL,NULL,NULL,NULL,'gracielaldp@yahoo.com',0,0,0,0,NULL,'consultation_platform','{\"notification_email\": true}',1,NULL,NULL),(33,'762325','gracielaldp',NULL,NULL,NULL,NULL,NULL,NULL,'gracielaldp@gmail.com',0,0,0,0,NULL,'consultation_platform',NULL,1,NULL,NULL),(34,'763780','vivihermosag',NULL,NULL,NULL,NULL,NULL,NULL,'viviana.hermosag@gmail.com',0,0,0,0,NULL,'consultation_platform',NULL,1,NULL,NULL),(35,'763758','Diego Hidalgo Mazzei',NULL,NULL,NULL,NULL,NULL,NULL,'drpelpi@gmail.com',0,0,0,0,NULL,'consultation_platform',NULL,1,NULL,NULL),(36,'763754','Marco Di Tore',NULL,NULL,NULL,NULL,NULL,NULL,'marcoditore@hotmail.com',0,0,0,0,NULL,'consultation_platform',NULL,1,NULL,NULL),(37,'761953','Vale Riera',NULL,NULL,NULL,NULL,NULL,NULL,'valecita.riera@gmail.com',0,0,0,0,NULL,'consultation_platform',NULL,1,NULL,NULL),(38,'761834','Jjpy012',NULL,NULL,NULL,NULL,NULL,NULL,'Jjpy012@hotmail.com',0,0,0,0,NULL,'consultation_platform',NULL,1,NULL,NULL),(39,'761489','enripaniagua',NULL,NULL,NULL,NULL,NULL,NULL,'enripaniagua@gmail.com',0,0,0,0,NULL,'consultation_platform',NULL,1,NULL,NULL),(40,'761486','gloriadelpuertog',NULL,NULL,NULL,NULL,NULL,NULL,'gloriadelpuertog@hotmail.com',0,0,0,0,NULL,'consultation_platform',NULL,1,NULL,NULL),(41,'761343','Carolina Martínez',NULL,NULL,NULL,NULL,NULL,NULL,'carolina.lird@hotmail.com',0,0,0,0,NULL,'consultation_platform',NULL,1,NULL,NULL),(42,'759524','vaner1902',NULL,NULL,NULL,NULL,NULL,NULL,'vaner1902@gmail.com',0,0,0,0,NULL,'consultation_platform',NULL,1,NULL,NULL),(43,'763829','Caridi54',NULL,NULL,NULL,NULL,NULL,NULL,'Caridi54@gmail.com',0,0,0,0,NULL,'consultation_platform',NULL,1,NULL,NULL),(44,'764211','alb.sama',NULL,NULL,NULL,NULL,NULL,NULL,'alb.sama@gmail.com',0,0,0,0,NULL,'consultation_platform',NULL,1,NULL,NULL),(45,'764568','ceciliaalcala',NULL,NULL,NULL,NULL,NULL,NULL,'ceciliaalcala@gmail.com',0,0,0,0,NULL,'consultation_platform',NULL,1,NULL,NULL),(46,'765357','emmgill3',NULL,NULL,NULL,NULL,NULL,NULL,'emmgill3@gmail.com',0,0,0,0,NULL,'consultation_platform',NULL,1,NULL,NULL),(47,'763901','Gustavo Codas',NULL,NULL,NULL,NULL,NULL,NULL,'guscodas@hotmail.com',0,0,0,0,NULL,'consultation_platform',NULL,1,NULL,NULL),(48,'763760','mlaloux',NULL,NULL,NULL,NULL,NULL,NULL,'mlaloux@gmail.com',0,0,0,0,NULL,'consultation_platform',NULL,1,NULL,NULL),(49,'763946','odegiacomi',NULL,NULL,NULL,NULL,NULL,NULL,'odegiacomi@gmail.com',0,0,0,0,NULL,'consultation_platform',NULL,1,NULL,NULL),(50,'761809','marijo.recalde',NULL,NULL,NULL,NULL,NULL,NULL,'marijo.recalde@gmail.com',0,0,0,0,NULL,'consultation_platform',NULL,1,NULL,NULL),(51,'763809','mela_gc',NULL,NULL,NULL,NULL,NULL,NULL,'mela_gc@hotmail.com',0,0,0,0,NULL,'consultation_platform',NULL,1,NULL,NULL),(52,'763773','lezcano.marcelo',NULL,NULL,NULL,NULL,NULL,NULL,'lezcano.marcelo@gmail.com',0,0,0,0,NULL,'consultation_platform','{\"notification_email\": true}',1,NULL,NULL),(53,'763187','Gisse Peralta',NULL,NULL,NULL,NULL,NULL,NULL,'gisse.peralta@gmail.com',0,0,0,0,NULL,'consultation_platform',NULL,1,NULL,NULL),(54,'765512','susa_galli',NULL,NULL,NULL,NULL,NULL,NULL,'susa_galli@hotmail.com',0,0,0,0,NULL,'consultation_platform',NULL,1,NULL,NULL),(55,'765533','casg90',NULL,NULL,NULL,NULL,NULL,NULL,'casg90@gmail.com',0,0,0,0,NULL,'consultation_platform','{\"notification_email\": true}',1,NULL,NULL),(56,'765536','horacioraulp',NULL,NULL,NULL,NULL,NULL,NULL,'horacioraulp@gmail.com',0,0,0,0,NULL,'consultation_platform','{\"notification_email\": true}',1,NULL,NULL),(57,'765604','Victor Chamorro Gonzalez',NULL,NULL,NULL,NULL,NULL,NULL,'victor_cg20@hotmail.com',0,0,0,0,NULL,'consultation_platform','{\"notification_email\": true}',1,NULL,NULL),(58,'765640','Ana Hermosa',NULL,NULL,NULL,NULL,NULL,NULL,'ana_hermosa45@hotmail.com',0,0,0,0,NULL,'consultation_platform',NULL,1,NULL,NULL),(59,'10153019793461925','Ana Hermosa',NULL,NULL,NULL,NULL,NULL,NULL,'ana_hermosa45@hotmail.com',0,0,0,0,'https://www.facebook.com/app_scoped_user_id/10153019793461925/','social_network',NULL,NULL,NULL,2),(60,'908559322531296','Lili Fleitas',NULL,NULL,NULL,NULL,NULL,NULL,'lflegon@gmail.com',0,0,0,0,'https://www.facebook.com/app_scoped_user_id/908559322531296/','social_network',NULL,NULL,NULL,2),(61,'10205936139257896','Cristhian Parra',NULL,NULL,NULL,NULL,NULL,NULL,'cdparra@gmail.com',0,0,0,0,'https://www.facebook.com/app_scoped_user_id/10205936139257896/','social_network',NULL,NULL,NULL,2),(62,'765976','pilisaldivarg',NULL,NULL,NULL,NULL,NULL,NULL,'pilisaldivarg@hotmail.com',0,0,0,0,NULL,'consultation_platform',NULL,1,NULL,NULL),(63,'765264','guillermo.zacur',NULL,NULL,NULL,NULL,NULL,NULL,'guillermo.zacur@gmail.com',0,0,0,0,NULL,'consultation_platform',NULL,1,NULL,NULL),(64,'10155611534815517','Nicolás Escobar Jariton',NULL,NULL,NULL,NULL,NULL,NULL,'nicoej@gmail.com',0,0,0,0,'https://www.facebook.com/app_scoped_user_id/10155611534815517/','social_network',NULL,NULL,NULL,2),(65,'10206868065436037','Carolina Martínez',NULL,NULL,NULL,NULL,NULL,NULL,'carolina.lird@hotmail.com',0,0,0,0,'https://www.facebook.com/app_scoped_user_id/10206868065436037/','social_network',NULL,NULL,NULL,2),(66,'435131070002704','Jorge Saldivar',NULL,NULL,NULL,NULL,NULL,NULL,'jorgesaldivar@gmail.com',0,0,0,0,'https://www.facebook.com/app_scoped_user_id/435131070002704/','social_network',NULL,NULL,NULL,2),(67,'766335','Carlos',NULL,NULL,NULL,NULL,NULL,NULL,'crodriguez.py@gmail.com',0,0,0,0,NULL,'consultation_platform','{\"notification_email\": true}',1,NULL,NULL),(68,'766408','anama.azorero',NULL,NULL,NULL,NULL,NULL,NULL,'anama.azorero@gmail.com',0,0,0,0,NULL,'consultation_platform',NULL,1,NULL,NULL),(69,'766510','monirios',NULL,NULL,NULL,NULL,NULL,NULL,'monirios@gmail.com',0,0,0,0,NULL,'consultation_platform',NULL,1,NULL,NULL),(70,'10206163786908038','Susana Galli',NULL,NULL,NULL,NULL,NULL,NULL,NULL,0,0,0,0,'https://www.facebook.com/app_scoped_user_id/10206163786908038/','social_network',NULL,NULL,NULL,2),(71,'766519','Andreacazal2010',NULL,NULL,NULL,NULL,NULL,NULL,'andreacazal2010@hotmail.com',0,0,0,0,NULL,'consultation_platform',NULL,1,NULL,NULL),(72,'1089176257759380','Norma Cardozo Dinatale',NULL,NULL,NULL,NULL,NULL,NULL,'normacar@hotmail.es',0,0,0,0,'https://www.facebook.com/app_scoped_user_id/1089176257759380/','social_network',NULL,NULL,NULL,2),(73,'766600','patty_lohman',NULL,NULL,NULL,NULL,NULL,NULL,'patty_lohman@hotmail.com',0,0,0,0,NULL,'consultation_platform',NULL,1,NULL,NULL),(74,'902571563171682','A Su Gusto',NULL,NULL,NULL,NULL,NULL,NULL,NULL,0,0,0,0,'https://www.facebook.com/app_scoped_user_id/902571563171682/','social_network',NULL,NULL,NULL,2),(75,'766531','sromero_arza',NULL,NULL,NULL,NULL,NULL,NULL,'sromero_arza@hotmail.com',0,0,0,0,NULL,'consultation_platform',NULL,1,NULL,NULL),(76,'766703','CarlaRoma',NULL,NULL,NULL,NULL,NULL,NULL,'cromanach@gmail.com',0,0,0,0,NULL,'consultation_platform',NULL,1,NULL,NULL),(77,'10206681126087866','Ruben Maidana',NULL,NULL,NULL,NULL,NULL,NULL,'eduardo.maidana@gmail.com',0,0,0,0,'https://www.facebook.com/app_scoped_user_id/10206681126087866/','social_network',NULL,NULL,NULL,2),(78,'766846','Normacar',NULL,NULL,NULL,NULL,NULL,NULL,'normacar@hotmail.es',0,0,0,0,NULL,'consultation_platform',NULL,1,NULL,NULL),(79,'10153528399191329','Monica LR',NULL,NULL,NULL,NULL,NULL,NULL,NULL,0,0,0,0,'https://www.facebook.com/app_scoped_user_id/10153528399191329/','social_network',NULL,NULL,NULL,2),(80,'766860','monilaloux',NULL,NULL,NULL,NULL,NULL,NULL,'monilaloux@gmail.com',0,0,0,0,NULL,'consultation_platform','{\"notification_email\": true}',1,NULL,NULL),(81,'10206854803682433','Nathalia Rodriguez',NULL,NULL,NULL,NULL,NULL,NULL,NULL,0,0,0,0,'https://www.facebook.com/app_scoped_user_id/10206854803682433/','social_network',NULL,NULL,NULL,2),(82,'1109516979063406','Carlos A Saldivar G',NULL,NULL,NULL,NULL,NULL,NULL,'casg90@gmail.com',0,0,0,0,'https://www.facebook.com/app_scoped_user_id/1109516979063406/','social_network',NULL,NULL,NULL,2),(83,'1240302629320648','Maju Gonzalez',NULL,NULL,NULL,NULL,NULL,NULL,NULL,0,0,0,0,'https://www.facebook.com/app_scoped_user_id/1240302629320648/','social_network',NULL,NULL,NULL,2),(84,'766977','gisesanchez.e',NULL,NULL,NULL,NULL,NULL,NULL,'gisesanchez.e@gmail.com',0,0,0,0,NULL,'consultation_platform','{\"notification_email\": true}',1,NULL,NULL),(85,'10206305911744223','Miguel Romañach',NULL,NULL,NULL,NULL,NULL,NULL,NULL,0,0,0,0,'https://www.facebook.com/app_scoped_user_id/10206305911744223/','social_network',NULL,NULL,NULL,2),(86,'766516','miguelroma69',NULL,NULL,NULL,NULL,NULL,NULL,'miguelroma69@gmail.com',0,0,0,0,NULL,'consultation_platform','{\"notification_email\": true}',1,NULL,NULL),(87,'767042','adriscappini',NULL,NULL,NULL,NULL,NULL,NULL,'adriscappini@gmail.com',0,0,0,0,NULL,'consultation_platform','{\"notification_email\": true}',1,NULL,NULL),(88,'766701','silviaponte',NULL,NULL,NULL,NULL,NULL,NULL,'silviaponte@gmail.com',0,0,0,0,NULL,'consultation_platform',NULL,1,NULL,NULL),(89,'767097','martula-77',NULL,NULL,NULL,NULL,NULL,NULL,'martula-77@hotmail.com',0,0,0,0,NULL,'consultation_platform',NULL,1,NULL,NULL),(90,'1095001667176689','Patty Lohman',NULL,NULL,NULL,NULL,NULL,NULL,'patty_lohman@hotmail.com',0,0,0,0,'https://www.facebook.com/app_scoped_user_id/1095001667176689/','social_network',NULL,NULL,NULL,2),(91,'766963','regi.yugovich',NULL,NULL,NULL,NULL,NULL,NULL,'regi.yugovich@gmail.com',0,0,0,0,NULL,'consultation_platform',NULL,1,NULL,NULL),(92,'1101029596581485','Carla Romañach',NULL,NULL,NULL,NULL,NULL,NULL,NULL,0,0,0,0,'https://www.facebook.com/app_scoped_user_id/1101029596581485/','social_network',NULL,NULL,NULL,2),(93,'464926563678394','Pilar Saldivar',NULL,NULL,NULL,NULL,NULL,NULL,NULL,0,0,0,0,'https://www.facebook.com/app_scoped_user_id/464926563678394/','social_network',NULL,NULL,NULL,2),(94,'10153537385544796','Norma Franco Jara',NULL,NULL,NULL,NULL,NULL,NULL,NULL,0,0,0,0,'https://www.facebook.com/app_scoped_user_id/10153537385544796/','social_network',NULL,NULL,NULL,2),(95,'10208275060340607','Gustavo Gómez Witt',NULL,NULL,NULL,NULL,NULL,NULL,NULL,0,0,0,0,'https://www.facebook.com/app_scoped_user_id/10208275060340607/','social_network',NULL,NULL,NULL,2),(96,'10207010866454721','Marcos Báez',NULL,NULL,NULL,NULL,NULL,NULL,NULL,0,0,0,0,'https://www.facebook.com/app_scoped_user_id/10207010866454721/','social_network',NULL,NULL,NULL,2),(97,'1084322968245205','Alicia Martínez',NULL,NULL,NULL,NULL,NULL,NULL,'alimartinez07@gmail.com',0,0,0,0,'https://www.facebook.com/app_scoped_user_id/1084322968245205/','social_network',NULL,NULL,NULL,2),(98,'1138836562801448','Patricia Closs Corrent',NULL,NULL,NULL,NULL,NULL,NULL,NULL,0,0,0,0,'https://www.facebook.com/app_scoped_user_id/1138836562801448/','social_network',NULL,NULL,NULL,2),(99,'10206648027253520','Julio Lesme Brun',NULL,NULL,NULL,NULL,NULL,NULL,NULL,0,0,0,0,'https://www.facebook.com/app_scoped_user_id/10206648027253520/','social_network',NULL,NULL,NULL,2),(100,'767790','Analiacv',NULL,NULL,NULL,NULL,NULL,NULL,'analiacv@gmail.com',0,0,0,0,NULL,'consultation_platform',NULL,1,NULL,NULL),(101,'767844','normifranco',NULL,NULL,NULL,NULL,NULL,NULL,'normifranco@gmail.com',0,0,0,0,NULL,'consultation_platform','{\"notification_email\": true}',1,NULL,NULL),(102,'768190','gisela_barrios',NULL,NULL,NULL,NULL,NULL,NULL,'gisela_barrios@hotmail.com',0,0,0,0,NULL,'consultation_platform',NULL,1,NULL,NULL),(103,'10154293987834447','Paulina Serrano',NULL,NULL,NULL,NULL,NULL,NULL,NULL,0,0,0,0,'https://www.facebook.com/app_scoped_user_id/10154293987834447/','social_network',NULL,NULL,NULL,2),(104,'10206805185621950','Marcos Sotomayor',NULL,NULL,NULL,NULL,NULL,NULL,NULL,0,0,0,0,'https://www.facebook.com/app_scoped_user_id/10206805185621950/','social_network',NULL,NULL,NULL,2),(105,'534433710040584','Delia Gonzalez Sanchez',NULL,NULL,NULL,NULL,NULL,NULL,NULL,0,0,0,0,'https://www.facebook.com/app_scoped_user_id/534433710040584/','social_network',NULL,NULL,NULL,2),(106,'1075380172481303','Gus GK',NULL,NULL,NULL,NULL,NULL,NULL,'gus.gomez.krona@gmail.com',0,0,0,0,'https://www.facebook.com/app_scoped_user_id/1075380172481303/','social_network',NULL,NULL,NULL,2),(107,'10156163278595503','Carlos Sebastian Garcia',NULL,NULL,NULL,NULL,NULL,NULL,'sebagar@hotmail.com',0,0,0,0,'https://www.facebook.com/app_scoped_user_id/10156163278595503/','social_network',NULL,NULL,NULL,2),(108,'1004467652946741','Rossi Gonzalez Sanchez',NULL,NULL,NULL,NULL,NULL,NULL,NULL,0,0,0,0,'https://www.facebook.com/app_scoped_user_id/1004467652946741/','social_network',NULL,NULL,NULL,2),(109,'768882','Cecilia Benzo',NULL,NULL,NULL,NULL,NULL,NULL,'cecibenzo@hotmail.com',0,0,0,0,NULL,'consultation_platform',NULL,1,NULL,NULL),(110,'516390365203686','Teresa Ojeda',NULL,NULL,NULL,NULL,NULL,NULL,NULL,0,0,0,0,'https://www.facebook.com/app_scoped_user_id/516390365203686/','social_network',NULL,NULL,NULL,2),(111,'10208329995837555','Marta Amigo de Rautenberg',NULL,NULL,NULL,NULL,NULL,NULL,NULL,0,0,0,0,'https://www.facebook.com/app_scoped_user_id/10208329995837555/','social_network',NULL,NULL,NULL,2),(112,'762366','alvarocobelo',NULL,NULL,NULL,NULL,NULL,NULL,'alvarocobelo@gmail.com',0,0,0,0,NULL,'consultation_platform',NULL,1,NULL,NULL),(113,'772170','Juan José Jara Laconich',NULL,NULL,NULL,NULL,NULL,NULL,'juanjose_jara@hotmail.com',0,0,0,0,NULL,'consultation_platform',NULL,1,NULL,NULL),(114,'10206714758375649','Marcelo Lezcano',NULL,NULL,NULL,NULL,NULL,NULL,NULL,0,0,0,0,'https://www.facebook.com/app_scoped_user_id/10206714758375649/','social_network',NULL,NULL,NULL,2);
/*!40000 ALTER TABLE `app_author` ENABLE KEYS */;
UNLOCK TABLES;

--
-- Table structure for table `app_autocomment`
--

DROP TABLE IF EXISTS `app_autocomment`;
/*!40101 SET @saved_cs_client     = @@character_set_client */;
/*!40101 SET character_set_client = utf8 */;
CREATE TABLE `app_autocomment` (
  `id` int(11) NOT NULL AUTO_INCREMENT,
  `sn_id` varchar(100) NOT NULL,
  `parent_idea` varchar(100) NOT NULL,
  `exist` tinyint(1) NOT NULL,
  `author_id` int(11) NOT NULL,
  PRIMARY KEY (`id`),
  KEY `app_autocomment_4f331e2f` (`author_id`)
) ENGINE=MyISAM AUTO_INCREMENT=3 DEFAULT CHARSET=latin1;
/*!40101 SET character_set_client = @saved_cs_client */;

--
-- Dumping data for table `app_autocomment`
--

LOCK TABLES `app_autocomment` WRITE;
/*!40000 ALTER TABLE `app_autocomment` DISABLE KEYS */;
INSERT INTO `app_autocomment` VALUES (1,'1660956840816674','1655519178027107_1660956467483378',1,1),(2,'1661403210772037','1655519178027107_1661402677438757',1,1);
/*!40000 ALTER TABLE `app_autocomment` ENABLE KEYS */;
UNLOCK TABLES;

--
-- Table structure for table `app_campaign`
--

DROP TABLE IF EXISTS `app_campaign`;
/*!40101 SET @saved_cs_client     = @@character_set_client */;
/*!40101 SET character_set_client = utf8 */;
CREATE TABLE `app_campaign` (
  `id` int(11) NOT NULL AUTO_INCREMENT,
  `external_id` int(11) NOT NULL,
  `name` varchar(100) NOT NULL,
  `hashtag` varchar(20) DEFAULT NULL,
  `initiative_id` int(11) NOT NULL,
  PRIMARY KEY (`id`),
  KEY `app_campaign_4d350b0d` (`initiative_id`)
) ENGINE=MyISAM AUTO_INCREMENT=14 DEFAULT CHARSET=latin1;
/*!40101 SET character_set_client = @saved_cs_client */;

--
-- Dumping data for table `app_campaign`
--

LOCK TABLES `app_campaign` WRITE;
/*!40000 ALTER TABLE `app_campaign` DISABLE KEYS */;
INSERT INTO `app_campaign` VALUES (1,28416,'Website','website',1),(2,28417,'Products','products',1),(3,28418,'Customer Service','customerservic',1),(4,51564,'Website','website',2),(5,51565,'Products','products',2),(6,51566,'Customer Service','customerservic',2),(7,51599,'Inspiración','inspiracion',3),(8,51594,'Gestión Municipal','gestion',3),(9,51595,'Movilidad Urbana Sostenible','movilidad',3),(10,51596,'Basura Cero!','basuracero',3),(11,51597,'Mercados Municipales','mercados',3),(12,51692,'Resilencia Urbana','resilencia',3),(13,51693,'Infraestructura','infraestructura',3);
/*!40000 ALTER TABLE `app_campaign` ENABLE KEYS */;
UNLOCK TABLES;

--
-- Table structure for table `app_comment`
--

DROP TABLE IF EXISTS `app_comment`;
/*!40101 SET @saved_cs_client     = @@character_set_client */;
/*!40101 SET character_set_client = utf8 */;
CREATE TABLE `app_comment` (
  `id` int(11) NOT NULL AUTO_INCREMENT,
  `sn_id` varchar(100) DEFAULT NULL,
  `cp_id` varchar(100) DEFAULT NULL,
  `datetime` datetime DEFAULT NULL,
  `source` varchar(50) NOT NULL,
  `payload` longtext,
  `is_new` tinyint(1) NOT NULL,
  `has_changed` tinyint(1) NOT NULL,
  `exist_cp` tinyint(1) DEFAULT NULL,
  `sync` tinyint(1) NOT NULL,
  `text` longtext NOT NULL,
  `url` varchar(200) DEFAULT NULL,
  `parent` varchar(10) NOT NULL,
  `positive_votes` int(11) NOT NULL,
  `negative_votes` int(11) NOT NULL,
  `comments` int(11) NOT NULL,
  `author_id` int(11) NOT NULL,
  `campaign_id` int(11) NOT NULL,
  `initiative_id` int(11) NOT NULL,
  `location_id` int(11) DEFAULT NULL,
  `parent_comment_id` int(11) DEFAULT NULL,
  `parent_idea_id` int(11) DEFAULT NULL,
  `source_consultation_id` int(11) DEFAULT NULL,
  `source_social_id` int(11) DEFAULT NULL,
  `exist_sn` tinyint(1) NOT NULL,
  PRIMARY KEY (`id`),
  KEY `app_comment_4f331e2f` (`author_id`),
  KEY `app_comment_f14acec3` (`campaign_id`),
  KEY `app_comment_4d350b0d` (`initiative_id`),
  KEY `app_comment_e274a5da` (`location_id`),
  KEY `app_comment_3a87a439` (`parent_comment_id`),
  KEY `app_comment_328583f2` (`parent_idea_id`),
  KEY `app_comment_90a434b5` (`source_consultation_id`),
  KEY `app_comment_0493904f` (`source_social_id`)
) ENGINE=MyISAM AUTO_INCREMENT=117 DEFAULT CHARSET=latin1;
/*!40101 SET character_set_client = @saved_cs_client */;

--
-- Dumping data for table `app_comment`
--

LOCK TABLES `app_comment` WRITE;
/*!40000 ALTER TABLE `app_comment` DISABLE KEYS */;
INSERT INTO `app_comment` VALUES (9,NULL,'789006','2015-10-20 23:36:03','consultation_platform',NULL,1,0,1,0,'Con ningun control por parte de los municipios . Veredas reducidas al minimo, contruyendo mas allá de la linea municpal. \r\nLas veredasdeberian ser con superficies absorbentes y verde que permitan absorver las aguas de lluvia y recargar las napas.\r\n Es urgente!','http://vozyvoto.ideascale.com/a/dtd/789006-37217','idea',0,0,0,16,13,3,12,NULL,22,1,NULL,0),(8,NULL,NULL,'2015-10-20 20:23:08','consultation_platform',NULL,0,0,0,1,'Buena idea! como se podría trabajar más en detalle puntualmente en las ideas que listaste? Sería bueno ver la aplicabilidad a nivel municipal. Si tenes ejemplos de otros países sería excelente! gracias por el aporte!','http://vozyvoto.ideascale.com/a/dtd/788982-37217','idea',0,0,0,27,13,3,6,NULL,27,1,NULL,0),(7,NULL,'788948','2015-10-20 17:31:19','consultation_platform',NULL,1,1,1,0,'Interesante la propuesta, agregaría como paso muy importante del proceso de reciclado la disposición final, es ahí donde se realiza el reciclado como tal, ya que si sólo se separan los diferentes tipos de residuos pero después se los dispone a todos en el mismo lugar no hay resultados.\r\n','http://vozyvoto.ideascale.com/a/dtd/788948-37217','idea',2,0,0,26,10,3,4,NULL,19,1,NULL,0),(10,NULL,'789007','2015-10-20 23:45:03','consultation_platform',NULL,1,0,1,0,'Deberian agregar un estimulo por la construccion de veredas con pavimento absorventes para absorver parte de los raudales con franjas verdes. \r\nLos paseos centrales tienen el mismo tratamiento sellado que los pavimentos . Los pobres arboles yla  jardineria estan como asfixiados. \r\nLas calzadas tambien podrian tener franjas de pavimento absorvente tipo empedrado adjacente al cordón de la vereda y combinaciones de verde (por ej. la calle san Roque Gonzalez de Santa Cruz en el tramo entre Pacheco y Campos Cervera)c ombinado con franjas de pavimento liso tambien absorvente. Hay numerosos materiales nuevos con esta propiedad.','http://vozyvoto.ideascale.com/a/dtd/789007-37217','idea',0,0,0,16,9,3,12,NULL,21,1,NULL,0),(11,NULL,'789008','2015-10-20 23:48:06','consultation_platform',NULL,1,0,1,0,'Urgente!!!!\r\nLa polucion visual y la carteleria de baja calidad. \r\nAlguien debe regular los maxi letreros Led que encandilan !!!!\r\n','http://vozyvoto.ideascale.com/a/dtd/789008-37217','idea',0,0,0,16,8,3,12,NULL,15,1,NULL,0),(12,NULL,'789014','2015-10-21 01:16:34','consultation_platform',NULL,1,0,1,0,'Excelente! ','http://vozyvoto.ideascale.com/a/dtd/789014-37217','idea',0,0,0,28,7,3,6,NULL,13,1,NULL,0),(13,NULL,'789015','2015-10-21 01:20:33','consultation_platform',NULL,1,0,1,0,'Buena idea Fabrizio, para tener esa policia municipal deben tener mejor formacion y estar mucho mejor remunerados, hay que incentivar la honestidad.','http://vozyvoto.ideascale.com/a/dtd/789015-37217','idea',0,0,0,28,8,3,6,NULL,12,1,NULL,0),(14,NULL,NULL,'2015-10-21 13:32:40','consultation_platform',NULL,0,0,0,1,'esto se complementaria con el Plan maestro de arbolado urbano, reglamentacion de canteros y en el caso del centro colocacion de basureros por lo menos 1 por cuadra.','http://vozyvoto.ideascale.com/a/dtd/789029-37217','idea',0,0,0,24,9,3,6,NULL,21,1,NULL,0),(15,NULL,'789032','2015-10-21 13:45:54','consultation_platform',NULL,1,0,1,0,'muy de acuerdo. Hay que cambiar la ordenanza actual y darle el marco y nombre que corresponde, es decir \"Ordenanza contra la polucion visual\"...porque mucha gente en los barrios no se da cuenta lo que ocasiona la polucion visual en la salud y como solo se llama ahora reglamento de carteles o algo asi,...el nombre no indica bien','http://vozyvoto.ideascale.com/a/dtd/789032-37217','idea',0,0,0,24,8,3,6,NULL,15,1,NULL,0),(16,NULL,'788816','2015-10-19 16:54:10','consultation_platform',NULL,1,0,1,0,'Buenisima idea, se debería de trabajar en forma conjunta con la SENATUR. ','http://vozyvoto.ideascale.com/a/dtd/788816-37217','idea',0,0,0,29,13,3,NULL,NULL,14,1,NULL,0),(17,NULL,'788815','2015-10-19 16:49:32','consultation_platform',NULL,1,0,1,0,'Muy de acuerdo con esta idea. El estado de las veredas de la ciudad se encuentra en estado lamentable y representan un peligro para cualquier peatón.  ','http://vozyvoto.ideascale.com/a/dtd/788815-37217','idea',0,0,0,29,13,3,NULL,NULL,22,1,NULL,0),(18,NULL,'788814','2015-10-19 16:47:07','consultation_platform',NULL,1,0,1,0,'Un plan de arbolada es una manera de hacer frente a las consecuencias negativas que trae consigo el fenómeno de cambio climático y, una iniciativa como esta es sinónimo de responsabilidad y consciencia a futuro. ','http://vozyvoto.ideascale.com/a/dtd/788814-37217','idea',2,0,0,29,7,3,NULL,NULL,25,1,NULL,0),(19,NULL,'788793','2015-10-19 14:53:26','consultation_platform',NULL,1,0,1,0,'Excelente aporte Cristhian!! como te comentó seba hemos presentado un proyecto de construcción, ahora debemos insistir para que se ejecuten proyectos, no solo en Asunción sino que sean interconectados con el área metropolitana.','http://vozyvoto.ideascale.com/a/dtd/788793-37217','idea',0,0,0,30,9,3,6,NULL,10,1,NULL,0),(20,NULL,'788792','2015-10-19 14:50:18','consultation_platform',NULL,1,0,1,0,'La idea es que cada uno lleve su hamaca ? muy bueno che, para dar vida a las plazas','http://vozyvoto.ideascale.com/a/dtd/788792-37217','idea',0,0,0,30,7,3,6,NULL,13,1,NULL,0),(21,NULL,'788790','2015-10-19 14:48:00','consultation_platform',NULL,1,0,1,0,'Mas que de acuerdo!! se deben definir lugares, no así libremente, imaginate que la junta aprobó hace un mes aprox carteles led en micros!, debemos entrar en equipo para generar esos cambios.\r\n\r\nAbrazos','http://vozyvoto.ideascale.com/a/dtd/788790-37217','idea',1,0,0,30,8,3,6,NULL,15,1,NULL,0),(22,NULL,'788785','2015-10-19 14:42:06','consultation_platform',NULL,1,0,1,0,'Buena idea, no solo promocionar obras, sino que utilizar los rubros que puedan haber para marketing en Educación!!, eso demostraría realmente la vocación del intendente. ','http://vozyvoto.ideascale.com/a/dtd/788785-37217','idea',0,0,0,30,13,3,6,NULL,17,1,NULL,0),(23,NULL,'788784','2015-10-19 14:40:46','consultation_platform',NULL,1,0,1,0,'Excelente idea!! sabés que en el 2007 en Patria Querida le acercamos ya un proyecto de presupuesto participativo a Evanhy cuando era intendente que lógico lo vetó. Debemos ver como reinstalar eso!! Si o si! también porque la participación hace que las personas se empoderen de su ciudad, la amen, la sientan suya, no algo alejado e innominado. Brillante.','http://vozyvoto.ideascale.com/a/dtd/788784-37217','idea',2,0,0,30,7,3,6,NULL,18,1,NULL,0),(24,NULL,'788780','2015-10-19 14:35:20','consultation_platform',NULL,1,0,1,0,'Buenísima idea Adri, debemos implementar al llegar a la gestión un plan piloto en algún barrio, y con fuerte contenido social, acercarnos a los gancheros para que se sumen a la iniciativa. ','http://vozyvoto.ideascale.com/a/dtd/788780-37217','idea',1,0,0,30,10,3,6,NULL,19,1,NULL,0),(25,NULL,'788777','2015-10-19 14:32:36','consultation_platform',NULL,1,0,1,0,'Que tal Gabriel, te comento que esta semana estamos presentando a través de Gustavo Lird en la Junta Municipal una ordenanza que obligue a la participación de vecinos para cambios al plan regulador de la ciudad. Hoy en día se cambia de la noche a la mañana sin ningún criterio, además de que incluso como comentó Graciela se aprueban edificios en abierta violación al Plan.','http://vozyvoto.ideascale.com/a/dtd/788777-37217','idea',2,0,0,30,13,3,6,NULL,20,1,NULL,0),(26,NULL,'788775','2015-10-19 14:30:54','consultation_platform',NULL,1,0,1,0,'Excelente idea, Seba Villarejo soy, nosotros estamos comprometidos con la movilidad sustentable, en el 2012 se trabajó la ordenanza de veredas inclusivas, ahora la de cosntrucción de bicisendas, etc. Debemos ver como volver la idea una causa ciudadana. El ciudadano de a pié debe ser prioridad. ','http://vozyvoto.ideascale.com/a/dtd/788775-37217','idea',1,0,0,30,9,3,6,NULL,21,1,NULL,0),(27,NULL,'788765','2015-10-19 14:00:34','consultation_platform',NULL,1,0,1,0,'Hola Guada, creo que podría ser factible, el tema es que las ciudades que hacen eso tienen un sistema de transporte preparado para ese día. Me jugaría a iniciar en forma de proceso, usando avenidas y ciertas calles, motivando a que sea un día sin auto.','http://vozyvoto.ideascale.com/a/dtd/788765-37217','idea',1,0,0,30,9,3,6,NULL,23,1,NULL,0),(28,NULL,'788764','2015-10-19 13:59:01','consultation_platform',NULL,1,0,1,0,'Interesante. Se debería trabajar la ordenanza con la ANDE  (que dps podan como quieren los árboles y terminan cayendo) y por sobre todo por ejemplo usar de modelo algunas calles que podamos bajar los cables bajo tierra','http://vozyvoto.ideascale.com/a/dtd/788764-37217','idea',2,0,0,30,7,3,6,NULL,25,1,NULL,0),(29,NULL,'788761','2015-10-19 13:57:42','consultation_platform',NULL,1,0,1,0,'Excelente. Creo que la Municipalidad debe trabajar de cerca con la SNPP y ayudar en oficios como también en incubadoras de empresas, eso es muy normal en otras ciudades. Desde la concejalía veamos como podemos empujar el tema!. ','http://vozyvoto.ideascale.com/a/dtd/788761-37217','idea',0,0,0,30,13,3,6,NULL,24,1,NULL,0),(30,NULL,'788448','2015-10-16 20:04:05','consultation_platform',NULL,1,0,1,0,'Estaría bueno, pero habría que probar con algún domingo o feriado, si camino desde mi casa voy a llegar chorreando a la parada y al trabajo jaja ','http://vozyvoto.ideascale.com/a/dtd/788448-37217','idea',0,0,0,13,9,3,6,NULL,23,1,NULL,0),(31,NULL,'788458','2015-10-16 20:42:37','consultation_platform',NULL,1,0,1,0,'Podemos hacerlo en invierno! :)','http://vozyvoto.ideascale.com/a/dtd/788458-37217','comment',2,0,0,23,9,3,9,30,NULL,1,NULL,0),(32,NULL,'787133','2015-10-08 22:34:01','consultation_platform',NULL,1,0,1,0,'Ahora ya existe el congreso de comisiones vecinales una vez al año...','http://vozyvoto.ideascale.com/a/dtd/787133-37217','idea',1,0,0,24,7,3,6,NULL,11,1,NULL,0),(33,NULL,'788453','2015-10-16 20:13:01','consultation_platform',NULL,1,0,1,0,'Que bueno, debería convertirse en un evento conocido y que de ahí, cada año salgan propuestas para ordenanzas de temas innovadores para la ciudad!','http://vozyvoto.ideascale.com/a/dtd/788453-37217','comment',0,0,0,13,7,3,6,32,NULL,1,NULL,0),(34,NULL,'788452','2015-10-16 20:10:54','consultation_platform',NULL,1,0,1,0,'Sii, España y san martin es un caos, también calles como Eusebio Ayala.. Ya no se distingue nada de tantos carteles! ','http://vozyvoto.ideascale.com/a/dtd/788452-37217','idea',0,0,0,13,8,3,6,NULL,15,1,NULL,0),(35,NULL,'788415','2015-10-16 18:00:27','consultation_platform',NULL,1,0,1,0,'Es una solución sencilla y super efectiva. En la mayoria de las capitales esta prohibido este tipo de giros, el que quiera hacerlo debería tener que perder mas tiempo y no el resto que queda atascado en la fila queriendo seguir recto!','http://vozyvoto.ideascale.com/a/dtd/788415-37217','idea',2,0,0,23,9,3,9,NULL,16,1,NULL,0),(36,NULL,'788348','2015-10-16 13:29:23','consultation_platform',NULL,1,0,1,0,'Me parece una idea excelente y agregaría algo mas al proyecto, concienciar al peatón la forma y el sistema de cruces, teniendo en cuenta que a nuestra gente le gusta cruzar entre vehículos a la mitad de las veredas y no en las esquinas. Debemos crear conciencia sobre esto también, así se evitarían muchos accidentes.','http://vozyvoto.ideascale.com/a/dtd/788348-37217','idea',1,0,0,31,9,3,6,NULL,21,1,NULL,0),(37,NULL,'787813','2015-10-13 20:11:04','consultation_platform',NULL,1,0,1,0,'Cuales son los barrios que actualmente presentan este problema de \'invasión\' de edificios en construcción sin estudio ambiental y urbanistico. Cómo pueden participar los vecinos en la aprobación de estos cambios de relevancia en el entorno?','http://vozyvoto.ideascale.com/a/dtd/787813-37217','idea',1,0,0,27,13,3,6,NULL,20,1,NULL,0),(38,NULL,'787342','2015-10-09 21:50:09','consultation_platform',NULL,1,0,1,0,'Asuncion si tiene un Plan de Desarrollo Urbano y Ambiental y un Plan Regulador que probablemente no se respeta por  los vecinos y tampoco las autoridades municipales ejercen el suficiente control','http://vozyvoto.ideascale.com/a/dtd/787342-37217','idea',0,0,0,32,13,3,6,NULL,20,1,NULL,0),(39,NULL,'787812','2015-10-13 20:08:44','consultation_platform',NULL,1,0,1,0,'Y qué se debería hacer para que el Plan Regulador se respete? Hay varios barrios donde veo pasacalles que piden: No a edificios corporativos o edificios de altura. ','http://vozyvoto.ideascale.com/a/dtd/787812-37217','comment',0,0,0,27,13,3,6,38,NULL,1,NULL,0),(40,NULL,'787770','2015-10-13 15:53:14','consultation_platform',NULL,1,0,1,0,'Hoy al llegar a Choferes y E. Ayala se pone en rojo el semaforo del giro a la izquierda como estaba en verde para continuar derecho, avancé hasta la calle Patri, giro a la derecha en Riquelme y retomo E. Ayala al cruzar nuevamente por Choferes continuaba esperando su turno el Ford Festiva para girar a la izquierda. Comprobé que si ya existe la opción asfaltada para evitar el giro a la izquierda y que encima es mas rápido. Falta que la Municipalidad ponga carteles y CASO CERRADO.','http://vozyvoto.ideascale.com/a/dtd/787770-37217','idea',0,0,0,17,9,3,6,NULL,16,1,NULL,0),(41,NULL,'787362','2015-10-10 01:07:52','consultation_platform',NULL,1,0,1,0,'Interesante ...','http://vozyvoto.ideascale.com/a/dtd/787362-37217','idea',0,0,0,33,10,3,6,NULL,19,1,NULL,0),(42,NULL,'787341','2015-10-09 21:46:19','consultation_platform',NULL,1,0,1,0,'Para que tenga resultados la educacion vial se debe completar la deficiente señalizacion vial y tambien deben existir patrones nacionales o internacionales para el diseño de la misma...cada esquina tiene una rampa diferente de acceso para impedidos fisicos y de repente esa rampa esta interrumpida por una columna semaforica que imposibilta su uso','http://vozyvoto.ideascale.com/a/dtd/787341-37217','idea',0,0,0,32,13,3,6,NULL,17,1,NULL,0),(43,NULL,'786980','2015-10-07 22:44:35','consultation_platform',NULL,1,0,1,0,'Esto sería un verdadero sueño hecho realidad, y no es demasiado difícil de lograr. Basta simplemente hacer un buen trazado y luego señalizar adecuadamente. Con eso ya tenemos bici sendas. Por supuesto, hay también inversión en infraestructura que se necesita: estacionamientos para bicicletas, carriles especiales y separados en algunas calles principales, algún sistema de bicicletas compartidas para incentivar el pedaleo ciudadano, etc. \r\n\r\nPor otro lado, debo confesar algo (mi foto de perfil me delata): yo en realidad soy luqueño :-). Y eso me lleva a decir que a este idea le tiene que acompañar un plan más ambicioso de ciclovías inter-ciudades, que puede comenzar conecando la capital con Luque. Sería un sueño poder agarrar mi bici en el centro de Luque y pedalear ininterrumpidamente, con seguridad, hasta el centro de asunción, y de ahí recorrer todo el centro en bici. Pueden parecer muchos kilómetros, pero si existe una buena infraestructura, la gente rápidamente se va a dar cuenta de que no es demasiado y se van a animar a pedalear más. \r\n\r\nLa ciclovía inter-ciudad podría ir en paralelo a la vieja vía del tren, intersectando con la costanera cerca del centro. Tener algo así sería un sueño hecho realidad. ','http://vozyvoto.ideascale.com/a/dtd/786980-37217','idea',0,0,0,19,9,3,NULL,NULL,10,1,NULL,0),(44,NULL,'787048','2015-10-08 14:51:48','consultation_platform',NULL,1,0,1,0,'Cirsthian, está adjunto en pdf el proyecto de Ordenanza actualmente en estudio. Estoy viendo si consigo una versión más amigable. Saludos! Excelentes tus aportes!','http://vozyvoto.ideascale.com/a/dtd/787048-37217','comment',2,0,0,27,9,3,NULL,43,NULL,1,NULL,0),(45,NULL,'787047','2015-10-08 14:31:49','consultation_platform',NULL,1,0,1,0,'En realidad no está tan lejos de cumplirse. Hace algunas semanas la bancada de actuales concejales de Patria Querida presentó un proyecto de bicisendas trabajado con ciclistas, el cual se encuentra en estudio en la Junta Municipal. Justamente, también se pensó que era fundamental conectar las ciudades, por lo tanto invitaron al lanzamiento a los concejales y candidatos a concejales de las ciudades aledañas: Luque, Lambaré, Fernando de la Mora. Voy a tratar de subir una copia de la ordenanza. Creo que sería bueno exponerla a las personas para que puedan opinar y eventualmente sugerir mejoras al proyecto.','http://vozyvoto.ideascale.com/a/dtd/787047-37217','idea',1,0,0,27,9,3,NULL,NULL,10,1,NULL,0),(46,NULL,NULL,'2015-10-07 22:36:39','consultation_platform',NULL,0,0,0,1,'Verdad que sí? Sería interesante ver el tipo de cultura que va surgiendo una vez que este tipo de procesos se institucionalicen, y los ciudadanos tengan la oportunidad de desarrollar sus ideas con posibilidades de ejecución real. En Portugal, donde me tocó participar de cerca en uno, se nota como la gente se siente distinta cuando tiene este tipo de oportunidades, como que le toman un cariño especial a su ciudad y al mismo tiempo ganan un mejor entendimiento de lo que implica preparar un proyecto y hacerlo realidad... ','http://vozyvoto.ideascale.com/a/dtd/786978-37217','idea',1,0,0,19,7,3,NULL,NULL,18,1,NULL,0),(47,NULL,'786976','2015-10-07 22:27:35','consultation_platform',NULL,1,0,1,0,'Excelente idea! ','http://vozyvoto.ideascale.com/a/dtd/786976-37217','idea',1,0,0,14,7,3,6,NULL,18,1,NULL,0),(48,NULL,'786913','2015-10-07 15:54:28','consultation_platform',NULL,1,0,1,0,'Me gusta esta idea. Creo que sería una gran solución. Además complementaría con encausadores para giros en los encausadores que tienen paseos centrales, de manera que las avenidas donde sí se puede girar, que el que gira ocupe el encausador, en lugar de obstruir la circulación. El encausador va permitir que el conductor tenga visibilidad de los vehículos que vienen, y no va ser obstruido por vehículos que también quieran realizar un giro en dirección contraria.','http://vozyvoto.ideascale.com/a/dtd/786913-37217','idea',1,0,0,27,9,3,NULL,NULL,16,1,NULL,0),(49,NULL,'789048','2015-10-21 15:54:10','consultation_platform',NULL,1,0,1,0,'Muy importante!!!!!! Se deberia sugerir si no se puede ordenar, que todos plantemos arboles en nuestras veredas. Asuncion seria mas verde, mas saludable y mas hermosa.','http://vozyvoto.ideascale.com/a/dtd/789048-37217','idea',0,0,0,16,7,3,6,NULL,25,1,NULL,0),(50,NULL,'789049','2015-10-21 15:58:11','consultation_platform',NULL,1,0,1,0,'Esta me parece una de las mejores ideas, ya que en Paraguay se necesita muchisimo del reciclaje y comenzar a clasificar nuestras basuras','http://vozyvoto.ideascale.com/a/dtd/789049-37217','idea',0,0,0,55,10,3,6,NULL,19,1,NULL,0),(51,NULL,'789052','2015-10-21 16:37:52','consultation_platform',NULL,1,0,1,0,'Super interesante esta propuesta y sería bueno implementarla buscando temas/ situaciones que caracterizan a nuestro país, de esta manera en el exterior nos diferenciarán y valoraran nuestra cultura.\r\nNo vivo en Paraguay y justamente me percate que no necesariamente debemos tener algo majestuoso para promovernos y hacernos conocer, con cosas simples como dice la idea en otros países se hace mucho.','http://vozyvoto.ideascale.com/a/dtd/789052-37217','idea',0,0,0,26,13,3,4,NULL,29,1,NULL,0),(52,NULL,'789069','2015-10-21 19:42:05','consultation_platform',NULL,1,0,1,0,'Está buena la idea en serio. Se te ocurre una calle específica, de tu barrio por ejemplo, donde se pueda aplicar? Lo ideal sería darle cuerpo como proyecto, es decir, tal calle tiene potencial para convertirse en un corredor por tal y tal motivo... No se, capaz pensar en alguna calle ancha con un paseo central que no esté tan arborizado y donde se puedan plantar estos arbolitos pensando en que se convierta en el corredor. ','http://vozyvoto.ideascale.com/a/dtd/789069-37217','idea',0,0,0,27,8,3,6,NULL,31,1,NULL,0),(53,NULL,'789072','2015-10-21 20:02:29','consultation_platform',NULL,1,0,1,0,'El proyecto actualmente se encuentra en estudio en la Junta Municipal, y se puede descargar en este enlace: \r\n\r\nhttp://vozyvoto.ideascale.com/a/idea/22990/download\r\n\r\nEstaría bueno escuchar aportes, comentarios, sugerencias...','http://vozyvoto.ideascale.com/a/dtd/789072-37217','idea',0,0,0,27,9,3,6,NULL,10,1,NULL,0),(54,NULL,'789078','2015-10-21 20:16:34','consultation_platform',NULL,1,0,1,0,'Es un lugar que esta completamente pelado y solo concreto y nada mas hay por Eusebio Ayala\r\n','http://vozyvoto.ideascale.com/a/dtd/789078-37217','idea',0,0,0,56,8,3,6,NULL,31,1,NULL,0),(55,NULL,'789077','2015-10-21 20:15:27','consultation_platform',NULL,1,0,1,0,'El paseo central de Eusebio Ayala podria ser un lugar con el beneficio plus que es una de las entradas a la ciudad\r\n','http://vozyvoto.ideascale.com/a/dtd/789077-37217','idea',0,0,0,56,8,3,6,NULL,31,1,NULL,0),(56,NULL,'789087','2015-10-21 21:56:35','consultation_platform',NULL,1,0,1,0,'Excelente propuesta!\r\n Y si sumamos los mercados municaples con una red de nodos de comercio mas autóctono y variado Es una linda propuesta que puede ayudar a recuperar y a la vez  fortalecer las tradición culturales de los mercados de Asunción. La valorizacion de los saberes populares son parte de un proceso de fortalecimiento de la identidad.\r\nLos clásicos del centro asunceno en los dias especiales  como Karai Octubre, San Juan, o el desayuno en el Mercado de la calle Yegros y muchas excusas más.\r\nMuchas posibilidades y oportunidades de impactar.\r\nRecuperar costumbres y fortalecer las fuentes de trabajo con identidad asuncena!!\r\n','http://vozyvoto.ideascale.com/a/dtd/789087-37217','idea',0,0,0,16,11,3,6,NULL,34,1,NULL,0),(57,NULL,'789088','2015-10-21 22:09:58','consultation_platform',NULL,1,0,1,0,'La intención de la propuesta es buena pero le faltaria tener presente aspectos como \r\nla recarga de las napas freaticas - materiales alternativos absorbentes y mucho diseño cretividad para resolver cada situación particular. \r\nComo exprese en la idea que precede: Deberian agregar un estímulo a la utilizaciòn de veredas con pavimento absorventes para contener parte de los raudales superficiales con franjas verdes.\r\nLos paseos centrales tienen el mismo tratamiento sellado que los pavimentos . Los pobres arboles y la jardineria estan como asfixiados. \r\nLas calzadas tambien podrian tener franjas de pavimento absorvente tipo empedrado adyacente al cordón de la vereda y combinaciones de verde (por ej. la calle san Roque Gonzalez de Santa Cruz en el tramo entre Pacheco y Campos Cervera)c ombinado con franjas de pavimento liso tambien absorvente. Hay numerosos materiales innovadores y alternativos con esta propiedad.\r\n','http://vozyvoto.ideascale.com/a/dtd/789088-37217','idea',0,0,0,16,13,3,6,NULL,28,1,NULL,0),(58,NULL,NULL,'2015-10-22 00:38:15','consultation_platform',NULL,0,0,0,1,'ahora empezaron las obras en el mercado 4. con apoyo de Itaipu ..creo que finalizan en marzo del 2016 ....no se si ha de tener nomas todo eso :) https://www.youtube.com/watch?v=yRZBssGVpBw','http://vozyvoto.ideascale.com/a/dtd/789092-37217','idea',0,0,0,24,11,3,6,NULL,34,1,NULL,0),(59,NULL,'789098','2015-10-22 03:04:29','consultation_platform',NULL,1,0,1,0,'Es muy buena esta idea. ','http://vozyvoto.ideascale.com/a/dtd/789098-37217','idea',0,0,0,16,11,3,6,NULL,34,1,NULL,0),(60,NULL,'789097','2015-10-22 03:03:00','consultation_platform',NULL,1,0,1,0,'A mi me parece que esta idea es viable y aplicable en todos y cualquier barrio donde no existen arboles en las veredas. Deberia hacerse una campaña (u ordenanza municipal) para que todos los dueños de viviendas y o edificios planten en sus veredas al menos un arbol. Si es de lapacho amarillo mejor porque hermosearian muchisimo la ciudad ademas de proveer oxigeno y calmar los terribles calores del verano asunceno.','http://vozyvoto.ideascale.com/a/dtd/789097-37217','idea',0,0,0,16,8,3,6,NULL,31,1,NULL,0),(61,NULL,'789149','2015-10-22 15:48:12','consultation_platform',NULL,1,0,1,0,'el tema es que en Eusebio Ayala está prevista la construcción de los carriles de Metrobus. Y qué otra calle podría hacer? Algo más inmediato que se pueda usar como plan piloto? Las inmediaciones del Banco Central por ejemplo, o la calle EEUU entre 5ta y 8va por ahi?','http://vozyvoto.ideascale.com/a/dtd/789149-37217','comment',0,0,0,27,8,3,6,55,NULL,1,NULL,0),(62,NULL,'789156','2015-10-22 15:54:56','consultation_platform',NULL,1,0,1,0,'El tema de plantar en la vereda es delicado, por el riesgo de que se planten en forma desordenada, atentando contra la regulación existente para la construcción de veredas inclusivas. Se tiene que prever un control para que eso no pase. Por eso mi sugerencia era que sea como plan piloto en el paseo central de alguna calle.','http://vozyvoto.ideascale.com/a/dtd/789156-37217','comment',0,0,0,27,8,3,6,60,NULL,1,NULL,0),(63,NULL,NULL,'2015-10-22 15:58:35','consultation_platform',NULL,0,0,0,1,'Y si se puede preguntar: cuál fue el argumento de Evanhy para rechazar la iniciativa? ','http://vozyvoto.ideascale.com/a/dtd/789159-37217','idea',0,0,0,19,7,3,14,NULL,18,1,NULL,0),(64,NULL,NULL,'2015-10-22 15:58:01','consultation_platform',NULL,0,0,0,1,'Realmente, el presupuesto participativo es un proceso muy interesante y no se requiere demasiado para implementarlo. Se podría empezar con un porcentaje muy pequeño del presupuesto municipal, o inclusive, se podría llevar a cabo de manera focalizada en algunas comunidades o escuelas. En California, siguiendo el ejemplo de ciudades como Vancouver o de la región de Poitou-Charentes en Francia, algunos districtos escolares distribuyen su presupuesto a través de un proceso donde involucran a los padres, profesores y alumnos... Imagínate el impacto que tendría algo así en la distribución de los fondos del Fonacide?. ','http://vozyvoto.ideascale.com/a/dtd/789157-37217','idea',0,0,0,19,7,3,14,NULL,18,1,NULL,0),(65,NULL,NULL,'2015-10-22 16:44:39','social_network',NULL,0,0,0,1,'Seria muy bueno aplicarlo en los fondos del Fonacide',NULL,'comment',0,0,0,59,7,3,NULL,64,NULL,NULL,2,0),(66,NULL,'789171','2015-10-22 17:43:40','consultation_platform',NULL,1,0,1,0,'Podria ser algun tramo de Artigas? que tambien esta pelada si la memoria no me falla','http://vozyvoto.ideascale.com/a/dtd/789171-37217','idea',0,0,0,56,8,3,NULL,NULL,31,1,NULL,0),(67,NULL,'789175','2015-10-22 18:07:29','consultation_platform',NULL,1,0,1,0,'cierto!! Artigas, antes de volverse angosta es bien triste.. sería bueno tener una foto para ver mejor. Si paso por ahí trato de quitar una para subir. ','http://vozyvoto.ideascale.com/a/dtd/789175-37217','comment',0,0,0,27,8,3,6,66,NULL,1,NULL,0),(68,NULL,'789179','2015-10-22 18:33:40','consultation_platform',NULL,1,0,1,0,'El reciclaje puede ser una actividad muy lucrativa, de hecho, creo que además de generar conciencia, es importante verlo como un negocio interesante, ya sea para los ciudadanos y los beneficios que puedan obtener gracias al reciclaje, como para las demás personas involucradas en las demás etapas del reciclaje (gancheros, empresas acopiadoras, recicladoras, etc.)','http://vozyvoto.ideascale.com/a/dtd/789179-37217','idea',0,0,0,27,10,3,6,NULL,19,1,NULL,0),(71,NULL,NULL,'2015-10-25 18:05:06','social_network',NULL,0,1,0,1,'Brillante idea. Innovadora y no dificil de aplicarla.',NULL,'idea',1,0,0,70,11,3,NULL,NULL,34,NULL,2,0),(69,NULL,'789382','2015-10-24 11:07:44','consultation_platform',NULL,1,0,1,0,'Pmbserrano justo en Bogotà los domingos se convierten avenidas principales en exclusivas de bicis.. creo que eso mismo se podria empezar a probar por acà.. asi uniriamos la idea de Guada con la propuestade Seba V.','http://vozyvoto.ideascale.com/a/dtd/789382-37217','comment',0,0,0,52,9,3,6,30,NULL,1,NULL,0),(70,NULL,NULL,'2015-10-25 01:45:18','consultation_platform',NULL,0,0,0,1,'hay muchos cuerpos de agua que pueden recuperarse tambien. Varias lagunas: cara cara, laguna cateura,,','http://vozyvoto.ideascale.com/a/dtd/789422-37217','idea',0,0,0,24,13,3,6,NULL,29,1,NULL,0),(72,NULL,NULL,'2015-10-25 18:03:38','social_network',NULL,0,0,0,1,'Sumamente interesante y de facil implementacion.',NULL,'idea',0,0,0,70,7,3,NULL,NULL,25,NULL,2,0),(73,NULL,NULL,'2015-10-26 12:36:22','social_network',NULL,0,0,0,1,'Hace mucha falta en Asunción!!!!',NULL,'idea',0,0,0,74,7,3,NULL,NULL,25,NULL,2,0),(74,NULL,NULL,'2015-10-26 17:37:25','social_network',NULL,0,1,0,1,'Este es un caso de presupuestos participativos en una escuela de Vancouver, en Canadá. Tal vez sea difícil aplicarlo a todos los fondos del FONACIDE, pero ciertamente puede ser aplicado a un porcentaje del mismo, permitiendo que los estudiantes lo vivan como una experiencia de educación cívica: https://www.tni.org/en/archives/act/3969#5',NULL,'comment',1,0,0,61,7,3,NULL,64,NULL,NULL,2,0),(75,NULL,NULL,'2015-10-26 17:37:29','social_network',NULL,0,0,0,1,'https://www.tni.org/en/archives/act/3969#5',NULL,'comment',0,0,0,61,7,3,NULL,64,NULL,NULL,2,0),(76,NULL,NULL,'2015-10-26 17:57:08','consultation_platform',NULL,0,0,0,1,'Aunque en inglés, este reporte, que se hace eco de un estudio del Banco Interamericano de Desarrollo, destaca cómo, y en que condiciones, procesos de participación ciudadana en las decisiones sobre el presupuesto pública ayuda a incrementar los ingresos por impuestos de una ciudad y a canalizar mejor los fondos hacia prioridades para los ciudadanos: http://smartcitiescouncil.com/article/can-more-citizen-engagement-increase-city-revenues ','http://vozyvoto.ideascale.com/a/dtd/789592-37217','idea',0,0,0,19,7,3,14,NULL,18,1,NULL,0),(86,'1660981797480845','789811','2015-10-28 20:02:51','social_network',NULL,0,1,1,1,'La Ordenanza de Basura Cero para Asunción está vigente desde el año pasado, sin embargo no tiene aplicación efectiva. El proyecto original presentado por los Concejales de Patria Querida, preveía fijar plazos en la misma ordenanza para la reducción gradual de la basura destinada a vertederos, a través de diferentes estrategias (educación, separación en origen y recolección diferenciada,  reducción, reciclaje, reutilización, etc). La ordenanza finalmente aprobada no establece plazos y porcentajes en la misma ordenanza pero sí dice que el Intendente al inicio de su periodo deberá establecer dichas metas. Escuhé varios debates de los candidatos a intendentes, y si bien las propuestas de Meyer son las más cercanas a lo establecido en la Ordenanza de Basura Cero, ningún candidato está hablando de estos plazos y metas, que están obligados a informar apenas al asumir como Intendentes.',NULL,'idea',2,0,1,65,10,3,NULL,NULL,43,NULL,2,1),(77,NULL,NULL,'2015-10-26 18:18:29','social_network',NULL,0,0,0,1,'Por alguna razón, el link no se copió a la página de IdeaScale, así que pruebo de vuelta: https://www.tni.org/en/archives/act/3969',NULL,'comment',0,0,0,61,7,3,NULL,64,NULL,NULL,2,0),(78,NULL,'789625','2015-10-26 21:38:38','consultation_platform',NULL,1,0,1,0,'Me gusta la idea. También se podría hacer en otros mercados mas chicos de Asunción, la versión de los mercados en donde hasta donde se puede degustar algunos de los productos. No se si la gente se sumará a la degustación, pero seria replicar lo que se viene haciendo en el agroshopping, pero en estos lugares mas grandes.\r\n','http://vozyvoto.ideascale.com/a/dtd/789625-37217','idea',0,0,0,80,11,3,11,NULL,34,1,NULL,0),(79,NULL,'789626','2015-10-26 21:44:15','consultation_platform',NULL,1,0,1,0,'Seba inclusive esto se pueden ver con empresas grandes, industria y construccion, que destinen x tiempo de su gente en formar a un grupo de gente. Al final esto ayuda tambien a que las empresas tengan un pool de personas cualificadas a la hora de que exista demanda. \r\n\r\nOtra cosa que se puede hacer, no se si desde Asuncion (ya debe ser estado), pero que veo que en varios paises se da, es que se bonifica con ciertos descuentos en seguridad social o lo que sea a las empresas que brindan formacion a los sectores con mas riesgo exclusion social. Entiendo que se debería hacer varios cálculos de viabilidad, pero ahi va la idea. \r\n','http://vozyvoto.ideascale.com/a/dtd/789626-37217','idea',0,0,0,80,13,3,11,NULL,24,1,NULL,0),(80,NULL,'789627','2015-10-26 21:55:41','consultation_platform',NULL,1,0,1,0,'A esto podriamos agregarle que exista un abono mensual? \r\n\r\nTener que subirse a los buses, pagar, esperar el ticket y el vueto, genera riesgo (porque el chofer sigue manejando mientras hace todo esto) o retrasa el trafico cada vez mas. \r\n\r\nComo el boleto estudiantil pero para diferentes sectores, menores, estudiantes, tercera edad, etc. Seguro ya se penso, pero seria bueno pensarlo','http://vozyvoto.ideascale.com/a/dtd/789627-37217','idea',0,0,0,80,9,3,11,NULL,35,1,NULL,0),(81,NULL,'789653','2015-10-27 11:30:04','consultation_platform',NULL,1,0,1,0,'Se podría mirar el modelo de Buenos Aires del plan de reciclado es sencillo y es una de las mejores ideas que leí hasta ahora','http://vozyvoto.ideascale.com/a/dtd/789653-37217','idea',0,0,0,84,10,3,6,NULL,19,1,NULL,0),(82,NULL,'789652','2015-10-27 11:27:46','consultation_platform',NULL,1,0,1,0,'Me encanta la idea es cuestión de aprovechar las reformas que se están realizando en el mercado ','http://vozyvoto.ideascale.com/a/dtd/789652-37217','idea',0,0,0,84,11,3,6,NULL,34,1,NULL,0),(83,NULL,'789658','2015-10-27 12:33:01','consultation_platform',NULL,1,0,1,0,'Me parece super interesante la propuesta, considerando sólo el punto 1 \"Conservación de plazas, paseos y jardines públicos\" si se pone en práctica sería una forma de volver a revitalizar la vida de comunidad, al tener espacios comunes donde la gente del barrio pueda llevar a sus hijos a jugar, dar un paseo con sus mascotas, etc generando no sólo un barrio más lindo sino también seguridad y compromiso por mantener algo que les pertenece.','http://vozyvoto.ideascale.com/a/dtd/789658-37217','idea',0,0,0,58,8,3,4,NULL,38,1,NULL,0),(84,NULL,'789694','2015-10-27 17:46:26','consultation_platform',NULL,1,0,1,0,'\r\nComo ciudadanos deberíamos organizarnos para lograr el soterramiento de los cables, empezando por las zonas turísticas.\r\nA la \"ciudad sin cables\" le agregaría la publicidad aérea que ensucian la ciudad tanto para los que la visitan como para los que vivimos en ella.','http://vozyvoto.ideascale.com/a/dtd/789694-37217','idea',0,0,0,87,13,3,6,NULL,39,1,NULL,0),(85,NULL,'789725','2015-10-28 02:16:47','consultation_platform',NULL,1,0,1,0,'Tambien se tiene que tecuperar las plazas usurpadas...algunas ya con juicios de desalojo iniciados....pero que no tienen seguimiento','http://vozyvoto.ideascale.com/a/dtd/789725-37217','idea',0,0,0,32,8,3,6,NULL,38,1,NULL,0),(87,'1660985900813768','789812','2015-10-28 20:20:37','social_network',NULL,0,1,1,1,'Creo importante también mencionar que la separación en origen (basura orgánica e inorgánica y ésta a su vez en reciclable,  no reciclable, peligrosa o tóxica, voluminosa, etc.) es muy importante, pero como medida aislada no sirve de mucho. Debe complementarse con la recolección diferenciada por parte del Municipio, los centros de reciclaje (para la basura reciclable) y de compostaje (para la basura orgánica), con el consiguiente  mejoramiento de salubridad y calidad de vida para los actuales recicladores. Y, no está tampoco de más, mencionar, que la incineración de los desechos (como en algún momento lo quiso plantear el Intendente Samaniego), no es una opción medioambientalmente sostenible , y por lo tanto no es compatible con la filosofía de Basura Cero.',NULL,'idea',1,0,0,65,10,3,NULL,NULL,43,NULL,2,1),(88,NULL,NULL,'2015-10-29 01:30:51','social_network',NULL,0,0,0,1,'hola...ya se reglamento la ordenanza Basura cero por medio de una resolucion creo q 386 de febrero 2015.',NULL,'idea',0,0,0,60,10,3,NULL,NULL,43,NULL,2,0),(89,'1661036747475350','789822','2015-10-29 01:32:56','social_network',NULL,0,0,1,1,'ya se reglamento la ordenanza Basura cero por medio de una resolucion creo q 386 de febrero 2015. pero cuesta conseguir ...todavia no socializan mucho parece. Yo lei y m resulto medio confusa',NULL,'comment',0,0,0,60,10,3,NULL,86,NULL,NULL,2,1),(90,NULL,'789866','2015-10-29 15:15:47','consultation_platform',NULL,1,0,1,0,'En la medida que los vecinos se organicen es posible hacer frente a los abusos...','http://vozyvoto.ideascale.com/a/dtd/789866-37217','idea',0,0,0,32,13,3,8,NULL,20,1,NULL,0),(91,NULL,'789898','2015-10-29 21:40:59','consultation_platform',NULL,1,0,1,0,'Muy bien. A mi criterio, deberian empezar a multar a los que tiran basura en las calles por las ventanas de los vehiculos y ómnibus hasta que se tome conciencia de que la calle no es un basurero además no cuesta nada colocar dentro de los vehiculos una bolsa para juntar los residuos.','http://vozyvoto.ideascale.com/a/dtd/789898-37217','idea',0,0,0,16,10,3,6,NULL,45,1,NULL,0),(92,NULL,'789996','2015-10-30 17:24:56','consultation_platform',NULL,1,0,1,0,'Estoy de acuerdo con esta idea, pero además de personas voluntarias o empresas, contar con basureros también puede provenir de iniciativas de colegios, universidades, movimientos como actividad para crear conciencia del cuidado del ambiente y educación cívica. Sin embargo, creo es una obligación de la Municipalidad de dotar de contenedores de basura en espacios públicos: parques, plazas, calles, centros comerciales, paradas de bus, espacios turísticos, etc. y multar a las personas/empresas que estén arrojando basura en estos espacios. Cualquier sitio público sin la limpieza adecuada termina siendo un lugar peligroso, desagradable y finalmente las personas dejan de frecuentarlo por no tener el saneamiento adecuado, por lo que también se debe prever contar con los RRHH para la limpieza de estas áreas. Toda iniciativa en este ámbito debe ir acompañado de mucha educación, se podría tomar como ejemplo las campañas de NoCoTuBa (es la que yo conozco)','http://vozyvoto.ideascale.com/a/dtd/789996-37217','idea',0,0,0,101,10,3,NULL,NULL,32,1,NULL,0),(93,NULL,'790065','2015-10-30 23:43:36','consultation_platform',NULL,1,0,1,0,'La basura clasificada se vende, pero la desordenada se paga para que lo retiren. Bien encarado podría ser negocio para las comisiones vecinales para los proyectos del barrio. Como vecino, mi cuota sería 10 botellas de vidrio, 20 kg de tetra apretado, 2 kg de aluminio, 5 kg de botellas pet, y asi... cada item tiene su destino y su valor.','http://vozyvoto.ideascale.com/a/dtd/790065-37217','idea',0,0,0,17,10,3,5,NULL,43,1,NULL,0),(94,NULL,NULL,'2015-11-01 00:29:02','social_network',NULL,0,1,0,1,'Me gusta la idea de un espacio con árboles frutales y que los turistas puedan arrancar frutas.. Aparte eso fomentaría que una gran cantidad de especies de aves habite espacios dentro de la ciudad!! ????????????????????????',NULL,'idea',0,0,0,103,13,3,NULL,NULL,29,NULL,2,0),(95,NULL,NULL,'2015-11-04 14:28:00','social_network',NULL,0,1,0,1,'veo que el  unico candidato que habla de municipalizar el transporte publico es el Arq. Meyer para mi el mejor candidato!',NULL,'idea',0,0,0,104,9,3,NULL,NULL,48,NULL,2,0),(96,NULL,'793674','2015-11-16 16:48:02','consultation_platform',NULL,1,0,1,0,'Yo apoyo esta propuesta y creo que se podría sacar una ordenanza que obligue a todos los negocios, con acceso directo a las veredas, a que tengan un pequeño basurero en la entrada misma del negocio. ','http://vozyvoto.ideascale.com/a/dtd/793674-37217','idea',0,0,0,113,10,3,10,NULL,32,1,NULL,0),(97,'1662727043972987','795626','2015-11-04 14:28:00','social_network',NULL,0,0,1,1,'veo que el  unico candidato que habla de municipalizar el transporte publico es el Arq. Meyer para mi el mejor candidato!',NULL,'idea',0,0,0,104,9,3,NULL,NULL,52,NULL,2,1),(98,NULL,NULL,'2015-11-01 13:12:07','social_network',NULL,0,0,0,1,'Buena idea! como se podría trabajar más en detalle puntualmente en las ideas que listaste? Sería bueno ver la aplicabilidad a nivel municipal. Si tenes ejemplos de otros países sería excelente! gracias por el aporte!\n\n----\n[Votos: 0]\nDesde: IdeaScale',NULL,'idea',0,0,0,107,13,3,NULL,NULL,53,NULL,2,0),(99,NULL,NULL,'2015-10-25 02:02:24','social_network',NULL,0,0,0,1,'hay muchos cuerpos de agua que pueden recuperarse tambien. Varias lagunas: cara cara, laguna cateura,,\n\n----\n[Votos: 0]\nDesde: IdeaScale',NULL,'idea',1,0,0,60,13,3,NULL,NULL,55,NULL,2,0),(100,'1661792060733152','795624','2015-11-01 00:29:02','social_network',NULL,0,1,1,1,'Me gusta la idea de un espacio con árboles frutales y que los turistas puedan arrancar frutas.. Aparte eso fomentaría que una gran cantidad de especies de aves habite espacios dentro de la ciudad!! ????????????????????????',NULL,'idea',0,0,0,103,13,3,NULL,NULL,55,NULL,2,1),(101,NULL,NULL,'2015-10-21 13:32:40','consultation_platform',NULL,0,0,0,1,'esto se complementaria con el Plan maestro de arbolado urbano, reglamentacion de canteros y en el caso del centro colocacion de basureros por lo menos 1 por cuadra.','http://vozyvoto.ideascale.com/a/dtd/789029-37217','idea',0,0,0,24,9,3,6,NULL,21,1,NULL,0),(102,NULL,NULL,'2015-10-07 22:36:39','consultation_platform',NULL,0,0,0,1,'Verdad que sí? Sería interesante ver el tipo de cultura que va surgiendo una vez que este tipo de procesos se institucionalicen, y los ciudadanos tengan la oportunidad de desarrollar sus ideas con posibilidades de ejecución real. En Portugal, donde me tocó participar de cerca en uno, se nota como la gente se siente distinta cuando tiene este tipo de oportunidades, como que le toman un cariño especial a su ciudad y al mismo tiempo ganan un mejor entendimiento de lo que implica preparar un proyecto y hacerlo realidad... ','http://vozyvoto.ideascale.com/a/dtd/786978-37217','idea',1,0,0,19,7,3,NULL,NULL,18,1,NULL,0),(107,NULL,'795623','2015-11-25 18:00:08','consultation_platform',NULL,1,0,1,0,'hay muchos cuerpos de agua que pueden recuperarse tambien. Varias lagunas: cara cara, laguna cateura,, ---- [Votos: 0] Desde: IdeaScale \nAutor: Lili Fleitas (Facebook)','http://vozyvoto.ideascale.com/a/dtd/795623-37217','idea',0,0,0,12,13,3,15,NULL,55,1,NULL,0),(103,NULL,NULL,'2015-10-22 00:38:15','consultation_platform',NULL,0,0,0,1,'ahora empezaron las obras en el mercado 4. con apoyo de Itaipu ..creo que finalizan en marzo del 2016 ....no se si ha de tener nomas todo eso :) https://www.youtube.com/watch?v=yRZBssGVpBw','http://vozyvoto.ideascale.com/a/dtd/789092-37217','idea',0,0,0,24,11,3,6,NULL,34,1,NULL,0),(104,NULL,NULL,'2015-10-22 15:58:35','consultation_platform',NULL,0,0,0,1,'Y si se puede preguntar: cuál fue el argumento de Evanhy para rechazar la iniciativa? ','http://vozyvoto.ideascale.com/a/dtd/789159-37217','idea',0,0,0,19,7,3,14,NULL,18,1,NULL,0),(105,NULL,NULL,'2015-10-22 15:58:01','consultation_platform',NULL,0,0,0,1,'Realmente, el presupuesto participativo es un proceso muy interesante y no se requiere demasiado para implementarlo. Se podría empezar con un porcentaje muy pequeño del presupuesto municipal, o inclusive, se podría llevar a cabo de manera focalizada en algunas comunidades o escuelas. En California, siguiendo el ejemplo de ciudades como Vancouver o de la región de Poitou-Charentes en Francia, algunos districtos escolares distribuyen su presupuesto a través de un proceso donde involucran a los padres, profesores y alumnos... Imagínate el impacto que tendría algo así en la distribución de los fondos del Fonacide?. ','http://vozyvoto.ideascale.com/a/dtd/789157-37217','idea',0,0,0,19,7,3,14,NULL,18,1,NULL,0),(106,NULL,NULL,'2015-10-26 17:57:08','consultation_platform',NULL,0,0,0,1,'Aunque en inglés, este reporte, que se hace eco de un estudio del Banco Interamericano de Desarrollo, destaca cómo, y en que condiciones, procesos de participación ciudadana en las decisiones sobre el presupuesto pública ayuda a incrementar los ingresos por impuestos de una ciudad y a canalizar mejor los fondos hacia prioridades para los ciudadanos: http://smartcitiescouncil.com/article/can-more-citizen-engagement-increase-city-revenues ','http://vozyvoto.ideascale.com/a/dtd/789592-37217','idea',0,0,0,19,7,3,14,NULL,18,1,NULL,0),(108,NULL,'795625','2015-11-25 18:00:39','consultation_platform',NULL,1,0,1,0,'Buena idea! como se podría trabajar más en detalle puntualmente en las ideas que listaste? Sería bueno ver la aplicabilidad a nivel municipal. Si tenes ejemplos de otros países sería excelente! gracias por el aporte! ---- [Votos: 0] Desde: IdeaScale \nAutor: Carlos Sebastian Garcia (Facebook)','http://vozyvoto.ideascale.com/a/dtd/795625-37217','idea',0,0,0,12,13,3,15,NULL,53,1,NULL,0),(109,NULL,'796303','2015-12-01 13:12:17','consultation_platform',NULL,1,0,1,0,'Hola como podemos conversar mas personalmente de este tema, Cristian mandame un mail y nos ponemos en contacto, svillarejo@hotmail.com\r\n\r\nAbrazos','http://vozyvoto.ideascale.com/a/dtd/796303-37217','idea',0,0,0,30,7,3,6,NULL,58,1,NULL,0),(110,NULL,'796302','2015-12-01 13:09:50','consultation_platform',NULL,1,1,1,0,'Hola a todos, esta es una idea que tenemos que trabajar, pues fieles a nuestro compromiso también es de la mas votadas en la plataforma, en breve formaremos un equipo de trabajo y quienes deseen trabajar mas que invitados. Un abrazo!','http://vozyvoto.ideascale.com/a/dtd/796302-37217','idea',1,0,0,30,10,3,6,NULL,19,1,NULL,0),(111,NULL,'796309','2015-12-01 13:23:44','consultation_platform',NULL,1,0,1,0,'Excelente, y que les parece si los amarillos son los elegidos para plantar, para hacer contraste con el verde y el asfalto de la zona?','http://vozyvoto.ideascale.com/a/dtd/796309-37217','idea',0,0,0,56,8,3,NULL,NULL,31,1,NULL,0),(112,NULL,'796308','2015-12-01 13:20:06','consultation_platform',NULL,1,0,1,0,'Costanera? Es más, podemos trabajar esto como equipo, consiguiendo los árboles','http://vozyvoto.ideascale.com/a/dtd/796308-37217','idea',0,0,0,30,8,3,6,NULL,31,1,NULL,0),(113,NULL,'796305','2015-12-01 13:14:43','consultation_platform',NULL,1,0,1,0,'Tenemos que ver como elegir y trabajar principalmente unos cuantos barrios de Asunción: Reestructurar San Jerónimo, Mercado 4, ver un \"chinatown\", punta carapá, etc, en términos de turismo es clave generar eso. Abrazos','http://vozyvoto.ideascale.com/a/dtd/796305-37217','idea',0,0,0,30,11,3,6,NULL,57,1,NULL,0),(114,NULL,'796312','2015-12-01 14:07:33','consultation_platform',NULL,1,0,1,0,'Excelente idea!! en campaña me subí a algunos \"micros\" y luego de unas palabras ataba bolsas de basura adelante y atrás y les pedía que no tiren a la calle la basura. Deberíamos hablar no solo en la municipalidad sino con Setama mismo para que solicite ello a las lineas nacionales. Recordá que en Asunción solo 6 lineas urbanas a cargo de la Municipalidad existen. Abrazos','http://vozyvoto.ideascale.com/a/dtd/796312-37217','idea',0,0,0,30,10,3,6,NULL,51,1,NULL,0),(115,NULL,'796311','2015-12-01 14:05:38','consultation_platform',NULL,1,0,1,0,'Hola Marcos, el tema del transporte es muy complejo, te comento algunos detalles sueltos (comparto tus opiniones):\r\n\r\n1. De Asunción solo dependen 6 líneas urbanas de transporte, por lo que aunque se haga la municipalización de igual manera tendremos el mismo problema pues es un tema nacional (Setama, etc).\r\n\r\n2. Esas líneas de transporte aunque sean privadas, debe ser cambiado el modelo, pues así como decís, al ser empresarios ellos no van en todos los horarios y en los lugares donde hay poca gente, quedan desiertas algunas licitaciones por ejemplo. El modelo debe ser el pago por recorrido, entonces lo que se licita no es solo una itinerario sino también una frecuencia, el empresario no debe depender de la cantidad de pasajeros.\r\n\r\n3. El metrobús es solo una idea de solución para un troncal de Asunción, existen otros 6 que deben tener proyectos al respecto de transporte masivo.\r\n\r\n4. El Gobierno central tiene entre sus proyectos el tren \"cercanías\", ojalá no lo deje de lado porque el gobierno municipal no es del mismo color. \r\n\r\nSigamos conversando. Abrazos','http://vozyvoto.ideascale.com/a/dtd/796311-37217','idea',0,0,0,30,9,3,6,NULL,52,1,NULL,0),(116,NULL,'796658','2015-12-02 15:20:00','consultation_platform',NULL,1,0,1,0,'Que bueno Seba!genial iniciativa!!! Me sumaria con mucho gusto pero actualmente aun no vivo en Paraguay. Estare unos dias  a mediados de diciembre,si queres lo charlamos, Muchos Exitos!!!','http://vozyvoto.ideascale.com/a/dtd/796658-37217','idea',0,0,0,20,10,3,8,NULL,19,1,NULL,0);
/*!40000 ALTER TABLE `app_comment` ENABLE KEYS */;
UNLOCK TABLES;

--
-- Table structure for table `app_consultationplatform`
--

DROP TABLE IF EXISTS `app_consultationplatform`;
/*!40101 SET @saved_cs_client     = @@character_set_client */;
/*!40101 SET character_set_client = utf8 */;
CREATE TABLE `app_consultationplatform` (
  `id` int(11) NOT NULL AUTO_INCREMENT,
  `name` varchar(50) NOT NULL,
  `url` varchar(200) DEFAULT NULL,
  `connector_id` int(11) NOT NULL,
  PRIMARY KEY (`id`),
  UNIQUE KEY `connector_id` (`connector_id`)
) ENGINE=MyISAM AUTO_INCREMENT=2 DEFAULT CHARSET=latin1;
/*!40101 SET character_set_client = @saved_cs_client */;

--
-- Dumping data for table `app_consultationplatform`
--

LOCK TABLES `app_consultationplatform` WRITE;
/*!40000 ALTER TABLE `app_consultationplatform` DISABLE KEYS */;
INSERT INTO `app_consultationplatform` VALUES (1,'IdeaScale','http://www.ideascale.com',1);
/*!40000 ALTER TABLE `app_consultationplatform` ENABLE KEYS */;
UNLOCK TABLES;

--
-- Table structure for table `app_idea`
--

DROP TABLE IF EXISTS `app_idea`;
/*!40101 SET @saved_cs_client     = @@character_set_client */;
/*!40101 SET character_set_client = utf8 */;
CREATE TABLE `app_idea` (
  `id` int(11) NOT NULL AUTO_INCREMENT,
  `sn_id` varchar(100) DEFAULT NULL,
  `cp_id` varchar(100) DEFAULT NULL,
  `datetime` datetime DEFAULT NULL,
  `source` varchar(50) NOT NULL,
  `payload` longtext,
  `is_new` tinyint(1) NOT NULL,
  `has_changed` tinyint(1) NOT NULL,
  `exist_cp` tinyint(1) DEFAULT NULL,
  `sync` tinyint(1) NOT NULL,
  `title` varchar(255) DEFAULT NULL,
  `text` longtext NOT NULL,
  `url` varchar(200) DEFAULT NULL,
  `re_posts` int(11) NOT NULL,
  `bookmarks` int(11) NOT NULL,
  `positive_votes` int(11) NOT NULL,
  `negative_votes` int(11) NOT NULL,
  `comments` int(11) NOT NULL,
  `author_id` int(11) NOT NULL,
  `campaign_id` int(11) NOT NULL,
  `initiative_id` int(11) NOT NULL,
  `location_id` int(11) DEFAULT NULL,
  `source_consultation_id` int(11) DEFAULT NULL,
  `source_social_id` int(11) DEFAULT NULL,
  `exist_sn` tinyint(1) NOT NULL,
  PRIMARY KEY (`id`),
  KEY `app_idea_4f331e2f` (`author_id`),
  KEY `app_idea_f14acec3` (`campaign_id`),
  KEY `app_idea_4d350b0d` (`initiative_id`),
  KEY `app_idea_e274a5da` (`location_id`),
  KEY `app_idea_90a434b5` (`source_consultation_id`),
  KEY `app_idea_0493904f` (`source_social_id`)
) ENGINE=MyISAM AUTO_INCREMENT=67 DEFAULT CHARSET=latin1;
/*!40101 SET character_set_client = @saved_cs_client */;

--
-- Dumping data for table `app_idea`
--

LOCK TABLES `app_idea` WRITE;
/*!40000 ALTER TABLE `app_idea` DISABLE KEYS */;
INSERT INTO `app_idea` VALUES (14,NULL,'786804','2015-10-07 03:30:16','consultation_platform',NULL,1,1,1,0,'Puesto de Información Turística en la Costanera','Debería existir un puesto de información en la costanera que pueda guiar a turistas y a ciudadanos locales acerca de actividades, lugares de interés y servicios disponibles en los alrededores. Ej: edificios históricos, paseos por la bahía, paradas de taxi cercanas, entre otros..','http://vozyvoto.ideascale.com/a/dtd/786804-37217',0,0,11,0,1,13,13,3,5,1,NULL,0),(13,NULL,'786802','2015-10-07 03:28:30','consultation_platform',NULL,1,1,1,0,'Soportes de hamacas Pyas.','Mi propuesta consiste en que en las plazas de Asunción la junta municipal ponga soportes para hamacas Paraguayas y que los Asuncenos podamos acudir a disfrutar de los espacios públicos de una manera bien tradicional, y podamos compartir como buenos paraguayos y afirmarnos en nuestras costumbres, obviamente acompañado de un rico terere. ','http://vozyvoto.ideascale.com/a/dtd/786802-37217',0,0,8,0,2,15,7,3,6,1,NULL,0),(12,NULL,'786801','2015-10-07 03:22:40','consultation_platform',NULL,1,1,1,0,'P.M.T de Élite ','Buscar una Policía Municipal de tránsito de élite, que esté mejor posicionada, mejor pagada, con prestigio y \"honor\"','http://vozyvoto.ideascale.com/a/dtd/786801-37217',0,0,13,0,1,14,8,3,6,1,NULL,0),(11,NULL,'786799','2015-10-07 03:20:11','consultation_platform',NULL,1,1,1,0,'Reunión de Comisiones Vecinales','Mi idea es que una o dos veces al año exista una reunión, congreso, asamblea o algún acontecimiento donde participen todos los representantes de los distintos barrios, se conozcan, compartan ideas y puedan trabajar en proyectos para Asunción.','http://vozyvoto.ideascale.com/a/dtd/786799-37217',0,0,6,0,2,13,7,3,5,1,NULL,0),(10,NULL,'776111','2015-08-16 17:35:17','consultation_platform',NULL,1,1,1,0,'Bici sendas','La bicicleta es un excelente medio alternativo de transporte que debe ser más fuertemente promovido y apoyado mediante la creación de bici sendas que conecten diversas partes de la ciudad. ','http://vozyvoto.ideascale.com/a/dtd/776111-37217',0,0,25,0,5,12,9,3,4,1,NULL,0),(15,NULL,'786923','2015-10-07 16:26:52','consultation_platform',NULL,1,1,1,0,'Asuncion libre','Limitar y controlar la colocacion de carteles publicitarios y de caracter politico, para evitar la degradacion de la imagen de la ciudad','http://vozyvoto.ideascale.com/a/dtd/786923-37217',0,0,21,0,4,16,8,3,6,1,NULL,0),(16,NULL,'786875','2015-10-07 14:37:03','consultation_platform',NULL,1,1,1,0,'Prohibición de giro a la izquierda en avenidas principales.','Prohibir el giro a la izquierda en las avenidas principales. Asfaltar las calles que sean necesarias para encausar al conductor en la calle transversal que se quiere tomar y poner los carteles que te indiquen como hacerlo.','http://vozyvoto.ideascale.com/a/dtd/786875-37217',0,0,14,0,3,17,9,3,7,1,NULL,0),(17,NULL,'786956','2015-10-07 19:48:25','consultation_platform',NULL,1,1,1,0,'Educación Vial','Viendo la cantidad de cartelería que tiene la municipalidad y la cantidad de minutos que paga en televisión y radio en propaganda de logros del intendente de turno, sería bueno que ese dinero se pague en cartelería y promoción de la educación vial. La no obstrucción de las \"bocacalles\", la prohibición de estacionamiento en doble fila o cerca de las esquinas. La utilización del \"pica pica\" como permiso para hacer lo que se me antoja. Son faltas que aunque parezcan insignificantes son las que provocan la molestia de los demás conductores y un stress innecesario en todos nosotros.','http://vozyvoto.ideascale.com/a/dtd/786956-37217',0,0,11,0,2,18,13,3,6,1,NULL,0),(18,NULL,NULL,'2015-10-07 21:21:14','consultation_platform',NULL,0,0,0,1,'Presupuesto Participativo: proyectos ideados por asuncenos ','Que pasaría si los ciudadanos pudieran no solo decidir directamente, sino también proyectar en que gastar parte del presupuesto municipal?. De eso se trata el presupuesto participativo, un proceso inicialmente desarrollado en Brasil, a finales de los 80, que hoy se practica en más de 1500 ciudades del mundo. \n\nAunque cada proceso es diferente, en líneas generales se resume en lo que sigue: los ciudadanos generan ideas y luego las convierten en propuestas concretas (generalmente, con la ayuda de voluntarios), la ciudadanía vota, y la municipalidad implementa los proyectos más votados.\n\nLos presupuestos participativos no solo le dan a la ciudadanía un espacio directo de participación, sino que abren paso a toda una nueva dinámica de participación ciudadana que de a poco mejora el ejercicio de la democracia en donde se aplica. Es un proceso que impulsa y educa en la cultura de la participación. \n\nPara que sea efectivo, el proceso no solo tienen que ser consultivo, sino que precisa ser \"deliberativo\": la decisión de los ciudadanos debe ser vinculante. La municipalidad debe comprometer un porcentaje de su presupuesto (por ejemplo, el 5% en Lisboa, Portugal) para la ejecución de los proyectos ganadores. \n\nPara saber más sobre el proceso, adjunto algunos documentos preparados por una organización sin fines de lucro, basada en los Estados Unidos, que promueve y ayuda a implementar este tipo de procesos. \n\nTambién adjunto una foto de un taller de generación de ideas en el que tuve la oportunidad de participar, para el presupuesto participativo de la ciudad de Cascais, en Portugal.\n\nY si le gustan los videos, aquí uno que explica el proceso  (con subtítulos en español): \nhttps://vimeo.com/107121298 \n\nHagamos que Asunción tenga su presupuesto participativo, y después, por qué no, todo el Paraguay!','http://vozyvoto.ideascale.com/a/dtd/786973-37217',0,0,16,0,9,19,7,3,NULL,1,NULL,0),(19,NULL,'787144','2015-10-09 00:04:23','consultation_platform',NULL,1,1,1,0,'RECICLAJE ya!','Implementar de manera efectiva y eficaz la distribución adecuada de los residuos, el reciclado. Como? Primero separando por colores los residuos ( orgánicos, inorgánicos) , la municipalidad podría encargarse de otorgar o vender estas bolsas de colores. Y luego mandarlas a una planta de reciclado, o venderlas a otras empresas que re utilicen la basura. Consiguientemente, los contribuyentes que cumplan con la adecuada separación de residuos recibiran un descuento en sus impuestos... por ej> 5% anual... o lo que fuere. A su vez, se debería armar un plan piloto para instruir a los ninhos mas pequenhos ,en las escuelas/jardines a separar la basura, instalando tachos de basuras de distintos colores, inculcandoles desde los primeros anhos de vida s la importancia de cuidar el medio ambiente, el premio puede ser simplemente una felicitacion o carita feliz.  Capacitar a maestros para esto o bien, algun personal municipal que se encargue de esto.','http://vozyvoto.ideascale.com/a/dtd/787144-37217',0,0,27,0,8,20,10,3,8,1,NULL,0),(20,NULL,'787275','2015-10-09 17:15:18','consultation_platform',NULL,1,1,1,0,'NO a edificios en barrios residenciales','Asuncion no cuenta con un proyecto de panificacion; hoy en dia los barrios residenciales estan siendo \"invadidos\" por edificios sin siquiera ir acompañado de un estudio ambiental y urbanistico. \nPROTEJAMOS a los Barrios Residenciales y a su historia!!','http://vozyvoto.ideascale.com/a/dtd/787275-37217',0,0,18,0,5,21,13,3,6,1,NULL,0),(21,NULL,NULL,'2015-10-15 12:19:15','consultation_platform',NULL,0,0,0,1,'Da gusto caminar por Asuncion ','Actualmente caminar por Asuncion es una tarea difícil. Para cruzar calles hay que esquivar vehículos y esperar semáforos (si los hay) o que algún alma solidaria te dé paso. Por otro lado, las veredas (si las hay) están la mayoría en muy mal estado u obstruidas de alguna manera. \n\nEsta idea busca crear un proyecto llamado \"Da gusto caminar por Asuncion\" dinde se creen cruces peatonales dando prioridad al peatón, veredas transitables y generar conciencia de la caminata como un método de transporte saludable que reduzca el tráfico vehicular y la polución.','http://vozyvoto.ideascale.com/a/dtd/788136-37217',0,0,17,0,4,22,9,3,6,1,NULL,0),(22,NULL,'788338','2015-10-16 11:16:48','consultation_platform',NULL,1,1,1,0,'Veredas en buenas condiciones','Caminar por Asunción a veces puede ser una tarea complicada. \nEs por ello que el Municipio debería controlar/monitorear el estado de las veredas de los vecinos, y eventualmente, aplicar una multa a aquellos que no tienen en condiciones sus veredas.','http://vozyvoto.ideascale.com/a/dtd/788338-37217',0,0,12,0,2,16,13,3,6,1,NULL,0),(23,NULL,'788417','2015-10-16 18:05:21','consultation_platform',NULL,1,1,1,0,'Un \"dia sin carro\" en Asunción, sería posible?','En Bogota, una vez al año existe lo que se llama \"el día sin carro\", en la cual nigun vehiculo particular puede circular por la calle, en un horario de 6 de la mañana a 6 de la tarde. Todas las avenidas se convierten en bicisendas y calles para caminar.. Es una medida por un lado ecológica, y por otro fuerza a todas las personas a utilizar medios alternativos, ya sea montándose al sistema de transporte publico o caminando o bicicleta. Bogota es una ciudad mucho mas grande que Asunción y todas las personas llegan a su trabajo y estudio... ¿sería imposible hacerlo en Asunción?','http://vozyvoto.ideascale.com/a/dtd/788417-37217',0,0,7,0,4,23,9,3,9,1,NULL,0),(24,NULL,NULL,'2015-10-18 13:27:37','consultation_platform',NULL,0,0,0,1,'Escuelas de oficio municipales en barrios pobres','En los barrios mas pobres,(Santa Ana, Roberto L Pettit entreotros)  muchos jovenes dejan el colegio y notienen para seguir la universidad, pero no tienen alternativas como escuelas de oficios. El unico centro de capaacitcion es SNPP y LA eSC CARLOS a lOPEZ que se sencuentran en oznas mas alejadas de estos barrios. La propuesta es crear estos centros en estos barrios donde se enseñe por ej; plomeria, electricidad, carpinteria,refrigerascion,entreotros.incluso puede ser a travez de un convenio con SNPP','http://vozyvoto.ideascale.com/a/dtd/788661-37217',0,0,9,0,2,24,13,3,6,1,NULL,0),(25,NULL,NULL,'2015-10-18 12:40:59','consultation_platform',NULL,0,0,0,1,'Nueva ordenanza de arborizacion yplan maestro de arbolado urbano','Teniendo en cuenta las altas temperaturas en el verano en el Pais, se hace necesario una neva ordenanza, ya que la se se cuenta es de hace mas de 50 años. En la misma se tediran; la obligatoriedad de la plantacion de por lo menos un arbol en ccada vereda. Ademas teniendo en cuenta que hay veredas muy angostas assi como muy anchas, la aorborizacion debe ser conforme a un plan maestro de arbolado urbanocomo existe en otros paises: E·sto es, sila vereda es angosta, se tendrian que plantar arboles mastipo arbussto y si es ancha el plan indicaria que especies se pueden plantar. Ademas se tendria que normalizar el tipo de canteros autilizar, . Tendrian que ser tales que no obstaculicen','http://vozyvoto.ideascale.com/a/dtd/788656-37217',0,0,11,0,5,24,7,3,6,1,NULL,0),(26,NULL,'788919','2015-10-20 13:07:35','consultation_platform',NULL,1,1,1,0,'Servicios de vigilancia con CROWDSOURCING','Brevemente, (lo habia leido que lo usan en Londres) y por mas que parezca futurista (no lo es), si la Municipalidad de Asuncion pone camaras de vigilancia en sitios importantes, y da accesso a las personas a que denuncien hechos que puedan ir viendo que van surgiendo tramite crowdsourcing (pagando cifras minimas) por cada informacion valida, se podria crear un espacio de denuncia ciudadana, que sirva como complemento a la tarea de seguridad de la ciudad, reduciendo costos y creando trabajos para personas que no lo tengan. Esta misma plataforma podria tramite una applicacion que los ciudadanos informen del trafico por ejemplo, y que sean los propios ciudadanos quienes tramite contribuciones en modalidad crowdsourced ofrezcan servicios gratuitos a las municipalidades','http://vozyvoto.ideascale.com/a/dtd/788919-37217',0,0,3,0,0,16,9,3,10,1,NULL,0),(27,NULL,NULL,'2015-10-20 16:11:40','consultation_platform',NULL,0,0,0,1,'Proyectos sociales en España','Viviendo aquí hace un año, es muy interesante analizar los problemas tanto en España como en Europa en general, dado que el tratado de la UE busca homologar soluciones a problemas sociales en todos los países de la UE. Algunos que me interesaron fueron:\n- Inserción laboral de mayores de 45 y formación continua.\n- Apoyo de clubes de futbol a los adictos a las drogas.\n- Formación básica y universitaria a reclusos en prisión. \n- Buscadores de empleo (app para móviles).\n- Buscadores de Masters y Cursos internacionales (app para móviles).\n\nSon los que recuerdo, seguro que los proyectos están publicados. Muy interesante la iniciativa.','http://vozyvoto.ideascale.com/a/dtd/788938-37217',0,0,3,0,1,25,13,3,11,1,NULL,0),(28,NULL,'789036','2015-10-21 14:04:45','consultation_platform',NULL,1,1,1,0,'Veredas de Hormigón','Algo que siempre salta a la vista en varias zonas de Asunción  es estado calamitoso de las veredas; \nPodemos analizar el problema en varios frentes:\n-Falta de estandarización e incumplimiento de las normas de construcción\n-Falta de mantenimiento\n-Altos costes de reparación\n-Los   propietarios  de las edificaciones  en la mayor parte de los casos son los únicos responsables  del  tramo de vereda que le corresponde, haciendo que el control de los ítems mencionados anteriormente sea bastante difícil e  ineficiente. \n-Las lluvias de gran intensidad típicas de nuestra región  generan raudales que con el paso del tiempo van erosionando y terminan por desprender las baldosas.\n\nLas veredas de hormigón están en todas las grandes ciudades del mundo y permiten unificar criterios sobre el estilo de ciudad que se quiere, además de abaratar los costos \n-Son más resistentes\n-Se construyen con mayor rapidez \n-Tienen mejor accesibilidad  \n-Son fáciles de mantener y reconstruir\n-Facilitan la implementación de ciclovías\n\nMuchos dirán que este tipo de aceras dará un aspecto más monótono y lúgubre a la ciudad si nos ponemos a comparar con la amplia gama de diseños y colores que nos ofrecen las baldosas   y concuerdo en este punto.\nMi propuesta no es la de  sustituir enteramente todas las aceras de la ciudad por bloques de hormigón, pero me parece una opción bastante interesante por ejemplo para:\n-Zonas vulnerables a los agentes externos llámese raudales,  vibraciones  etc.\n -Zonas comerciales y con grandes afluencias de peatones, me vienen a la mente por ejemplo  la  Avenida Eusebio Ayala, Avenida Artigas, la zona del mercado  etc .\n-Zonas residenciales con amplios espacios verdes, (jardines frontales, cordones de césped) que ayuden a mitigar la monotonía del cemento.\nPor último sería interesante coordinar esta propuesta con otras labores de infraestructura pendientes, como por ejemplo los cableados subterráneos.','http://vozyvoto.ideascale.com/a/dtd/789036-37217',0,0,9,0,1,36,13,3,13,1,NULL,0),(29,NULL,NULL,'2015-10-21 14:16:40','consultation_platform',NULL,0,0,0,1,'Nuevos lugares turisticos-paseo del terere-plaza de los mangos','Cuando uno viaja a otro pais, le gusta ir a ver cualquier cosa que en su pais no  puede ver normalmente. Por ej en una Ciudad Japonesa se paga 20 U$ para ir a ver media cuadra de plantacion de flores de cosmos.o manzanas o cerezos..Seria importante ir implementando sobre todo en Asuncion lugares con cosas que a nosotros puede parecernos simples pero para los turistas es algo novedoso: ej Plaza o paseo de la yerba mate, donde la la gente vea todo lo relacionado al terere.pueda arrancar la menta etc... O algun paseo donde puedan arrancarse naranjos, mangos de las mismas plantas..( en otros paises salen hasta 5 U$).Se imaginan hacer del arroyo ferreira algo parecido a Xochimilco de Mexico?.....es igual de ancho el canal.','http://vozyvoto.ideascale.com/a/dtd/789037-37217',0,0,5,0,3,24,13,3,6,1,NULL,0),(30,NULL,'789046','2015-10-21 15:28:17','consultation_platform',NULL,1,1,1,0,'Ordenar el trafico en horas pico','Debido al incremeto de vehiculos que circulan diariamente por las calles de Asuncion ademas de los miles que entran y salen a la ciudad cada dia, la Municipalidad podria implementar por ejemplo un sistema como se hace en muchas ciudades de otros paises por el cual se establece que las avenidas principales y calles que tienen cuatro carriles como Mcal. Lopez por ejemplo a las horas pico dejen tres carriles para circular en la direccion de mayor trafico vehicular (hacia el centro) y uno para venir de hacia el centro y viceversa.\nEsto podria lograrse estableciendo horarios, ayudaria a que el flujo vehicular sea mas ordenado en horas pico evitando el estres, el caos y reduciendo el tiempo de acceso y salida del microcentro hasta tanto se tengan otras soluciones mas de fondo.','http://vozyvoto.ideascale.com/a/dtd/789046-37217',0,0,11,0,0,16,9,3,6,1,NULL,0),(31,NULL,'789050','2015-10-21 16:19:41','consultation_platform',NULL,1,1,1,0,'Corredores de Lapacho por Barrio','Una forma de darle una identidad a los diversos barrios seria crear corredores de Lapachos en puntos estrategicos de cada barrio y a la vez conectarlos con otros barrios, Ej. Las Mercedes, barrio de los lapachos amarillos\nDe hecho esta no es una idea desconocida en nuestro pais, la ciudad de Nueva Italia (Depto. Central) la aplico como se puede ver en la foto que va adjunta a esta propuesta','http://vozyvoto.ideascale.com/a/dtd/789050-37217',0,0,11,0,10,56,8,3,NULL,1,NULL,0),(32,NULL,'789070','2015-10-21 19:54:16','consultation_platform',NULL,1,1,1,0,'UNA ASUNCIÓN MAS ORGANIZADA EN RESIDUOS','El problema que prácticamente nadie toma en cuenta es que en la calle esta muy pocos basureros que se encuentren a disposición para tirar los residuos, lo que obliga al ciudadano a arrojar su basura en las calles, ensuciando la ciudad. \nLa propuesta consiste en la opción de que el ciudadano o las empresas, en zonas comerciales, coloquen a disposición de los transeúntes basureros donde se puedan arrojar la basura. En recompensa de que el ciudadano o empresa coloque dichos basureros, el municipio puede hacer un descuento o dar cierta exoneracion a aquellos que han colocado uno. De esta manera, el municipio ahorrara mucho mas al año en mantenimiento y aseo urbano amortiguando de esa manera la caída de los ingresos ocasionada por el descuento o exoneracion. Ademas de ahorrarse en problemas que causan las basuras que tapan los sistemas de alcantarillado.','http://vozyvoto.ideascale.com/a/dtd/789070-37217',0,0,9,0,2,57,10,3,6,1,NULL,0),(33,NULL,NULL,'2015-10-21 20:53:06','consultation_platform',NULL,1,0,0,0,'Mercado 4 como atractivo turístico','Conocí el mercado municipal de la ciudad de Estambul, Turquía y me llamó la atención lo bien organizado que estaban los más de 30.000 m2 que abarca el predio, en donde uno puede encontrar los diversos productos agrupados por sectores, por ejemplo hay calles donde encontras los productos de orfebrería, calles destinadas a la venta de tapicería, entonces uno al ingresar se fija en el mapa dispuesto en cada entrada y ubica el área de lo que está buscando.\n\nY no sólo la organización sino también la pulcritud del lugar, a pesar de ser un lugar muy concurrido todo el día, no sólo por clientes sino también para la carga y descarga de mercaderías, en el mercado se notaba la limpieza en todas partes.\n\nMi propuesta es adaptar este sistema al mercado 4 de la ciudad de Asunción con el fin de convertirlo en un punto de turismo para los visitantes, hacerlo atractivo fomentando no sólo la posibilidad de conseguir buenos productos a precios accesibles sino también la oportunidad de interactuar con parte de nuestra cultura.','http://vozyvoto.ideascale.com/a/dtd/789081-37217',0,0,0,0,0,26,11,3,4,1,NULL,0),(34,NULL,NULL,'2015-10-21 21:27:26','consultation_platform',NULL,0,0,0,1,'Mercado 4 como atractivo turístico','Conocí el mercado municipal de la ciudad de Estambul, Turquía y me llamó la atención lo bien organizado que estaban los más de 30.000 m2 que abarca el predio, en donde uno puede encontrar los diversos productos agrupados por sectores, por ejemplo hay calles donde encontras los productos de orfebrería, calles destinadas a la venta de tapicería, entonces uno al ingresar se fija en el mapa dispuesto en cada entrada y ubica el área de lo que está buscando.\n\nY no sólo la organización sino también la pulcritud del lugar, a pesar de ser un lugar muy concurrido todo el día, no sólo por clientes sino también para la carga y descarga de mercaderías, en el mercado se notaba la limpieza en todas partes.\n\nMi propuesta es adaptar este sistema al mercado 4 de la ciudad de Asunción con el fin de convertirlo en un punto de turismo para los visitantes, hacerlo atractivo fomentando no sólo la posibilidad de conseguir buenos productos a precios accesibles sino también la oportunidad de interactuar con parte de nuestra cultura.','http://vozyvoto.ideascale.com/a/dtd/789083-37217',0,0,14,0,6,58,11,3,4,1,NULL,0),(35,NULL,'789158','2015-10-22 15:58:01','consultation_platform',NULL,1,1,1,0,'Controlar que los omnibus paren en los puntos asignados','Quienes conducimos por las calles de Asunción nos encontramos a diario con omnibus que paran en los semáforos,  en cualquier esquina o lugar no asignado como parada sin respetar las establecidas por la Municipalidad y mucho menos a los conductores de otros vehiculos que repentinamente y de golpe se ven obligados a frenar porque al chofer del omnibus se le ocurre o antoja parar para subir o bajar pasajeros.\nEsto es una falta de respeto total a los reglamentos u ordenanzas municipales y a los conductores que circulan por las calles. Ademas constituye un peligro constante para conductores y tambien para los pasajeros de los omnibus que son depositados en forma arbitraria en cualquier punto segun el criterio o comodidad del chofer. Genera caos y desorden en el trafico que de por si ya esta bastante insoportable.\nLa Municipalidad deberia tomar medidas y multar a los choferes de omnibus o dueños de las empresas de transporte público que actúan de esta manera. \nLos pasajeros deben tomar conciencia y respetar los lugares de paradas y no parar el omnibus en cualquier punto..\nEl respeto a las normas y regulaciones vigentes es un deber ciudadano y su cumplimiento debe ser velado por las autoridades con penas y/o multas a quienes las ignoren o violen.','http://vozyvoto.ideascale.com/a/dtd/789158-37217',0,0,14,0,1,16,9,3,6,1,NULL,0),(36,NULL,'789381','2015-10-24 11:03:55','consultation_platform',NULL,1,1,1,0,'Mejor control de la polución vehicular','¿Aire contaminado, 500 veces más que el máximo permitido por la Organización mundial de la Salud (OMS)?\n\nDebido al gran crecimiento del parque automotor de Asunción y los escasos controles efectivos de las condiciones de estos vehículos, los niveles de polución en el ambiente superan ampliamente los niveles máximos permitidos por la Organización Mundial de la Salud (OMS). En un articulo de ABC Color del 2014 (http://goo.gl/MuLYqg y http://goo.gl/yZxlsz), se habla de que los niveles de polución son de mas de 500 veces el nivel máximo establecido por la OMS, incluyendo gases severamente tóxicos para la salud como ser el dióxido de azufre (SO2) y óxido de nitrógeno (NOx), ambos resultantes de la combustión del Diesel y otros combustibles. Y no es ninguna sorpresa que los vehículos del transporte público sean uno de los mayores causantes de dicha polución.\n\nLos efectos de la salud de estos gases tóxicos han sido ampliamente estudiados y comprobados. Y los riesgos se aplican no solo a los residentes en Asunción, sino también a todas aquellas personas provenientes de otras ciudades que se desempeñan en sus actividades cotidianas en Asunción.\n\nComo primera medida, esta propuesta se enfoca en mejorar el monitoreo de los niveles de polución de la ciudad para comprender mejor la dinámica del fenómeno. No se pueden establecer políticas ni medidas concretas si no se tiene una evaluación cuantitativa y cualitativa del fenómeno.  \n\nEl segundo paso sería revisar y establecer las normas comunales que permitan llevar a la ciudad a los niveles máximos establecidos por la OMS. Y en cuanto a políticas existen varios ejemplos a tomar en consideración de diferentes ciudades del mundo:\n1) las zonas y horarios de tráfico limitado,\n2) reducción de la circulación del parque automotor (por ejemplo, por terminación de números de chapas),\n3) fomentación del uso de medios de transportes menos contaminantes (bicicletas, vehículos de transporte eléctrico, etc.). \n\nFinalmente, una vez establecidas las políticas y normas comunales, establecer los controles pertinentes para reforzar el cumplimiento de las mismas. Y esto involucra principalmente a la Policía Municipal de Tránsito en colaboración con la Secretaría del Ambiente (SEAM).\n\nSi no se toman medidas inmediatas de corto, mediano y largo plazo, este fenómeno no va hacer otra cosa que ir empeorando. Más aun considerando las actuales obras viales en zonas estratégicas de entrada a la ciudad, que van a fomentar el incremento del parque automotor. \n\n(fuente de la imagen: wikipedia.org)','http://vozyvoto.ideascale.com/a/dtd/789381-37217',0,0,9,0,0,67,7,3,16,1,NULL,0),(37,NULL,'789623','2015-10-26 21:00:35','consultation_platform',NULL,1,1,1,0,'carriles de giro a la izquierda','Instalar carriles de giros a la izquierda en puntos determinados de calles y avenidas. Mediante marcacion con pintura . Anulando todo giro a la izq.  En. Los demás puntos. Esto agiliza el trafico y ofrece mayor dinamismo.','http://vozyvoto.ideascale.com/a/dtd/789623-37217',0,0,3,0,0,16,13,3,6,1,NULL,0),(38,NULL,'789635','2015-10-27 00:42:46','consultation_platform',NULL,1,1,1,0,'Servicios vs tasas e impuestos','Es necesario que en el presupuesto se asignen efectivamente  a obras en los barrios lo que se recauda en concepto \n1. Conservacion de plazas ,paseos y jardines publicos\n2. Limpieza en la via publica\n3. Contribucion especial por conservacion del pavimento\nY que todo esto sea verificable por los vecinos.....','http://vozyvoto.ideascale.com/a/dtd/789635-37217',0,0,4,0,2,32,8,3,6,1,NULL,0),(39,NULL,'789650','2015-10-27 09:57:29','consultation_platform',NULL,1,1,1,0,'ASUNCIÓN SIN CABLES','Que lindo seria mirar hacia arriba y poder ver el cielo, las copas de los árboles y/o edificios sin tener  que ver un montón de cables (cada vez hay más) que poluyen la visual además de representar un permanente peligro.\nLa Municipalidad podria llevar adelante un proyecto de socavar los cables aéreos en forma paulatina comenzando por ejemplo por el microcentro y las avenidas y calles principales hasta llegar a tener en un tiempo una Asunción sin cables.','http://vozyvoto.ideascale.com/a/dtd/789650-37217',0,0,6,0,1,16,13,3,6,1,NULL,0),(42,NULL,'789782','2015-10-28 18:07:23','consultation_platform',NULL,1,1,1,0,'INSTALACIÓN DE BAÑOS AUTOLIMPIANTES EN LUGARES PÚBLICOS ','Es de suma importancia y una necesidad que la Municialidad instale baños públicos (autolimpiantes) en plazas, parques, la Costanera, incluso en el microcentro y otros lugares públicos donde hay mucha afluencia de personas que frecuentan y/o visitan esos lugares.\nHoy en dia existen baños móviles autolimpiantes que cada vez que son usados, se limpian automáticamente antes de que la siguiente persona pueda ingresar. Esto permite que los baños estén siempre higienicamente mantenidos y limpios sin necesidad de que haya una persona permanentemente  haciendo esta limpieza. Además no requieren de mucha infraestructura, no ocupan demasiado espacio y son estéticamente bastante lindos','http://vozyvoto.ideascale.com/a/dtd/789782-37217',0,0,4,0,0,16,13,3,6,1,NULL,0),(40,NULL,'789656','2015-10-27 11:43:24','consultation_platform',NULL,1,1,1,0,'educar a través de los medios de comunicación ','Utilizar los medios para enseñar por ejemplo donde arrojar la basura, respetar la franja peatonal en los semáforos, el daño que produce el contrabando, etc, así los niños comenzarán a reclamarles a los mayores ya que los padres no les enseñan. Gracias','http://vozyvoto.ideascale.com/a/dtd/789656-37217',0,0,5,0,0,86,8,3,6,1,NULL,0),(41,NULL,'789677','2015-10-27 15:26:49','consultation_platform',NULL,1,1,1,0,'PASAJES DE ÓMNIBUS: TARJETAS EN VEZ DE BILLETES','Seria muy interesante que la Municipalidad juntamente con las empresas de transporte público implementasen un sistema de tarjetas magnéticas recargables para el pago de los pasajes/boletos. Esto facilitaria a  las personas que se movlizan en ómnibus todos los dias quienes no tendrÍan  necesidad de utilizar dinero y/o monedas cada vez que suban a un ómnibus.\nEste sistema que existe en casi todos los paises del mundo contribuye también a transparentar, tener un mejor control y a ordenar el sistema de transporte público además de mejorar el servicio que este presta a la ciudadanía.','http://vozyvoto.ideascale.com/a/dtd/789677-37217',0,0,4,0,0,16,9,3,6,1,NULL,0),(43,'1655519178027107_1660971527481872','789810','2015-10-28 19:44:32','social_network',NULL,0,0,1,1,'','#basuracero Creo que es hora que sean implementadas medidas para clasificar las basuras. es realmente muy importante la diferenciacion (vidrios/cartones/organicos/embalajes u otro) ya que permite mecanismos mas eficientes de recoleccion, a mas del obvio aporte a la mejora de la calidad de vida y el ambiente. Creo que al menos un plan piloto deberia ser implementado.','https://www.facebook.com/1655519178027107/posts/1660971527481872',0,0,10,0,2,77,10,3,NULL,NULL,2,1),(44,NULL,NULL,'2015-10-29 18:14:37','consultation_platform',NULL,0,0,0,1,'Obligacion de uso de basureros en los autos','Una de las formas en que las personas arrojan desechos a las calles es desde los autos. Por lo tanto como una forma de educar,  seria que asi como es obligacion tener matafuegos etc, sea obligatorio tener el basurerito ( el que se coloca por el cambio) asi seria mas facil el proceso','http://vozyvoto.ideascale.com/a/dtd/789887-37217',0,0,8,0,0,24,10,3,6,1,NULL,0),(45,NULL,NULL,'2015-10-29 18:13:29','consultation_platform',NULL,0,0,0,1,'Obligacion de uso de basureros en los autos','Una de las formas en que las personas arrojan desechos a las calles es desde los autos. Por lo tanto como una forma de educar,  seria que asi como es obligacion tener matafuegos etc, sea obligatorio tener el basurerito ( el que se coloca por el cambio) asi seria mas facil el proceso','http://vozyvoto.ideascale.com/a/dtd/789885-37217',0,0,0,0,1,24,10,3,6,1,NULL,0),(46,NULL,NULL,'2015-10-29 18:13:29','consultation_platform',NULL,0,0,0,1,'Obligacion de uso de basureros en los autos','Una de las formas en que las personas arrojan desechos a las calles es desde los autos. Por lo tanto como una forma de educar,  seria que asi como es obligacion tener matafuegos etc, sea obligatorio tener el basurerito ( el que se coloca por el cambio) asi seria mas facil el proceso','http://vozyvoto.ideascale.com/a/dtd/789885-37217',0,0,0,0,1,24,10,3,6,1,NULL,0),(47,NULL,NULL,'2015-10-29 18:13:29','consultation_platform',NULL,0,0,0,1,'Obligacion de uso de basureros en los autos','Una de las formas en que las personas arrojan desechos a las calles es desde los autos. Por lo tanto como una forma de educar,  seria que asi como es obligacion tener matafuegos etc, sea obligatorio tener el basurerito ( el que se coloca por el cambio) asi seria mas facil el proceso','http://vozyvoto.ideascale.com/a/dtd/789885-37217',0,0,0,0,1,24,10,3,6,1,NULL,0),(48,NULL,NULL,'2015-10-31 22:37:19','social_network',NULL,0,0,0,1,'','EL TRANSPORTE DEBE SER PUBLICO! #MOVILIDAD #INFRAESTRUCTURA\n\nY porque? pues porque un empresario no te va a poner un micro despues de las 11 de la noche y durante toda la noche hasta las 5 de la mañana! porque simplemente no le es rentable!, entonces la municipalidad debe gestionar el transporte publico para garantizar el servicio a todos y para todos 24hs del dia!, para lo cual debera ser gestionado por la Municipalidad de la Asuncion con cooperacion de las ciudades circuncidantes, con el MOPC, Gobernacion, Policia Caminera, etc, etc\n\nEl transporte publico debe ser integro e integrado, deberan estar concectados todos los servicios, ej, buses, trenes, metro, incluso bicis publicas, se pueden comprar los billetes en efectivo de a uno o con tarjetas magneticas y comprando tickets de 2, 3 dias, 10 viajes integrados, tarjeta de mes, etc, etc, Los tickets se podran comprar en efectivo, tarjeta debito y credito.\n\nLa financiacion dejaremos a cargo de los especialistas en la cuestion.\n\nParticularmente creo que el metro-bus, no sera la solucion al caotico transito sino mas bien causara mas problemas, porque sera lento, o sea no sera practica la gente querra seguir usando los buses chatarras, tampoco deberian pasar por los mercados 4 y San Lo por ej, deberian de pasar varias cuadras alrededor para descontracturar mas bien el transito cuestion que lo he mencionado al Ing. Rivarola pero ha hecho caso omiso y sigue con sus planes, \n\nYo lo que propondria es en vez de utilizar un metro o subway, hacerlo con un tren electrico monoriel que vaya por arriba, los detalles tecnicos lo dejamos a cargo de los especialistas, tambien pueden consultar con el Ing. Pankow quien tambien comparte la idea.\n\nEntonces el karaku de la idea seria hacer el tren electrico con 10 paradas desde el centro de Asu hasta San Lorenzo o Capiata podran interconectarse con los trenes o tramvias del botanico y el que va a Ypacarai, tambien conectar con buses electricos, los trolebuses no creo que sea una buena opcion por las lluvias y los arboloes que caen, tambien se deberian de interconectar con tramvias, incluso bicicletas publicas\n\nEsta idea seria una copia al Transporte Metropolitano de Barcelona al cual se le puede pedir informacion y colaboracion','https://www.facebook.com/1655519178027107/posts/1661779097401115',0,0,2,0,1,104,9,3,NULL,NULL,2,0),(49,NULL,NULL,'2015-11-01 12:56:07','consultation_platform',NULL,0,0,0,1,'DOMESTIC@ APP ','Por mejorar la calidad de vida de las personas con dependencia atendiendo, en primer lugar, a sus cuidador@s. Como también personas domestic@s encargadas de limpieza, cocina u otras funciones.\nUna página web que permite seleccionar y presenta información médica, psicológica, de investigación, ocio, ejercicio físico y terapia ocupacional para ayudar a contratar a los cuidador@s o domestic@s  (profesionales o domésticos) y familiares de personas dependientes para hacerles más fácil y profesional su labor.','http://vozyvoto.ideascale.com/a/dtd/790176-37217',0,0,1,0,0,25,7,3,11,1,NULL,0),(50,NULL,'791267','2015-11-04 15:02:28','consultation_platform',NULL,1,1,1,0,'Paradas de Micro y efectivo control de respeto a las mismas','Creo que el ultimo intendente que señalizo y creo paradas fue Filizzola, desde ahi ninguno, actualmente el transito de los micros pero mismo para los usuarios es anarquico ya que las paradas no estan debidamente señalizadas.\n\nAdemas si pretendemos ser una ciudad amigable con quienes no viven aca, como hace un extraño a la misma para tomar los micros si las paradas no estan señalizadas?','http://vozyvoto.ideascale.com/a/dtd/791267-37217',0,0,4,0,0,56,8,3,NULL,1,NULL,0),(51,NULL,'793683','2015-11-16 17:09:19','consultation_platform',NULL,1,0,1,0,'Basureros en el transporte público','Aunque creo que esta medida no debería ser necesaria, para empezar a concientizar al menos creo que sería interesante incluir en los buses o medios de transporte públicos un basurero y así evitar que la gente arroje sus desperdicios por la ventana. También poner basureros en las paradas de buses con el mismo objetivo','http://vozyvoto.ideascale.com/a/dtd/793683-37217',0,0,0,0,1,113,10,3,10,1,NULL,0),(52,'1655519178027107_1661779097401115','795620','2015-10-31 22:37:19','social_network',NULL,0,0,1,1,'','EL TRANSPORTE DEBE SER PUBLICO! #MOVILIDAD #INFRAESTRUCTURA\n\nY porque? pues porque un empresario no te va a poner un micro despues de las 11 de la noche y durante toda la noche hasta las 5 de la mañana! porque simplemente no le es rentable!, entonces la municipalidad debe gestionar el transporte publico para garantizar el servicio a todos y para todos 24hs del dia!, para lo cual debera ser gestionado por la Municipalidad de la Asuncion con cooperacion de las ciudades circuncidantes, con el MOPC, Gobernacion, Policia Caminera, etc, etc\n\nEl transporte publico debe ser integro e integrado, deberan estar concectados todos los servicios, ej, buses, trenes, metro, incluso bicis publicas, se pueden comprar los billetes en efectivo de a uno o con tarjetas magneticas y comprando tickets de 2, 3 dias, 10 viajes integrados, tarjeta de mes, etc, etc, Los tickets se podran comprar en efectivo, tarjeta debito y credito.\n\nLa financiacion dejaremos a cargo de los especialistas en la cuestion.\n\nParticularmente creo que el metro-bus, no sera la solucion al caotico transito sino mas bien causara mas problemas, porque sera lento, o sea no sera practica la gente querra seguir usando los buses chatarras, tampoco deberian pasar por los mercados 4 y San Lo por ej, deberian de pasar varias cuadras alrededor para descontracturar mas bien el transito cuestion que lo he mencionado al Ing. Rivarola pero ha hecho caso omiso y sigue con sus planes, \n\nYo lo que propondria es en vez de utilizar un metro o subway, hacerlo con un tren electrico monoriel que vaya por arriba, los detalles tecnicos lo dejamos a cargo de los especialistas, tambien pueden consultar con el Ing. Pankow quien tambien comparte la idea.\n\nEntonces el karaku de la idea seria hacer el tren electrico con 10 paradas desde el centro de Asu hasta San Lorenzo o Capiata podran interconectarse con los trenes o tramvias del botanico y el que va a Ypacarai, tambien conectar con buses electricos, los trolebuses no creo que sea una buena opcion por las lluvias y los arboloes que caen, tambien se deberian de interconectar con tramvias, incluso bicicletas publicas\n\nEsta idea seria una copia al Transporte Metropolitano de Barcelona al cual se le puede pedir informacion y colaboracion','https://www.facebook.com/1655519178027107/posts/1661779097401115',0,0,2,0,1,104,9,3,NULL,NULL,2,1),(53,'1655519178027107_1661920024053689',NULL,'2015-11-01 13:12:05','social_network',NULL,0,0,0,1,'','----------------\nProyectos sociales en España\n[Votos: 3]\n----------------\n\nViviendo aquí hace un año, es muy interesante analizar los problemas tanto en España como en Europa en general, dado que el tratado de la UE busca homologar soluciones a problemas sociales en todos los países de la UE. Algunos que me interesaron fueron:\n- Inserción laboral de mayores de 45 y formación continua.\n- Apoyo de clubes de futbol a los adictos a las drogas.\n- Formación básica y universitaria a reclusos en prisión. \n- Buscadores de empleo (app para móviles).\n- Buscadores de Masters y Cursos internacionales (app para móviles).\n\nSon los que recuerdo, seguro que los proyectos están publicados. Muy interesante la iniciativa.\n\n#infraestructura\n\n----------------\nDesde: Ideascale\nLink: http://vozyvoto.ideascale.com/a/dtd/788938-37217','https://www.facebook.com/1655519178027107/posts/1661920024053689',0,0,2,0,0,106,13,3,NULL,NULL,2,1),(54,'1655519178027107_1661920020720356',NULL,'2015-11-01 13:12:05','social_network',NULL,0,0,0,1,'','----------------\nDOMESTIC@ APP \n[Votos: 1]\n----------------\n\nPor mejorar la calidad de vida de las personas con dependencia atendiendo, en primer lugar, a sus cuidador@s. Como también personas domestic@s encargadas de limpieza, cocina u otras funciones.\nUna página web que permite seleccionar y presenta información médica, psicológica, de investigación, ocio, ejercicio físico y terapia ocupacional para ayudar a contratar a los cuidador@s o domestic@s  (profesionales o domésticos) y familiares de personas dependientes para hacerles más fácil y profesional su labor.\n\n#inspiracion\n\n----------------\nDesde: Ideascale\nLink: http://vozyvoto.ideascale.com/a/dtd/790176-37217','https://www.facebook.com/1655519178027107/posts/1661920020720356',0,0,0,0,0,106,7,3,NULL,NULL,2,1),(55,'1655519178027107_1659305350981823',NULL,'2015-10-22 14:32:20','social_network',NULL,0,0,0,1,'','----------------\nNuevos lugares turisticos-paseo del terere-plaza de los mangos\n[Votos: 5]\n----------------\n\nCuando uno viaja a otro pais, le gusta ir a ver cualquier cosa que en su pais no  puede ver normalmente. Por ej en una Ciudad Japonesa se paga 20 U$ para ir a ver media cuadra de plantacion de flores de cosmos.o manzanas o cerezos..Seria importante ir implementando sobre todo en Asuncion lugares con cosas que a nosotros puede parecernos simples pero para los turistas es algo novedoso: ej Plaza o paseo de la yerba mate, donde la la gente vea todo lo relacionado al terere.pueda arrancar la menta etc... O algun paseo donde puedan arrancarse naranjos, mangos de las mismas plantas..( en otros paises salen hasta 5 U$).Se imaginan hacer del arroyo ferreira algo parecido a Xochimilco de Mexico?.....es igual de ancho el canal.\n\n#infraestructura\n\n----------------\nDesde: Ideascale\nLink: http://vozyvoto.ideascale.com/a/dtd/789037-37217','https://www.facebook.com/1655519178027107/posts/1659305350981823',0,0,5,0,1,60,13,3,NULL,NULL,2,1),(56,'1655519178027107_1661229027456122',NULL,'2015-10-29 18:16:47','social_network',NULL,0,0,0,1,'','----------------\nObligacion de uso de basureros en los autos\n[Votos: 8]\n----------------\n\nUna de las formas en que las personas arrojan desechos a las calles es desde los autos. Por lo tanto como una forma de educar,  seria que asi como es obligacion tener matafuegos etc, sea obligatorio tener el basurerito ( el que se coloca por el cambio) asi seria mas facil el proceso\n\n#basuracero\n\n----------------\nDesde: Ideascale\nLink: http://vozyvoto.ideascale.com/a/dtd/789887-37217','https://www.facebook.com/1655519178027107/posts/1661229027456122',0,0,5,0,0,60,10,3,NULL,NULL,2,1),(57,'1655519178027107_1668358796743145','789083','2015-10-21 21:27:26','consultation_platform',NULL,0,0,1,1,'Mercado 4 como atractivo turístico','Conocí el mercado municipal de la ciudad de Estambul, Turquía y me llamó la atención lo bien organizado que estaban los más de 30.000 m2 que abarca el predio, en donde uno puede encontrar los diversos productos agrupados por sectores, por ejemplo hay calles donde encontras los productos de orfebrería, calles destinadas a la venta de tapicería, entonces uno al ingresar se fija en el mapa dispuesto en cada entrada y ubica el área de lo que está buscando.\n\nY no sólo la organización sino también la pulcritud del lugar, a pesar de ser un lugar muy concurrido todo el día, no sólo por clientes sino también para la carga y descarga de mercaderías, en el mercado se notaba la limpieza en todas partes.\n\nMi propuesta es adaptar este sistema al mercado 4 de la ciudad de Asunción con el fin de convertirlo en un punto de turismo para los visitantes, hacerlo atractivo fomentando no sólo la posibilidad de conseguir buenos productos a precios accesibles sino también la oportunidad de interactuar con parte de nuestra cultura.','http://vozyvoto.ideascale.com/a/dtd/789083-37217',0,0,14,0,5,58,11,3,4,1,NULL,1),(58,'1655519178027107_1668358810076477','786973','2015-10-07 21:21:14','consultation_platform',NULL,0,0,1,1,'Presupuesto Participativo: proyectos ideados por asuncenos ','Que pasaría si los ciudadanos pudieran no solo decidir directamente, sino también proyectar en que gastar parte del presupuesto municipal?. De eso se trata el presupuesto participativo, un proceso inicialmente desarrollado en Brasil, a finales de los 80, que hoy se practica en más de 1500 ciudades del mundo. \n\nAunque cada proceso es diferente, en líneas generales se resume en lo que sigue: los ciudadanos generan ideas y luego las convierten en propuestas concretas (generalmente, con la ayuda de voluntarios), la ciudadanía vota, y la municipalidad implementa los proyectos más votados.\n\nLos presupuestos participativos no solo le dan a la ciudadanía un espacio directo de participación, sino que abren paso a toda una nueva dinámica de participación ciudadana que de a poco mejora el ejercicio de la democracia en donde se aplica. Es un proceso que impulsa y educa en la cultura de la participación. \n\nPara que sea efectivo, el proceso no solo tienen que ser consultivo, sino que precisa ser \"deliberativo\": la decisión de los ciudadanos debe ser vinculante. La municipalidad debe comprometer un porcentaje de su presupuesto (por ejemplo, el 5% en Lisboa, Portugal) para la ejecución de los proyectos ganadores. \n\nPara saber más sobre el proceso, adjunto algunos documentos preparados por una organización sin fines de lucro, basada en los Estados Unidos, que promueve y ayuda a implementar este tipo de procesos. \n\nTambién adjunto una foto de un taller de generación de ideas en el que tuve la oportunidad de participar, para el presupuesto participativo de la ciudad de Cascais, en Portugal.\n\nY si le gustan los videos, aquí uno que explica el proceso  (con subtítulos en español): \nhttps://vimeo.com/107121298 \n\nHagamos que Asunción tenga su presupuesto participativo, y después, por qué no, todo el Paraguay!','http://vozyvoto.ideascale.com/a/dtd/786973-37217',0,0,16,0,3,19,7,3,NULL,1,NULL,1),(59,'1655519178027107_1668358803409811','788136','2015-10-15 12:19:15','consultation_platform',NULL,0,0,1,1,'Da gusto caminar por Asuncion ','Actualmente caminar por Asuncion es una tarea difícil. Para cruzar calles hay que esquivar vehículos y esperar semáforos (si los hay) o que algún alma solidaria te dé paso. Por otro lado, las veredas (si las hay) están la mayoría en muy mal estado u obstruidas de alguna manera. \n\nEsta idea busca crear un proyecto llamado \"Da gusto caminar por Asuncion\" dinde se creen cruces peatonales dando prioridad al peatón, veredas transitables y generar conciencia de la caminata como un método de transporte saludable que reduzca el tráfico vehicular y la polución.','http://vozyvoto.ideascale.com/a/dtd/788136-37217',0,0,17,0,3,22,9,3,6,1,NULL,1),(60,'1655519178027107_1668358806743144','788661','2015-10-18 13:27:37','consultation_platform',NULL,0,0,1,1,'Escuelas de oficio municipales en barrios pobres','En los barrios mas pobres,(Santa Ana, Roberto L Pettit entreotros)  muchos jovenes dejan el colegio y notienen para seguir la universidad, pero no tienen alternativas como escuelas de oficios. El unico centro de capaacitcion es SNPP y LA eSC CARLOS a lOPEZ que se sencuentran en oznas mas alejadas de estos barrios. La propuesta es crear estos centros en estos barrios donde se enseñe por ej; plomeria, electricidad, carpinteria,refrigerascion,entreotros.incluso puede ser a travez de un convenio con SNPP','http://vozyvoto.ideascale.com/a/dtd/788661-37217',0,0,9,0,2,24,13,3,6,1,NULL,1),(61,'1655519178027107_1668358800076478','788656','2015-10-18 12:40:59','consultation_platform',NULL,0,0,1,1,'Nueva ordenanza de arborizacion yplan maestro de arbolado urbano','Teniendo en cuenta las altas temperaturas en el verano en el Pais, se hace necesario una neva ordenanza, ya que la se se cuenta es de hace mas de 50 años. En la misma se tediran; la obligatoriedad de la plantacion de por lo menos un arbol en ccada vereda. Ademas teniendo en cuenta que hay veredas muy angostas assi como muy anchas, la aorborizacion debe ser conforme a un plan maestro de arbolado urbanocomo existe en otros paises: E·sto es, sila vereda es angosta, se tendrian que plantar arboles mastipo arbussto y si es ancha el plan indicaria que especies se pueden plantar. Ademas se tendria que normalizar el tipo de canteros autilizar, . Tendrian que ser tales que no obstaculicen','http://vozyvoto.ideascale.com/a/dtd/788656-37217',0,0,11,0,3,24,7,3,6,1,NULL,1),(62,NULL,NULL,'2015-11-25 18:18:54','social_network',NULL,0,0,0,1,'','----------------\nDa gusto caminar por Asuncion \n[Votos: 17]\n----------------\n\nActualmente caminar por Asuncion es una tarea difícil. Para cruzar calles hay que esquivar vehículos y esperar semáforos (si los hay) o que algún alma solidaria te dé paso. Por otro lado, las veredas (si las hay) están la mayoría en muy mal estado u obstruidas de alguna manera. \n\nEsta idea busca crear un proyecto llamado \"Da gusto caminar por Asuncion\" dinde se creen cruces peatonales dando prioridad al peatón, veredas transitables y generar conciencia de la caminata como un método de transporte saludable que reduzca el tráfico vehicular y la polución.\n\n#movilidad\n\n----------------\nDesde: Ideascale\nLink: http://vozyvoto.ideascale.com/a/dtd/788136-37217','https://www.facebook.com/1655519178027107/posts/1668358733409818',0,0,0,0,0,64,9,3,NULL,NULL,2,0),(63,NULL,NULL,'2015-11-25 18:18:54','social_network',NULL,0,0,0,1,'','----------------\nMercado 4 como atractivo turístico\n[Votos: 14]\n----------------\n\nConocí el mercado municipal de la ciudad de Estambul, Turquía y me llamó la atención lo bien organizado que estaban los más de 30.000 m2 que abarca el predio, en donde uno puede encontrar los diversos productos agrupados por sectores, por ejemplo hay calles donde encontras los productos de orfebrería, calles destinadas a la venta de tapicería, entonces uno al ingresar se fija en el mapa dispuesto en cada entrada y ubica el área de lo que está buscando.\n\nY no sólo la organización sino también la pulcritud del lugar, a pesar de ser un lugar muy concurrido todo el día, no sólo por clientes sino también para la carga y descarga de mercaderías, en el mercado se notaba la limpieza en todas partes.\n\nMi propuesta es adaptar este sistema al mercado 4 de la ciudad de Asunción con el fin de convertirlo en un punto de turismo para los visitantes, hacerlo atractivo fomentando no sólo la posibilidad de conseguir buenos productos a precios accesibles sino también la oportunidad de interactuar con parte de nuestra cultura.\n\n#mercados\n\n----------------\nDesde: Ideascale\nLink: http://vozyvoto.ideascale.com/a/dtd/789083-37217','https://www.facebook.com/1655519178027107/posts/1668358736743151',0,0,0,0,0,59,11,3,NULL,NULL,2,0),(64,NULL,NULL,'2015-11-25 18:18:54','social_network',NULL,0,0,0,1,'','----------------\nEscuelas de oficio municipales en barrios pobres\n[Votos: 9]\n----------------\n\nEn los barrios mas pobres,(Santa Ana, Roberto L Pettit entreotros)  muchos jovenes dejan el colegio y notienen para seguir la universidad, pero no tienen alternativas como escuelas de oficios. El unico centro de capaacitcion es SNPP y LA eSC CARLOS a lOPEZ que se sencuentran en oznas mas alejadas de estos barrios. La propuesta es crear estos centros en estos barrios donde se enseñe por ej; plomeria, electricidad, carpinteria,refrigerascion,entreotros.incluso puede ser a travez de un convenio con SNPP\n\n#infraestructura\n\n----------------\nDesde: Ideascale\nLink: http://vozyvoto.ideascale.com/a/dtd/788661-37217','https://www.facebook.com/1655519178027107/posts/1668358740076484',0,0,0,0,0,60,13,3,NULL,NULL,2,0),(65,NULL,NULL,'2015-11-25 18:18:54','social_network',NULL,0,0,0,1,'','----------------\nNueva ordenanza de arborizacion yplan maestro de arbolado urbano\n[Votos: 11]\n----------------\n\nTeniendo en cuenta las altas temperaturas en el verano en el Pais, se hace necesario una neva ordenanza, ya que la se se cuenta es de hace mas de 50 años. En la misma se tediran; la obligatoriedad de la plantacion de por lo menos un arbol en ccada vereda. Ademas teniendo en cuenta que hay veredas muy angostas assi como muy anchas, la aorborizacion debe ser conforme a un plan maestro de arbolado urbanocomo existe en otros paises: E·sto es, sila vereda es angosta, se tendrian que plantar arboles mastipo arbussto y si es ancha el plan indicaria que especies se pueden plantar. Ademas se tendria que normalizar el tipo de canteros autilizar, . Tendrian que ser tales que no obstaculicen\n\n#inspiracion\n\n----------------\nDesde: Ideascale\nLink: http://vozyvoto.ideascale.com/a/dtd/788656-37217','https://www.facebook.com/1655519178027107/posts/1668358743409817',0,0,0,0,0,60,7,3,NULL,NULL,2,0),(66,NULL,NULL,'2015-11-25 18:18:54','social_network',NULL,0,0,0,1,'','----------------\nPresupuesto Participativo: proyectos ideados por asuncenos \n[Votos: 16]\n----------------\n\nQue pasaría si los ciudadanos pudieran no solo decidir directamente, sino también proyectar en que gastar parte del presupuesto municipal?. De eso se trata el presupuesto participativo, un proceso inicialmente desarrollado en Brasil, a finales de los 80, que hoy se practica en más de 1500 ciudades del mundo. \n\nAunque cada proceso es diferente, en líneas generales se resume en lo que sigue: los ciudadanos generan ideas y luego las convierten en propuestas concretas (generalmente, con la ayuda de voluntarios), la ciudadanía vota, y la municipalidad implementa los proyectos más votados.\n\nLos presupuestos participativos no solo le dan a la ciudadanía un espacio directo de participación, sino que abren paso a toda una nueva dinámica de participación ciudadana que de a poco mejora el ejercicio de la democracia en donde se aplica. Es un proceso que impulsa y educa en la cultura de la participación. \n\nPara que sea efectivo, el proceso no solo tienen que ser consultivo, sino que precisa ser \"deliberativo\": la decisión de los ciudadanos debe ser vinculante. La municipalidad debe comprometer un porcentaje de su presupuesto (por ejemplo, el 5% en Lisboa, Portugal) para la ejecución de los proyectos ganadores. \n\nPara saber más sobre el proceso, adjunto algunos documentos preparados por una organización sin fines de lucro, basada en los Estados Unidos, que promueve y ayuda a implementar este tipo de procesos. \n\nTambién adjunto una foto de un taller de generación de ideas en el que tuve la oportunidad de participar, para el presupuesto participativo de la ciudad de Cascais, en Portugal.\n\nY si le gustan los videos, aquí uno que explica el proceso  (con subtítulos en español): \nhttps://vimeo.com/107121298 \n\nHagamos que Asunción tenga su presupuesto participativo, y después, por qué no, todo el Paraguay!\n\n#inspiracion\n\n----------------\nDesde: Ideascale\nLink: http://vozyvoto.ideascale.com/a/dtd/786973-37217','https://www.facebook.com/1655519178027107/posts/1668358746743150',0,0,0,0,0,61,7,3,NULL,NULL,2,0);
/*!40000 ALTER TABLE `app_idea` ENABLE KEYS */;
UNLOCK TABLES;

--
-- Table structure for table `app_initiative`
--

DROP TABLE IF EXISTS `app_initiative`;
/*!40101 SET @saved_cs_client     = @@character_set_client */;
/*!40101 SET character_set_client = utf8 */;
CREATE TABLE `app_initiative` (
  `id` int(11) NOT NULL AUTO_INCREMENT,
  `external_id` int(11) NOT NULL,
  `name` varchar(50) NOT NULL,
  `hashtag` varchar(14) DEFAULT NULL,
  `url` varchar(200) NOT NULL,
  `users` int(11) NOT NULL,
  `ideas` int(11) NOT NULL,
  `votes` int(11) NOT NULL,
  `comments` int(11) NOT NULL,
  `active` tinyint(1) NOT NULL,
  `platform_id` int(11) NOT NULL,
  `language` varchar(5) NOT NULL,
  `notification_emails` tinyint(1) NOT NULL,
  PRIMARY KEY (`id`),
  UNIQUE KEY `hashtag` (`hashtag`),
  KEY `app_initiative_cb857215` (`platform_id`)
) ENGINE=MyISAM AUTO_INCREMENT=4 DEFAULT CHARSET=latin1;
/*!40101 SET character_set_client = @saved_cs_client */;

--
-- Dumping data for table `app_initiative`
--

LOCK TABLES `app_initiative` WRITE;
/*!40000 ALTER TABLE `app_initiative` DISABLE KEYS */;
INSERT INTO `app_initiative` VALUES (1,1,'Five Heads','fiveheads','http://fiveheads.ideascale.com',0,0,0,0,0,1,'en',0),(2,2,'Social Ideation','socialideation','http://socialideation.ideascale.com',0,0,0,0,0,1,'es',1),(3,3,'Voz y voto','vozyvoto','http://vozyvoto.ideascale.com',0,0,0,0,1,1,'es',1);
/*!40000 ALTER TABLE `app_initiative` ENABLE KEYS */;
UNLOCK TABLES;

--
-- Table structure for table `app_initiative_social_network`
--

DROP TABLE IF EXISTS `app_initiative_social_network`;
/*!40101 SET @saved_cs_client     = @@character_set_client */;
/*!40101 SET character_set_client = utf8 */;
CREATE TABLE `app_initiative_social_network` (
  `id` int(11) NOT NULL AUTO_INCREMENT,
  `initiative_id` int(11) NOT NULL,
  `socialnetworkapp_id` int(11) NOT NULL,
  PRIMARY KEY (`id`),
  UNIQUE KEY `initiative_id` (`initiative_id`,`socialnetworkapp_id`),
  KEY `app_initiative_social_network_4d350b0d` (`initiative_id`),
  KEY `app_initiative_social_network_8df8f352` (`socialnetworkapp_id`)
) ENGINE=MyISAM AUTO_INCREMENT=10 DEFAULT CHARSET=latin1;
/*!40101 SET character_set_client = @saved_cs_client */;

--
-- Dumping data for table `app_initiative_social_network`
--

LOCK TABLES `app_initiative_social_network` WRITE;
/*!40000 ALTER TABLE `app_initiative_social_network` DISABLE KEYS */;
INSERT INTO `app_initiative_social_network` VALUES (8,2,1),(9,3,2);
/*!40000 ALTER TABLE `app_initiative_social_network` ENABLE KEYS */;
UNLOCK TABLES;

--
-- Table structure for table `app_location`
--

DROP TABLE IF EXISTS `app_location`;
/*!40101 SET @saved_cs_client     = @@character_set_client */;
/*!40101 SET character_set_client = utf8 */;
CREATE TABLE `app_location` (
  `id` int(11) NOT NULL AUTO_INCREMENT,
  `country` varchar(50) NOT NULL,
  `city` varchar(50) NOT NULL,
  `latitude` double DEFAULT NULL,
  `longitude` double DEFAULT NULL,
  PRIMARY KEY (`id`)
) ENGINE=MyISAM AUTO_INCREMENT=17 DEFAULT CHARSET=latin1;
/*!40101 SET character_set_client = @saved_cs_client */;

--
-- Dumping data for table `app_location`
--

LOCK TABLES `app_location` WRITE;
/*!40000 ALTER TABLE `app_location` DISABLE KEYS */;
INSERT INTO `app_location` VALUES (6,'PY','Asunción',NULL,NULL),(5,'PY','Luque',NULL,NULL),(4,'IT','Pescantina',NULL,NULL),(7,'PY','Fernando de la Mora',NULL,NULL),(8,'AR','Buenos Aires',NULL,NULL),(9,'NI','Managua',NULL,NULL),(10,'IT','Trento',NULL,NULL),(11,'ES','Madrid',NULL,NULL),(12,'PY','Villarrica',NULL,NULL),(13,'IT','Verona',NULL,NULL),(14,'US','Berkeley',NULL,NULL),(15,'US','Provo',NULL,NULL),(16,'IT','Bolzano',NULL,NULL);
/*!40000 ALTER TABLE `app_location` ENABLE KEYS */;
UNLOCK TABLES;

--
-- Table structure for table `app_socialnetworkapp`
--

DROP TABLE IF EXISTS `app_socialnetworkapp`;
/*!40101 SET @saved_cs_client     = @@character_set_client */;
/*!40101 SET character_set_client = utf8 */;
CREATE TABLE `app_socialnetworkapp` (
  `id` int(11) NOT NULL AUTO_INCREMENT,
  `name` varchar(50) NOT NULL,
  `url` varchar(200) DEFAULT NULL,
  `blocked` datetime DEFAULT NULL,
  `app_id` varchar(50) NOT NULL,
  `app_secret` varchar(50) DEFAULT NULL,
  `callback_real_time_updates` varchar(200) DEFAULT NULL,
  `object_real_time_updates` varchar(100) DEFAULT NULL,
  `field_real_time_updates` varchar(50) DEFAULT NULL,
  `token_real_time_updates` varchar(100) DEFAULT NULL,
  `subscribed_read_time_updates` tinyint(1) NOT NULL,
  `connector_id` int(11) NOT NULL,
  `last_real_time_update_sig` varchar(100) DEFAULT NULL,
  `batch_requests` tinyint(1) NOT NULL,
  `max_batch_requests` int(11) DEFAULT NULL,
  `redirect_uri` varchar(200) DEFAULT NULL,
  `community_id` int(11) NOT NULL,
  `app_access_token` varchar(300) DEFAULT NULL,
  PRIMARY KEY (`id`),
  KEY `app_socialnetworkapp_e167e732` (`community_id`)
) ENGINE=MyISAM AUTO_INCREMENT=3 DEFAULT CHARSET=latin1;
/*!40101 SET character_set_client = @saved_cs_client */;

--
-- Dumping data for table `app_socialnetworkapp`
--

LOCK TABLES `app_socialnetworkapp` WRITE;
/*!40000 ALTER TABLE `app_socialnetworkapp` DISABLE KEYS */;
INSERT INTO `app_socialnetworkapp` VALUES (1,'Facebook App','https://www.facebook.com/games/social-ideation/?fbs=-1&preview=1&locale=en_US',NULL,'1639456526287470','800a42216700eca73e27df764b8c366f','','','',NULL,0,1,'sha1=db4e91631b6f9e4b59cb674cea0b1f8e514e3c59',1,50,'http://www.social-ideation.com/',1,'1639456526287470|RzXEcN9FtnizzQFBoxNdY6MGzUY'),(2,'Voz y Voto Facebook App','https://www.facebook.com/games/social-ideation/?fbs=-1&preview=1&locale=en_US',NULL,'1639456526287470','800a42216700eca73e27df764b8c366f','','page','feed',NULL,0,1,NULL,1,50,'http://social-ideation.com',2,'1639456526287470|RzXEcN9FtnizzQFBoxNdY6MGzUY');
/*!40000 ALTER TABLE `app_socialnetworkapp` ENABLE KEYS */;
UNLOCK TABLES;

--
-- Table structure for table `app_socialnetworkappcommunity`
--

DROP TABLE IF EXISTS `app_socialnetworkappcommunity`;
/*!40101 SET @saved_cs_client     = @@character_set_client */;
/*!40101 SET character_set_client = utf8 */;
CREATE TABLE `app_socialnetworkappcommunity` (
  `id` int(11) NOT NULL AUTO_INCREMENT,
  `external_id` varchar(50) NOT NULL,
  `name` varchar(50) NOT NULL,
  `token` varchar(300) DEFAULT NULL,
  `type` varchar(5) NOT NULL,
  `url` varchar(200) NOT NULL,
  PRIMARY KEY (`id`)
) ENGINE=MyISAM AUTO_INCREMENT=3 DEFAULT CHARSET=latin1;
/*!40101 SET character_set_client = @saved_cs_client */;

--
-- Dumping data for table `app_socialnetworkappcommunity`
--

LOCK TABLES `app_socialnetworkappcommunity` WRITE;
/*!40000 ALTER TABLE `app_socialnetworkappcommunity` DISABLE KEYS */;
INSERT INTO `app_socialnetworkappcommunity` VALUES (1,'416499058542612','Social Ideation',NULL,'group','https://www.facebook.com/groups/416499058542612/'),(2,'1655519178027107','Voz y voto',NULL,'group','https://www.facebook.com/groups/1655519178027107/');
/*!40000 ALTER TABLE `app_socialnetworkappcommunity` ENABLE KEYS */;
UNLOCK TABLES;

--
-- Table structure for table `app_socialnetworkappcommunity_admins`
--

DROP TABLE IF EXISTS `app_socialnetworkappcommunity_admins`;
/*!40101 SET @saved_cs_client     = @@character_set_client */;
/*!40101 SET character_set_client = utf8 */;
CREATE TABLE `app_socialnetworkappcommunity_admins` (
  `id` int(11) NOT NULL AUTO_INCREMENT,
  `socialnetworkappcommunity_id` int(11) NOT NULL,
  `socialnetworkappuser_id` int(11) NOT NULL,
  PRIMARY KEY (`id`),
  UNIQUE KEY `socialnetworkappcommunity_id` (`socialnetworkappcommunity_id`,`socialnetworkappuser_id`),
  KEY `app_socialnetworkappcommunity_admins_45c3c6b2` (`socialnetworkappcommunity_id`),
  KEY `app_socialnetworkappcommunity_admins_cbdcb17f` (`socialnetworkappuser_id`)
) ENGINE=MyISAM AUTO_INCREMENT=3 DEFAULT CHARSET=latin1;
/*!40101 SET character_set_client = @saved_cs_client */;

--
-- Dumping data for table `app_socialnetworkappcommunity_admins`
--

LOCK TABLES `app_socialnetworkappcommunity_admins` WRITE;
/*!40000 ALTER TABLE `app_socialnetworkappcommunity_admins` DISABLE KEYS */;
INSERT INTO `app_socialnetworkappcommunity_admins` VALUES (1,1,1),(2,2,1);
/*!40000 ALTER TABLE `app_socialnetworkappcommunity_admins` ENABLE KEYS */;
UNLOCK TABLES;

--
-- Table structure for table `app_socialnetworkappcommunity_members`
--

DROP TABLE IF EXISTS `app_socialnetworkappcommunity_members`;
/*!40101 SET @saved_cs_client     = @@character_set_client */;
/*!40101 SET character_set_client = utf8 */;
CREATE TABLE `app_socialnetworkappcommunity_members` (
  `id` int(11) NOT NULL AUTO_INCREMENT,
  `socialnetworkappcommunity_id` int(11) NOT NULL,
  `socialnetworkappuser_id` int(11) NOT NULL,
  PRIMARY KEY (`id`),
  UNIQUE KEY `socialnetworkappcommunity_id` (`socialnetworkappcommunity_id`,`socialnetworkappuser_id`),
  KEY `app_socialnetworkappcommunity_members_45c3c6b2` (`socialnetworkappcommunity_id`),
  KEY `app_socialnetworkappcommunity_members_cbdcb17f` (`socialnetworkappuser_id`)
) ENGINE=MyISAM AUTO_INCREMENT=13 DEFAULT CHARSET=latin1;
/*!40101 SET character_set_client = @saved_cs_client */;

--
-- Dumping data for table `app_socialnetworkappcommunity_members`
--

LOCK TABLES `app_socialnetworkappcommunity_members` WRITE;
/*!40000 ALTER TABLE `app_socialnetworkappcommunity_members` DISABLE KEYS */;
INSERT INTO `app_socialnetworkappcommunity_members` VALUES (1,1,1),(2,1,3),(3,1,5),(4,1,4),(5,2,6),(6,2,7),(7,2,8),(8,2,9),(9,2,10),(10,2,11),(11,2,21),(12,2,22);
/*!40000 ALTER TABLE `app_socialnetworkappcommunity_members` ENABLE KEYS */;
UNLOCK TABLES;

--
-- Table structure for table `app_socialnetworkappuser`
--

DROP TABLE IF EXISTS `app_socialnetworkappuser`;
/*!40101 SET @saved_cs_client     = @@character_set_client */;
/*!40101 SET character_set_client = utf8 */;
CREATE TABLE `app_socialnetworkappuser` (
  `id` int(11) NOT NULL AUTO_INCREMENT,
  `external_id` varchar(50) NOT NULL,
  `email` varchar(254) NOT NULL,
  `access_token` varchar(300) NOT NULL,
  `access_token_exp` datetime NOT NULL,
  `snapp_id` int(11) NOT NULL,
  `name` varchar(100) DEFAULT NULL,
  `url` varchar(200) DEFAULT NULL,
  `read_permissions` tinyint(1) NOT NULL,
  `write_permissions` tinyint(1) NOT NULL,
  PRIMARY KEY (`id`),
  KEY `app_socialnetworkappuser_dc765a51` (`snapp_id`)
) ENGINE=MyISAM AUTO_INCREMENT=23 DEFAULT CHARSET=latin1;
/*!40101 SET character_set_client = @saved_cs_client */;

--
-- Dumping data for table `app_socialnetworkappuser`
--

LOCK TABLES `app_socialnetworkappuser` WRITE;
/*!40000 ALTER TABLE `app_socialnetworkappuser` DISABLE KEYS */;
INSERT INTO `app_socialnetworkappuser` VALUES (1,'435131070002704','jorgesaldivar@gmail.com','CAAXTE7ffwm4BAIVx1IBBuTpQ53P1xNI1zISd63lwPVocp5FDbL29ID0RuGpZAl7HTcxCRb5RrTD34FRPBH39QBwfG27QeJSJ8R3mG1s3CWKfUJQDm5gxLa7PKk7XCBmy4jxBFtB2arswoRzOGxXiSdT6agv0LrJNxMj8MlbshQRPzM9ZAT','2015-12-25 09:10:02',2,'Jorge Saldivar','https://www.facebook.com/app_scoped_user_id/435131070002704/',1,1),(10,'1109516979063406','casg90@gmail.com','CAAXTE7ffwm4BAGM7ssIWbvTK8X7wYxiVabSI9rGXNnP5our6xkhz8hOFnHqlI1fXSCU54W2ieJjLJKTW7g3fPdzJsGb8w8fWzkydXerd0QPqPlH92b8TBMZCZBSFkFoRDPwh5ZAIsUyOwKxUVRFmokZB10DzeSl5ll7ykXfIsVuuaDtUrEiDZBotq1ns6cUwZD','2015-12-22 13:40:14',2,'Carlos A Saldivar G','https://www.facebook.com/app_scoped_user_id/1109516979063406/',1,1),(9,'10205936139257896','cdparra@gmail.com','CAAXTE7ffwm4BAJ0DKLnx3lZCZBN912XZAPltPtjZBhWATDTH0lq8WLuZBarnoUlBJvK1PtPNa6AjqE4DBRmkWPZCVxV8xvD5HxX0Rg5cN5SiOAsxlQouSqeH6iZAW0w863o5qswjb2SoHmYSAldsZAE7PibvYt8IXeS1wZBjA0T6TFTUWfAD6uzqihXQZCKLspyZCoZD','2015-12-21 15:24:09',2,'Cristhian Parra','https://www.facebook.com/app_scoped_user_id/10205936139257896/',1,1),(8,'908559322531296','lflegon@gmail.com','CAAXTE7ffwm4BANGFrhVwJWdwZBRuNu2ZAqpN3cfZB7sfmcJiSQbmV2UOrDmZAZAcy8IyxpWk1FnXQtLicovlxUVVtDtpydqWwUfCMRTjeYr2NHHCiT8b1kZBvtR1kv3Lm08ZBrnbETPwBnkI6D6hInB4DiSBtEtEFCEQIu9DHrJZCCDw0h3g2Plm','2015-12-21 14:30:32',2,'Lili Fleitas','https://www.facebook.com/app_scoped_user_id/908559322531296/',1,1),(7,'10156163278595503','sebagar@hotmail.com','CAAXTE7ffwm4BAKZCyQTwVnaWOF6kJATzh9hM2tZCbinOsU881vBrL9C5N8uBNcqSylorut9wBLyacDJdxZB3yPnFjZAMi6ZBTczrrZB62uJWc55XexzKux4jCrVa5MEZBajN4ZBe96PUmHJSVTZC8rJ8dN1N90u25Kyt4DeYkaZAXBFe4H2JZChJzIA','2015-12-21 11:28:06',2,'Carlos Sebastian Garcia','https://www.facebook.com/app_scoped_user_id/10156163278595503/',1,1),(6,'10153019793461925','ana_hermosa45@hotmail.com','CAAXTE7ffwm4BACiA9V9m44NyAUxesI6ZBZBv0Uzs00Cct9HZApMhmcoUsHbXNAFfqb5ANFcVJuvRHLmEqR81qkYhtMkDmnICli0sQnZB2lXdpZCW2PQH5syZC6mMhLZCem3xtAqEb3nJ7zuZBVu1LaZBlCbuMKkjL0nhEQSthpfjN6xzg7s7yVtkB','2015-12-24 17:22:50',2,'Ana Hermosa','https://www.facebook.com/app_scoped_user_id/10153019793461925/',1,1),(11,'10155611534815517','nicoej@gmail.com','CAAXTE7ffwm4BAG8XgOA6zSulyyNCKMZBuHWQSyyZBpABdf3GZAk4nRBlHW2tgijZA1KsjQIX0B6WS2vqpKN2fa66ZAPqDtziBhruiULx6uF13eRtsYdri74KGg0xlznMYMffAn7hygxQesHI4L2xV4CoI2EZC5LCb2esDenVfaHT9rK3oezAzkNRiVcZAS1L3EZD','2015-12-22 14:42:02',2,'Nicolás Escobar Jariton','https://www.facebook.com/app_scoped_user_id/10155611534815517/',1,1),(12,'10206868065436037','carolina.lird@hotmail.com','CAAXTE7ffwm4BABDRlj7mFE7yocGyYq3zRg8MTPZAZBlnZBP1uUdfOOdBSiaGXOzh6rCODVpVYiNHRZBZA7z2MsXpWbZAngi6RneK1sgfQ93uIjB1mdZC57nPZBmkWUrolbtWNb0il8OdV4TeZAzYLepwz1WZAuv3LSAnQB0puz1fmzVPw2o5y5lduYa0kZCByNoP4oZD','2015-12-22 18:03:44',2,'Carolina Martínez','https://www.facebook.com/app_scoped_user_id/10206868065436037/',1,0),(13,'1084322968245205','alimartinez07@gmail.com','CAAXTE7ffwm4BAEyLoM2jm7cAUhe0OaYuVrBFxdTeqpz6ivnoj5xLDRNBK2i6VpdxzJaZA7WrBqZAOmr7eYCJ4oB6wCdokf80g7vs4MDwZCNLYcCQkPhc0qChgeqVgt3bQYUikZC2W8LcT9qrkeESQ3dMrxMnsMmAoUbU4o0IJ6a1AQAlMdoT3vHXQjGD0ZCYZD','2015-12-22 21:04:22',2,'Alicia Martínez','https://www.facebook.com/app_scoped_user_id/1084322968245205/',1,1),(17,'10154382787172178','claulima@hotmail.com','CAAXTE7ffwm4BANTk08uInK1nsDeWtKwtnONIIQifZBJXOAoYsDQm8FecICUKfWuRKI0nGOVwR2njpAj78eJTOzk1xIGKtp3RTGoBHtFPIa6rh3ZAiVFCg5wF7AHF1mULZBjOCAwg0ujvL4cDikWls2xaSSZAA07cLpitPMz6Hpfvol3KoZBfpVZAc1vyMzRooZD','2015-12-26 11:08:52',2,'Claudia Lima Mersan','https://www.facebook.com/app_scoped_user_id/10154382787172178/',1,1),(14,'1089176257759380','normacar@hotmail.es','CAAXTE7ffwm4BAHKLctPevXktKRk5hepK7ZBH6hTHeff0ZBGAQ6toHQtlGIHCakAbCmdfU57IqhL01rUQarDkHw8oX9LmF91fe9zyW9PMvnkMPJbP9ooVrjnzZCSr6eDfpFWmj13pRNzHJ2TGjBpETZAVLUwZBKYj02wBJvrzOveczZA0ZAZCheBBXWZAMKVjMshQZD','2015-12-25 20:29:18',2,'Norma Cardozo Dinatale','https://www.facebook.com/app_scoped_user_id/1089176257759380/',1,1),(15,'1095001667176689','patty_lohman@hotmail.com','CAAXTE7ffwm4BABVRr0LU3dIfylkG4uXW7AF3nUPuoxdF5ZAzXNUESZAbuK5KqQFVk6vA4ZAJRcrfB0B3U4mQGez3cqD6030ITleKgiFZBfPOkfmTxc6Fp7e4sG5rm0wNnSHwqEUvxnrQmpxqvVVb7HCBuV3EgZAgJ2P56n0j6Hb9bTPkr4pOj','2015-12-24 23:04:13',2,'Patty Lohman','https://www.facebook.com/app_scoped_user_id/1095001667176689/',1,1),(16,'10206681126087866','eduardo.maidana@gmail.com','CAAXTE7ffwm4BAMw7qOTNZA84swufV0ce1JBZC1dclkWZBfvX0qpsRzZBkY3Kbnh6TaeFOckACnwV5fUfYnKLbDsmzMZAH7CPWU4HXdKPSqjqQuOlWFm3uXHkjyp1UuJWszNOvychjNyX6bWLp9i7lKswoDttHZAOQQrtnC1QDyjyTMKljfa2uD','2015-12-25 10:05:24',2,'Ruben Maidana','https://www.facebook.com/app_scoped_user_id/10206681126087866/',1,1),(18,'10153415815839355','antogalli80@gmail.com','CAAXTE7ffwm4BAIFh4YmUsAA0xswqtwoZAyFOmkuxGK84zITBro91UtQJxdw5mzFkkIQgZC4p7eKdZADy1pah5hR03EgaCnKEPvSXPx1GmmIorgAuzZAcGTfDnxf0kZC3tXdCUzt05ZAwkbzuvcaSQ2zPANRPXHbYG2EK11UbvTUubRLrNFWJWU','2015-12-27 10:29:03',2,'Antonella Galli','https://www.facebook.com/app_scoped_user_id/10153415815839355/',1,1),(19,'10208260635261875','amussi@elquincho.com.py','CAAXTE7ffwm4BAAzg0yPO8ZCFaoOe9NXDgfLTuUBfiNMOpiQkUvKVxrFmeZARa4hERAPuWCoZB8NXZC4zfhZBZCCFZAwVjZAx1wYaGm59hdldOeYh6G8s2ESf4OKWVPphtgiU3xCl6PmyY74SUrqO8u3GBC5eoRhCuTS2EQAaHjTBDRTO1wnTlZCcV','2015-12-28 19:52:34',2,'Alejandro Mussi','https://www.facebook.com/app_scoped_user_id/10208260635261875/',1,1),(20,'10206163786908038','susa_galli@hotmail.com','CAAXTE7ffwm4BAArqjjCZCGjGDt8Sh2VZAg0bmLJga7uqB8ltuJch5MeuGbXuAK3ocPyKI1icDJ4eK9nELdStWZBHfW7K3u2ZBmWSrzhMXWfmzmxgNndcMoPF1OEYjYaYFQXn605Xt2V8Cgnb37x4ludeZAlhC2nsZAB3EbTTzuYwBrNFuKHgRD','2015-12-28 21:23:48',2,'Susana Galli','https://www.facebook.com/app_scoped_user_id/10206163786908038/',1,1),(21,'1075380172481303','gus.gomez.krona@gmail.com','CAAXTE7ffwm4BAH3TVUnNLwEfGqea47f4jl6fzC2RMfmtWJ9PlZBG6WcmEiJCK2en8kI14M8aVQKuYgU5u2VWAlVwvbmCzVBZAyJT4tSZBVcSRJUu4MIqsYhf1ruVjWLQQNaYQ52hCl1ZBakv1bj3rpvCZCAa07gG050UoW4BqppoB04f2fXL8','2015-12-31 13:04:34',2,'Gus GK','https://www.facebook.com/app_scoped_user_id/1075380172481303/',1,1),(22,'1214785678541140','rebkartt@gmail.com','EAAXTE7ffwm4BAPytCApmZC4rqICAIZALbhZAi7ZBhZBxePAOkBnPZCOh4gm6NX9JZA3IZB4JzfDuZAycDn2Neo3aqt6NDH4aNHpxTSMZAoOnsAHYUnXEAuA7Pb2x77j9JpYEjDInPJXPud8Ac49D9vulPfvEg2rMmyC4sZD','2016-08-30 19:08:51',2,'Rebe Arteta','https://www.facebook.com/app_scoped_user_id/1214785678541140/',1,1);
/*!40000 ALTER TABLE `app_socialnetworkappuser` ENABLE KEYS */;
UNLOCK TABLES;

--
-- Table structure for table `app_vote`
--

DROP TABLE IF EXISTS `app_vote`;
/*!40101 SET @saved_cs_client     = @@character_set_client */;
/*!40101 SET character_set_client = utf8 */;
CREATE TABLE `app_vote` (
  `id` int(11) NOT NULL AUTO_INCREMENT,
  `sn_id` varchar(100) DEFAULT NULL,
  `cp_id` varchar(100) DEFAULT NULL,
  `datetime` datetime DEFAULT NULL,
  `source` varchar(50) NOT NULL,
  `payload` longtext,
  `is_new` tinyint(1) NOT NULL,
  `has_changed` tinyint(1) NOT NULL,
  `exist_cp` tinyint(1) DEFAULT NULL,
  `sync` tinyint(1) NOT NULL,
  `value` int(11) NOT NULL,
  `parent` varchar(10) NOT NULL,
  `author_id` int(11) NOT NULL,
  `campaign_id` int(11) NOT NULL,
  `initiative_id` int(11) NOT NULL,
  `parent_comment_id` int(11) DEFAULT NULL,
  `parent_idea_id` int(11) DEFAULT NULL,
  `source_consultation_id` int(11) DEFAULT NULL,
  `source_social_id` int(11) DEFAULT NULL,
  `exist_sn` tinyint(1) NOT NULL,
  PRIMARY KEY (`id`),
  KEY `app_vote_4f331e2f` (`author_id`),
  KEY `app_vote_f14acec3` (`campaign_id`),
  KEY `app_vote_4d350b0d` (`initiative_id`),
  KEY `app_vote_3a87a439` (`parent_comment_id`),
  KEY `app_vote_328583f2` (`parent_idea_id`),
  KEY `app_vote_90a434b5` (`source_consultation_id`),
  KEY `app_vote_0493904f` (`source_social_id`)
) ENGINE=MyISAM AUTO_INCREMENT=519 DEFAULT CHARSET=latin1;
/*!40101 SET character_set_client = @saved_cs_client */;

--
-- Dumping data for table `app_vote`
--

LOCK TABLES `app_vote` WRITE;
/*!40000 ALTER TABLE `app_vote` DISABLE KEYS */;
INSERT INTO `app_vote` VALUES (7,NULL,'4191491','2015-10-15 18:11:32','consultation_platform',NULL,1,0,1,0,1,'idea',34,9,3,NULL,10,1,NULL,0),(8,NULL,'4190676','2015-10-15 11:54:26','consultation_platform',NULL,1,0,1,0,1,'idea',35,9,3,NULL,10,1,NULL,0),(9,NULL,'4190670','2015-10-15 11:43:05','consultation_platform',NULL,1,0,1,0,1,'idea',36,9,3,NULL,10,1,NULL,0),(10,NULL,'4175350','2015-10-08 23:50:59','consultation_platform',NULL,1,0,1,0,1,'idea',20,9,3,NULL,10,1,NULL,0),(11,NULL,'4181257','2015-10-11 14:08:16','consultation_platform',NULL,1,0,1,0,1,'idea',37,9,3,NULL,10,1,NULL,0),(12,NULL,'4172897','2015-10-08 02:05:17','consultation_platform',NULL,1,0,1,0,1,'idea',38,9,3,NULL,10,1,NULL,0),(13,NULL,'4172377','2015-10-07 22:18:21','consultation_platform',NULL,1,0,1,0,1,'idea',19,9,3,NULL,10,1,NULL,0),(14,NULL,'4170130','2015-10-07 03:13:54','consultation_platform',NULL,1,0,1,0,1,'idea',15,9,3,NULL,10,1,NULL,0),(15,NULL,'4170123','2015-10-07 03:11:06','consultation_platform',NULL,1,0,1,0,1,'idea',39,9,3,NULL,10,1,NULL,0),(16,NULL,'4170118','2015-10-07 03:10:25','consultation_platform',NULL,1,0,1,0,1,'idea',40,9,3,NULL,10,1,NULL,0),(17,NULL,'4170126','2015-10-07 03:12:33','consultation_platform',NULL,1,0,1,0,1,'idea',14,9,3,NULL,10,1,NULL,0),(18,NULL,'4171000','2015-10-07 14:25:19','consultation_platform',NULL,1,0,1,0,1,'idea',17,9,3,NULL,10,1,NULL,0),(19,NULL,'4177452','2015-10-09 16:44:39','consultation_platform',NULL,1,0,1,0,1,'idea',41,9,3,NULL,10,1,NULL,0),(20,NULL,'4170122','2015-10-07 03:11:03','consultation_platform',NULL,1,0,1,0,1,'idea',13,9,3,NULL,10,1,NULL,0),(21,NULL,'4172261','2015-10-07 21:28:07','consultation_platform',NULL,1,0,1,0,1,'idea',42,9,3,NULL,10,1,NULL,0),(22,NULL,'4170124','2015-10-07 03:11:23','consultation_platform',NULL,1,0,1,0,1,'idea',27,9,3,NULL,10,1,NULL,0),(23,NULL,'3992376','2015-08-16 17:35:18','consultation_platform',NULL,1,0,1,0,1,'idea',12,9,3,NULL,10,1,NULL,0),(24,NULL,'4191261','2015-10-15 16:12:46','consultation_platform',NULL,1,0,1,0,1,'idea',43,9,3,NULL,10,1,NULL,0),(25,NULL,'4196231','2015-10-16 18:01:57','consultation_platform',NULL,1,0,1,0,1,'idea',44,9,3,NULL,10,1,NULL,0),(26,NULL,'4196225','2015-10-16 18:01:05','consultation_platform',NULL,1,0,1,0,1,'idea',23,9,3,NULL,10,1,NULL,0),(27,NULL,'4197727','2015-10-18 10:11:57','consultation_platform',NULL,1,0,1,0,1,'idea',45,9,3,NULL,10,1,NULL,0),(28,NULL,'4200651','2015-10-20 17:33:54','consultation_platform',NULL,1,0,1,0,1,'idea',26,9,3,NULL,10,1,NULL,0),(29,NULL,'4201043','2015-10-20 23:49:06','consultation_platform',NULL,1,0,1,0,1,'idea',46,9,3,NULL,10,1,NULL,0),(30,NULL,'4200305','2015-10-20 12:06:59','consultation_platform',NULL,1,0,1,0,1,'idea',12,7,3,NULL,11,1,NULL,0),(31,NULL,'4170152','2015-10-07 03:20:38','consultation_platform',NULL,1,0,1,0,1,'idea',13,7,3,NULL,11,1,NULL,0),(32,NULL,'4170197','2015-10-07 03:33:30','consultation_platform',NULL,1,0,1,0,1,'idea',14,7,3,NULL,11,1,NULL,0),(33,NULL,'4170188','2015-10-07 03:31:42','consultation_platform',NULL,1,0,1,0,1,'idea',40,7,3,NULL,11,1,NULL,0),(34,NULL,'4172893','2015-10-08 02:04:56','consultation_platform',NULL,1,0,1,0,1,'idea',38,7,3,NULL,11,1,NULL,0),(35,NULL,'4201044','2015-10-20 23:49:32','consultation_platform',NULL,1,0,1,0,1,'idea',46,7,3,NULL,11,1,NULL,0),(36,NULL,'4196518','2015-10-16 20:11:48','consultation_platform',NULL,1,0,1,0,1,'idea',13,8,3,NULL,12,1,NULL,0),(37,NULL,'4177454','2015-10-09 16:44:53','consultation_platform',NULL,1,0,1,0,1,'idea',41,8,3,NULL,12,1,NULL,0),(38,NULL,'4170195','2015-10-07 03:33:04','consultation_platform',NULL,1,0,1,0,1,'idea',14,8,3,NULL,12,1,NULL,0),(39,NULL,'4170187','2015-10-07 03:31:35','consultation_platform',NULL,1,0,1,0,1,'idea',40,8,3,NULL,12,1,NULL,0),(40,NULL,'4170194','2015-10-07 03:33:04','consultation_platform',NULL,1,0,1,0,1,'idea',15,8,3,NULL,12,1,NULL,0),(41,NULL,'4175349','2015-10-08 23:50:51','consultation_platform',NULL,1,0,1,0,1,'idea',20,8,3,NULL,12,1,NULL,0),(42,NULL,'4190675','2015-10-15 11:54:12','consultation_platform',NULL,1,0,1,0,1,'idea',35,8,3,NULL,12,1,NULL,0),(43,NULL,'4191683','2015-10-15 19:22:53','consultation_platform',NULL,1,0,1,0,1,'idea',47,8,3,NULL,12,1,NULL,0),(44,NULL,'4199959','2015-10-19 16:58:38','consultation_platform',NULL,1,0,1,0,1,'idea',29,8,3,NULL,12,1,NULL,0),(45,NULL,'4201099','2015-10-21 01:20:20','consultation_platform',NULL,1,0,1,0,1,'idea',28,8,3,NULL,12,1,NULL,0),(46,NULL,'4196516','2015-10-16 20:11:29','consultation_platform',NULL,1,0,1,0,1,'idea',13,7,3,NULL,13,1,NULL,0),(47,NULL,'4170198','2015-10-07 03:33:35','consultation_platform',NULL,1,0,1,0,1,'idea',14,7,3,NULL,13,1,NULL,0),(48,NULL,'4170189','2015-10-07 03:32:02','consultation_platform',NULL,1,0,1,0,1,'idea',40,7,3,NULL,13,1,NULL,0),(49,NULL,'4170180','2015-10-07 03:29:01','consultation_platform',NULL,1,0,1,0,1,'idea',15,7,3,NULL,13,1,NULL,0),(50,NULL,'4172891','2015-10-08 02:04:36','consultation_platform',NULL,1,0,1,0,1,'idea',38,7,3,NULL,13,1,NULL,0),(51,NULL,'4175348','2015-10-08 23:50:47','consultation_platform',NULL,1,0,1,0,1,'idea',20,7,3,NULL,13,1,NULL,0),(52,NULL,'4201041','2015-10-20 23:48:39','consultation_platform',NULL,1,0,1,0,1,'idea',46,7,3,NULL,13,1,NULL,0),(53,NULL,'4201096','2015-10-21 01:15:54','consultation_platform',NULL,1,0,1,0,1,'idea',28,7,3,NULL,13,1,NULL,0),(54,NULL,'4172262','2015-10-07 21:28:21','consultation_platform',NULL,1,0,1,0,1,'idea',42,13,3,NULL,14,1,NULL,0),(55,NULL,'4170185','2015-10-07 03:30:42','consultation_platform',NULL,1,0,1,0,1,'idea',13,13,3,NULL,14,1,NULL,0),(56,NULL,'4171875','2015-10-07 17:59:10','consultation_platform',NULL,1,0,1,0,1,'idea',17,13,3,NULL,14,1,NULL,0),(57,NULL,'4170201','2015-10-07 03:33:54','consultation_platform',NULL,1,0,1,0,1,'idea',14,13,3,NULL,14,1,NULL,0),(58,NULL,'4170190','2015-10-07 03:32:25','consultation_platform',NULL,1,0,1,0,1,'idea',40,13,3,NULL,14,1,NULL,0),(59,NULL,'4172889','2015-10-08 02:04:30','consultation_platform',NULL,1,0,1,0,1,'idea',38,13,3,NULL,14,1,NULL,0),(60,NULL,'4175352','2015-10-08 23:51:08','consultation_platform',NULL,1,0,1,0,1,'idea',20,13,3,NULL,14,1,NULL,0),(61,NULL,'4190667','2015-10-15 11:40:39','consultation_platform',NULL,1,0,1,0,1,'idea',36,13,3,NULL,14,1,NULL,0),(62,NULL,'4190677','2015-10-15 11:54:32','consultation_platform',NULL,1,0,1,0,1,'idea',35,13,3,NULL,14,1,NULL,0),(63,NULL,'4201040','2015-10-20 23:48:34','consultation_platform',NULL,1,0,1,0,1,'idea',46,13,3,NULL,14,1,NULL,0),(64,NULL,'4200303','2015-10-20 12:06:35','consultation_platform',NULL,1,0,1,0,1,'idea',12,9,3,NULL,16,1,NULL,0),(65,NULL,'4196513','2015-10-16 20:11:03','consultation_platform',NULL,1,0,1,0,1,'idea',13,9,3,NULL,16,1,NULL,0),(66,NULL,'4171010','2015-10-07 14:37:09','consultation_platform',NULL,1,0,1,0,1,'idea',17,9,3,NULL,16,1,NULL,0),(67,NULL,'4171659','2015-10-07 16:02:34','consultation_platform',NULL,1,0,1,0,1,'idea',40,9,3,NULL,16,1,NULL,0),(68,NULL,'4190681','2015-10-15 12:03:26','consultation_platform',NULL,1,0,1,0,1,'idea',48,9,3,NULL,16,1,NULL,0),(69,NULL,'4191260','2015-10-15 16:12:16','consultation_platform',NULL,1,0,1,0,1,'idea',43,9,3,NULL,16,1,NULL,0),(70,NULL,'4191678','2015-10-15 19:22:40','consultation_platform',NULL,1,0,1,0,1,'idea',47,9,3,NULL,16,1,NULL,0),(71,NULL,'4192135','2015-10-15 21:58:49','consultation_platform',NULL,1,0,1,0,1,'idea',49,9,3,NULL,16,1,NULL,0),(72,NULL,'4196220','2015-10-16 17:59:16','consultation_platform',NULL,1,0,1,0,1,'idea',23,9,3,NULL,16,1,NULL,0),(73,NULL,'4199948','2015-10-19 16:52:59','consultation_platform',NULL,1,0,1,0,1,'idea',29,9,3,NULL,16,1,NULL,0),(74,NULL,'4200643','2015-10-20 17:32:30','consultation_platform',NULL,1,0,1,0,1,'idea',26,9,3,NULL,16,1,NULL,0),(75,NULL,'4201039','2015-10-20 23:48:27','consultation_platform',NULL,1,0,1,0,1,'idea',46,9,3,NULL,16,1,NULL,0),(76,NULL,'4201221','2015-10-21 11:55:49','consultation_platform',NULL,1,0,1,0,1,'idea',12,8,3,NULL,15,1,NULL,0),(77,NULL,'4196506','2015-10-16 20:09:37','consultation_platform',NULL,1,0,1,0,1,'idea',13,8,3,NULL,15,1,NULL,0),(78,NULL,'4186387','2015-10-13 15:53:40','consultation_platform',NULL,1,0,1,0,1,'idea',17,8,3,NULL,15,1,NULL,0),(79,NULL,'4172097','2015-10-07 19:24:41','consultation_platform',NULL,1,0,1,0,1,'idea',40,8,3,NULL,15,1,NULL,0),(80,NULL,'4175164','2015-10-08 22:32:29','consultation_platform',NULL,1,0,1,0,1,'idea',24,8,3,NULL,15,1,NULL,0),(81,NULL,'4175353','2015-10-08 23:51:18','consultation_platform',NULL,1,0,1,0,1,'idea',20,8,3,NULL,15,1,NULL,0),(82,NULL,'4190665','2015-10-15 11:40:07','consultation_platform',NULL,1,0,1,0,1,'idea',36,8,3,NULL,15,1,NULL,0),(83,NULL,'4190680','2015-10-15 12:03:18','consultation_platform',NULL,1,0,1,0,1,'idea',48,8,3,NULL,15,1,NULL,0),(84,NULL,'4191674','2015-10-15 19:22:32','consultation_platform',NULL,1,0,1,0,1,'idea',47,8,3,NULL,15,1,NULL,0),(85,NULL,'4196230','2015-10-16 18:01:44','consultation_platform',NULL,1,0,1,0,1,'idea',44,8,3,NULL,15,1,NULL,0),(86,NULL,'4197726','2015-10-18 10:11:46','consultation_platform',NULL,1,0,1,0,1,'idea',45,8,3,NULL,15,1,NULL,0),(87,NULL,'4199947','2015-10-19 16:52:17','consultation_platform',NULL,1,0,1,0,1,'idea',29,8,3,NULL,15,1,NULL,0),(88,NULL,'4201038','2015-10-20 23:48:18','consultation_platform',NULL,1,0,1,0,1,'idea',46,8,3,NULL,15,1,NULL,0),(89,NULL,'4200300','2015-10-20 12:03:37','consultation_platform',NULL,1,0,1,0,1,'idea',12,13,3,NULL,17,1,NULL,0),(90,NULL,'4172263','2015-10-07 21:28:45','consultation_platform',NULL,1,0,1,0,1,'idea',42,13,3,NULL,17,1,NULL,0),(91,NULL,'4196500','2015-10-16 20:08:59','consultation_platform',NULL,1,0,1,0,1,'idea',13,13,3,NULL,17,1,NULL,0),(92,NULL,'4172417','2015-10-07 22:54:08','consultation_platform',NULL,1,0,1,0,1,'idea',15,13,3,NULL,17,1,NULL,0),(93,NULL,'4172146','2015-10-07 19:49:26','consultation_platform',NULL,1,0,1,0,1,'idea',18,13,3,NULL,17,1,NULL,0),(94,NULL,'4175355','2015-10-08 23:51:23','consultation_platform',NULL,1,0,1,0,1,'idea',20,13,3,NULL,17,1,NULL,0),(95,NULL,'4199946','2015-10-19 16:51:38','consultation_platform',NULL,1,0,1,0,1,'idea',29,13,3,NULL,17,1,NULL,0),(96,NULL,'4201045','2015-10-20 23:49:36','consultation_platform',NULL,1,0,1,0,1,'idea',46,13,3,NULL,17,1,NULL,0),(97,NULL,'4200298','2015-10-20 12:02:37','consultation_platform',NULL,1,0,1,0,1,'idea',12,7,3,NULL,18,1,NULL,0),(98,NULL,'4196486','2015-10-16 20:06:59','consultation_platform',NULL,1,0,1,0,1,'idea',13,7,3,NULL,18,1,NULL,0),(99,NULL,'4177435','2015-10-09 16:40:00','consultation_platform',NULL,1,0,1,0,1,'idea',41,7,3,NULL,18,1,NULL,0),(100,NULL,'4172391','2015-10-07 22:27:17','consultation_platform',NULL,1,0,1,0,1,'idea',14,7,3,NULL,18,1,NULL,0),(101,NULL,'4173787','2015-10-08 14:04:18','consultation_platform',NULL,1,0,1,0,1,'idea',40,7,3,NULL,18,1,NULL,0),(102,NULL,'4172376','2015-10-07 22:17:59','consultation_platform',NULL,1,0,1,0,1,'idea',19,7,3,NULL,18,1,NULL,0),(103,NULL,'4173966','2015-10-08 15:19:27','consultation_platform',NULL,1,0,1,0,1,'idea',50,7,3,NULL,18,1,NULL,0),(104,NULL,'4190671','2015-10-15 11:45:39','consultation_platform',NULL,1,0,1,0,1,'idea',36,7,3,NULL,18,1,NULL,0),(105,NULL,'4190980','2015-10-15 15:13:10','consultation_platform',NULL,1,0,1,0,1,'idea',51,7,3,NULL,18,1,NULL,0),(106,NULL,'4191669','2015-10-15 19:22:09','consultation_platform',NULL,1,0,1,0,1,'idea',47,7,3,NULL,18,1,NULL,0),(107,NULL,'4201035','2015-10-20 23:46:32','consultation_platform',NULL,1,0,1,0,1,'idea',46,7,3,NULL,18,1,NULL,0),(108,NULL,'4200297','2015-10-20 12:02:30','consultation_platform',NULL,1,0,1,0,1,'idea',12,10,3,NULL,19,1,NULL,0),(109,NULL,'4196483','2015-10-16 20:06:33','consultation_platform',NULL,1,0,1,0,1,'idea',13,10,3,NULL,19,1,NULL,0),(110,NULL,'4177464','2015-10-09 16:46:41','consultation_platform',NULL,1,0,1,0,1,'idea',41,10,3,NULL,19,1,NULL,0),(111,NULL,'4201103','2015-10-21 01:30:46','consultation_platform',NULL,1,0,1,0,1,'idea',40,10,3,NULL,19,1,NULL,0),(112,NULL,'4175532','2015-10-09 00:59:14','consultation_platform',NULL,1,0,1,0,1,'idea',19,10,3,NULL,19,1,NULL,0),(113,NULL,'4175429','2015-10-09 00:04:34','consultation_platform',NULL,1,0,1,0,1,'idea',20,10,3,NULL,19,1,NULL,0),(114,NULL,'4178914','2015-10-10 01:01:59','consultation_platform',NULL,1,0,1,0,1,'idea',33,10,3,NULL,19,1,NULL,0),(115,NULL,'4178607','2015-10-09 21:49:08','consultation_platform',NULL,1,0,1,0,1,'idea',32,10,3,NULL,19,1,NULL,0),(116,NULL,'4196434','2015-10-16 19:39:23','consultation_platform',NULL,1,0,1,0,1,'idea',52,10,3,NULL,19,1,NULL,0),(117,NULL,'4191490','2015-10-15 18:10:38','consultation_platform',NULL,1,0,1,0,1,'idea',34,10,3,NULL,19,1,NULL,0),(118,NULL,'4191666','2015-10-15 19:21:52','consultation_platform',NULL,1,0,1,0,1,'idea',47,10,3,NULL,19,1,NULL,0),(119,NULL,'4196229','2015-10-16 18:01:33','consultation_platform',NULL,1,0,1,0,1,'idea',44,10,3,NULL,19,1,NULL,0),(120,NULL,'4199945','2015-10-19 16:50:32','consultation_platform',NULL,1,0,1,0,1,'idea',29,10,3,NULL,19,1,NULL,0),(121,NULL,'4200595','2015-10-20 17:10:31','consultation_platform',NULL,1,0,1,0,1,'idea',26,10,3,NULL,19,1,NULL,0),(122,NULL,'4201034','2015-10-20 23:46:11','consultation_platform',NULL,1,0,1,0,1,'idea',46,10,3,NULL,19,1,NULL,0),(123,NULL,'4200294','2015-10-20 12:01:01','consultation_platform',NULL,1,0,1,0,1,'idea',12,13,3,NULL,20,1,NULL,0),(124,NULL,'4199639','2015-10-19 14:37:52','consultation_platform',NULL,1,0,1,0,1,'idea',27,13,3,NULL,20,1,NULL,0),(125,NULL,'4196475','2015-10-16 20:05:41','consultation_platform',NULL,1,0,1,0,1,'idea',13,13,3,NULL,20,1,NULL,0),(126,NULL,'4179059','2015-10-10 02:03:14','consultation_platform',NULL,1,0,1,0,1,'idea',41,13,3,NULL,20,1,NULL,0),(127,NULL,'4201104','2015-10-21 01:30:55','consultation_platform',NULL,1,0,1,0,1,'idea',40,13,3,NULL,20,1,NULL,0),(128,NULL,'4190084','2015-10-15 02:25:20','consultation_platform',NULL,1,0,1,0,1,'idea',32,13,3,NULL,20,1,NULL,0),(129,NULL,'4188463','2015-10-14 15:13:48','consultation_platform',NULL,1,0,1,0,1,'idea',53,13,3,NULL,20,1,NULL,0),(130,NULL,'4196432','2015-10-16 19:39:23','consultation_platform',NULL,1,0,1,0,1,'idea',52,13,3,NULL,20,1,NULL,0),(131,NULL,'4191259','2015-10-15 16:11:47','consultation_platform',NULL,1,0,1,0,1,'idea',43,13,3,NULL,20,1,NULL,0),(132,NULL,'4199944','2015-10-19 16:50:23','consultation_platform',NULL,1,0,1,0,1,'idea',29,13,3,NULL,20,1,NULL,0),(133,NULL,'4200612','2015-10-20 17:17:57','consultation_platform',NULL,1,0,1,0,1,'idea',26,13,3,NULL,20,1,NULL,0),(134,NULL,'4201033','2015-10-20 23:45:52','consultation_platform',NULL,1,0,1,0,1,'idea',46,13,3,NULL,20,1,NULL,0),(135,NULL,'4192127','2015-10-15 21:56:56','consultation_platform',NULL,1,0,1,0,1,'idea',12,9,3,NULL,21,1,NULL,0),(136,NULL,'4196473','2015-10-16 20:05:00','consultation_platform',NULL,1,0,1,0,1,'idea',13,9,3,NULL,21,1,NULL,0),(137,NULL,'4201105','2015-10-21 01:32:12','consultation_platform',NULL,1,0,1,0,1,'idea',40,9,3,NULL,21,1,NULL,0),(138,NULL,'4197193','2015-10-17 00:03:58','consultation_platform',NULL,1,0,1,0,1,'idea',32,9,3,NULL,21,1,NULL,0),(139,NULL,'4192137','2015-10-15 21:59:07','consultation_platform',NULL,1,0,1,0,1,'idea',49,9,3,NULL,21,1,NULL,0),(140,NULL,'4193305','2015-10-16 13:28:16','consultation_platform',NULL,1,0,1,0,1,'idea',31,9,3,NULL,21,1,NULL,0),(141,NULL,'4197725','2015-10-18 10:11:29','consultation_platform',NULL,1,0,1,0,1,'idea',45,9,3,NULL,21,1,NULL,0),(142,NULL,'4199943','2015-10-19 16:50:07','consultation_platform',NULL,1,0,1,0,1,'idea',29,9,3,NULL,21,1,NULL,0),(143,NULL,'4200592','2015-10-20 17:09:39','consultation_platform',NULL,1,0,1,0,1,'idea',26,9,3,NULL,21,1,NULL,0),(144,NULL,'4201032','2015-10-20 23:45:14','consultation_platform',NULL,1,0,1,0,1,'idea',46,9,3,NULL,21,1,NULL,0),(145,NULL,'4200292','2015-10-20 12:00:21','consultation_platform',NULL,1,0,1,0,1,'idea',12,13,3,NULL,22,1,NULL,0),(146,NULL,'4196472','2015-10-16 20:04:42','consultation_platform',NULL,1,0,1,0,1,'idea',13,13,3,NULL,22,1,NULL,0),(147,NULL,'4199942','2015-10-19 16:48:06','consultation_platform',NULL,1,0,1,0,1,'idea',29,13,3,NULL,22,1,NULL,0),(148,NULL,'4200591','2015-10-20 17:08:54','consultation_platform',NULL,1,0,1,0,1,'idea',26,13,3,NULL,22,1,NULL,0),(149,NULL,'4201025','2015-10-20 23:33:44','consultation_platform',NULL,1,0,1,0,1,'idea',46,13,3,NULL,22,1,NULL,0),(150,NULL,'4200290','2015-10-20 11:59:35','consultation_platform',NULL,1,0,1,0,1,'idea',12,9,3,NULL,23,1,NULL,0),(151,NULL,'4196470','2015-10-16 20:04:33','consultation_platform',NULL,1,0,1,0,1,'idea',13,9,3,NULL,23,1,NULL,0),(152,NULL,'4201107','2015-10-21 01:33:20','consultation_platform',NULL,1,0,1,0,1,'idea',40,9,3,NULL,23,1,NULL,0),(153,NULL,'4196395','2015-10-16 19:31:27','consultation_platform',NULL,1,0,1,0,1,'idea',52,9,3,NULL,23,1,NULL,0),(154,NULL,'4199941','2015-10-19 16:47:47','consultation_platform',NULL,1,0,1,0,1,'idea',29,9,3,NULL,23,1,NULL,0),(155,NULL,'4200588','2015-10-20 17:07:44','consultation_platform',NULL,1,0,1,0,1,'idea',26,9,3,NULL,23,1,NULL,0),(156,NULL,'4201024','2015-10-20 23:33:41','consultation_platform',NULL,1,0,1,0,1,'idea',46,9,3,NULL,23,1,NULL,0),(157,NULL,'4200289','2015-10-20 11:59:27','consultation_platform',NULL,1,0,1,0,1,'idea',12,7,3,NULL,25,1,NULL,0),(158,NULL,'4201102','2015-10-21 01:28:34','consultation_platform',NULL,1,0,1,0,1,'idea',40,7,3,NULL,25,1,NULL,0),(159,NULL,'4199940','2015-10-19 16:47:30','consultation_platform',NULL,1,0,1,0,1,'idea',29,7,3,NULL,25,1,NULL,0),(160,NULL,'4200586','2015-10-20 17:06:54','consultation_platform',NULL,1,0,1,0,1,'idea',26,7,3,NULL,25,1,NULL,0),(161,NULL,'4201023','2015-10-20 23:33:35','consultation_platform',NULL,1,0,1,0,1,'idea',46,7,3,NULL,25,1,NULL,0),(162,NULL,'4200286','2015-10-20 11:57:25','consultation_platform',NULL,1,0,1,0,1,'idea',12,13,3,NULL,24,1,NULL,0),(163,NULL,'4201022','2015-10-20 23:33:28','consultation_platform',NULL,1,0,1,0,1,'idea',46,13,3,NULL,24,1,NULL,0),(164,NULL,'4200641','2015-10-20 17:32:09','consultation_platform',NULL,1,0,1,0,1,'idea',12,9,3,NULL,26,1,NULL,0),(165,NULL,'4200639','2015-10-20 17:32:00','consultation_platform',NULL,1,0,1,0,1,'idea',12,13,3,NULL,27,1,NULL,0),(166,NULL,'4200899','2015-10-20 20:41:35','consultation_platform',NULL,1,0,1,0,1,'idea',27,13,3,NULL,27,1,NULL,0),(167,NULL,'4200644','2015-10-20 17:33:06','consultation_platform',NULL,1,0,1,0,1,'comment',26,9,3,48,NULL,1,NULL,0),(168,NULL,'4172395','2015-10-07 22:30:16','consultation_platform',NULL,1,0,1,0,1,'comment',19,7,3,47,NULL,1,NULL,0),(169,NULL,'4196524','2015-10-16 20:13:40','consultation_platform',NULL,1,0,1,0,1,'comment',13,9,3,45,NULL,1,NULL,0),(170,NULL,'4196523','2015-10-16 20:13:38','consultation_platform',NULL,1,0,1,0,1,'comment',13,9,3,44,NULL,1,NULL,0),(171,NULL,'4174975','2015-10-08 20:58:55','consultation_platform',NULL,1,0,1,0,1,'comment',19,9,3,44,NULL,1,NULL,0),(172,NULL,'4196521','2015-10-16 20:13:05','consultation_platform',NULL,1,0,1,0,1,'comment',13,7,3,32,NULL,1,NULL,0),(173,NULL,'4200598','2015-10-20 17:12:54','consultation_platform',NULL,1,0,1,0,1,'comment',26,13,3,37,NULL,1,NULL,0),(174,NULL,'4200593','2015-10-20 17:09:56','consultation_platform',NULL,1,0,1,0,1,'comment',26,9,3,36,NULL,1,NULL,0),(175,NULL,'4200302','2015-10-20 12:05:49','consultation_platform',NULL,1,0,1,0,1,'comment',12,9,3,35,NULL,1,NULL,0),(176,NULL,'4200647','2015-10-20 17:33:28','consultation_platform',NULL,1,0,1,0,1,'comment',26,9,3,35,NULL,1,NULL,0),(177,NULL,'4200291','2015-10-20 11:59:48','consultation_platform',NULL,1,0,1,0,1,'comment',12,9,3,31,NULL,1,NULL,0),(178,NULL,'4200589','2015-10-20 17:08:11','consultation_platform',NULL,1,0,1,0,1,'comment',26,9,3,31,NULL,1,NULL,0),(179,NULL,'4200288','2015-10-20 11:58:00','consultation_platform',NULL,1,0,1,0,1,'comment',12,7,3,28,NULL,1,NULL,0),(180,NULL,'4200585','2015-10-20 17:06:40','consultation_platform',NULL,1,0,1,0,1,'comment',26,7,3,28,NULL,1,NULL,0),(181,NULL,'4200590','2015-10-20 17:08:22','consultation_platform',NULL,1,0,1,0,1,'comment',26,9,3,27,NULL,1,NULL,0),(182,NULL,'4200293','2015-10-20 12:00:50','consultation_platform',NULL,1,0,1,0,1,'comment',12,9,3,26,NULL,1,NULL,0),(183,NULL,'4200295','2015-10-20 12:01:47','consultation_platform',NULL,1,0,1,0,1,'comment',12,13,3,25,NULL,1,NULL,0),(184,NULL,'4200597','2015-10-20 17:12:53','consultation_platform',NULL,1,0,1,0,1,'comment',26,13,3,25,NULL,1,NULL,0),(185,NULL,'4200296','2015-10-20 12:02:25','consultation_platform',NULL,1,0,1,0,1,'comment',12,10,3,24,NULL,1,NULL,0),(186,NULL,'4200299','2015-10-20 12:02:56','consultation_platform',NULL,1,0,1,0,1,'comment',12,7,3,23,NULL,1,NULL,0),(187,NULL,'4200638','2015-10-20 17:31:53','consultation_platform',NULL,1,0,1,0,1,'comment',26,7,3,23,NULL,1,NULL,0),(188,NULL,'4200301','2015-10-20 12:05:03','consultation_platform',NULL,1,0,1,0,1,'comment',12,8,3,21,NULL,1,NULL,0),(189,NULL,'4200287','2015-10-20 11:57:56','consultation_platform',NULL,1,0,1,0,1,'comment',12,7,3,18,NULL,1,NULL,0),(190,NULL,'4200584','2015-10-20 17:06:35','consultation_platform',NULL,1,0,1,0,1,'comment',26,7,3,18,NULL,1,NULL,0),(191,NULL,'4201256','2015-10-21 14:36:45','consultation_platform',NULL,1,0,1,0,1,'idea',36,9,3,NULL,21,1,NULL,0),(192,NULL,'4201279','2015-10-21 15:56:22','consultation_platform',NULL,1,0,1,0,1,'idea',54,9,3,NULL,10,1,NULL,0),(193,NULL,'4201278','2015-10-21 15:56:12','consultation_platform',NULL,1,0,1,0,1,'idea',54,13,3,NULL,14,1,NULL,0),(194,NULL,'4201277','2015-10-21 15:56:08','consultation_platform',NULL,1,0,1,0,1,'idea',54,9,3,NULL,16,1,NULL,0),(195,NULL,'4201276','2015-10-21 15:56:03','consultation_platform',NULL,1,0,1,0,1,'idea',54,8,3,NULL,15,1,NULL,0),(196,NULL,'4201275','2015-10-21 15:55:47','consultation_platform',NULL,1,0,1,0,1,'idea',54,10,3,NULL,19,1,NULL,0),(197,NULL,'4201282','2015-10-21 15:57:13','consultation_platform',NULL,1,0,1,0,1,'idea',55,10,3,NULL,19,1,NULL,0),(198,NULL,'4201273','2015-10-21 15:55:30','consultation_platform',NULL,1,0,1,0,1,'idea',54,13,3,NULL,20,1,NULL,0),(199,NULL,'4201274','2015-10-21 15:55:36','consultation_platform',NULL,1,0,1,0,1,'idea',54,7,3,NULL,25,1,NULL,0),(200,NULL,'4201280','2015-10-21 15:56:39','consultation_platform',NULL,1,0,1,0,1,'idea',54,13,3,NULL,28,1,NULL,0),(201,NULL,'4201281','2015-10-21 15:56:44','consultation_platform',NULL,1,0,1,0,1,'idea',54,9,3,NULL,30,1,NULL,0),(202,NULL,'4201292','2015-10-21 16:04:33','consultation_platform',NULL,1,0,1,0,1,'idea',12,8,3,NULL,12,1,NULL,0),(203,NULL,'4201291','2015-10-21 16:04:32','consultation_platform',NULL,1,0,1,0,1,'idea',12,7,3,NULL,13,1,NULL,0),(204,NULL,'4201293','2015-10-21 16:04:35','consultation_platform',NULL,1,0,1,0,1,'idea',12,13,3,NULL,14,1,NULL,0),(205,NULL,'4201290','2015-10-21 16:04:24','consultation_platform',NULL,1,0,1,0,1,'idea',12,13,3,NULL,28,1,NULL,0),(206,NULL,'4201289','2015-10-21 16:04:23','consultation_platform',NULL,1,0,1,0,1,'idea',12,13,3,NULL,29,1,NULL,0),(207,NULL,'4201288','2015-10-21 16:04:20','consultation_platform',NULL,1,0,1,0,1,'idea',12,9,3,NULL,30,1,NULL,0),(208,NULL,'4201298','2015-10-21 16:30:52','consultation_platform',NULL,1,0,1,0,1,'idea',26,9,3,NULL,30,1,NULL,0),(209,NULL,'4201296','2015-10-21 16:30:14','consultation_platform',NULL,1,0,1,0,1,'idea',26,8,3,NULL,31,1,NULL,0),(210,NULL,'4201299','2015-10-21 16:31:41','consultation_platform',NULL,1,0,1,0,1,'idea',26,13,3,NULL,29,1,NULL,0),(211,NULL,'4201304','2015-10-21 16:41:35','consultation_platform',NULL,1,0,1,0,1,'idea',26,13,3,NULL,27,1,NULL,0),(212,NULL,'4201303','2015-10-21 16:41:17','consultation_platform',NULL,1,0,1,0,1,'idea',26,13,3,NULL,28,1,NULL,0),(213,NULL,'4201306','2015-10-21 16:46:37','consultation_platform',NULL,1,0,1,0,1,'idea',26,7,3,NULL,18,1,NULL,0),(214,NULL,'4201308','2015-10-21 16:47:04','consultation_platform',NULL,1,0,1,0,1,'comment',26,7,3,46,NULL,1,NULL,0),(215,NULL,'4201313','2015-10-21 17:16:49','consultation_platform',NULL,1,0,1,0,1,'idea',12,8,3,NULL,31,1,NULL,0),(216,NULL,'4201319','2015-10-21 17:26:42','consultation_platform',NULL,1,0,1,0,1,'idea',24,13,3,NULL,29,1,NULL,0),(217,NULL,'4201320','2015-10-21 17:27:59','consultation_platform',NULL,1,0,1,0,1,'idea',24,7,3,NULL,25,1,NULL,0),(218,NULL,'4201395','2015-10-21 18:25:49','consultation_platform',NULL,1,0,1,0,1,'idea',36,13,3,NULL,20,1,NULL,0),(219,NULL,'4201430','2015-10-21 20:17:09','consultation_platform',NULL,1,0,1,0,1,'idea',56,8,3,NULL,31,1,NULL,0),(220,NULL,'4201437','2015-10-21 20:31:49','consultation_platform',NULL,1,0,1,0,1,'idea',12,10,3,NULL,32,1,NULL,0),(221,NULL,'4201439','2015-10-21 20:39:32','consultation_platform',NULL,1,0,1,0,1,'idea',54,8,3,NULL,31,1,NULL,0),(222,NULL,'4201438','2015-10-21 20:39:20','consultation_platform',NULL,1,0,1,0,1,'idea',54,10,3,NULL,32,1,NULL,0),(223,NULL,'4201441','2015-10-21 20:48:45','consultation_platform',NULL,1,0,1,0,1,'idea',56,13,3,NULL,20,1,NULL,0),(224,NULL,'4201452','2015-10-21 20:54:07','consultation_platform',NULL,1,0,1,0,1,'idea',26,10,3,NULL,32,1,NULL,0),(225,NULL,'4201474','2015-10-21 21:41:40','consultation_platform',NULL,1,0,1,0,1,'idea',12,11,3,NULL,34,1,NULL,0),(226,NULL,'4201475','2015-10-21 21:45:22','consultation_platform',NULL,1,0,1,0,1,'idea',46,11,3,NULL,34,1,NULL,0),(227,NULL,'4201483','2015-10-21 21:57:10','consultation_platform',NULL,1,0,1,0,1,'idea',46,11,3,NULL,34,1,NULL,0),(228,NULL,'4201491','2015-10-21 22:03:33','consultation_platform',NULL,1,0,1,0,1,'idea',46,8,3,NULL,31,1,NULL,0),(229,NULL,'4201492','2015-10-21 22:05:43','consultation_platform',NULL,1,0,1,0,1,'idea',46,13,3,NULL,22,1,NULL,0),(230,NULL,'4201543','2015-10-22 02:37:27','consultation_platform',NULL,1,0,1,0,1,'idea',54,13,3,NULL,24,1,NULL,0),(231,NULL,'4201544','2015-10-22 02:56:01','consultation_platform',NULL,1,0,1,0,1,'idea',54,11,3,NULL,34,1,NULL,0),(232,'1659305354315156_10153019793461925',NULL,NULL,'social_network',NULL,1,0,0,0,1,'comment',59,11,3,58,NULL,NULL,2,1),(233,'1655519178027107_1659305350981823_10153019793461925',NULL,NULL,'social_network',NULL,1,0,0,0,1,'idea',59,13,3,NULL,29,NULL,2,1),(234,NULL,'4201826','2015-10-22 15:58:27','consultation_platform',NULL,1,0,1,0,1,'idea',54,9,3,NULL,35,1,NULL,0),(235,'1659326537646371_10153019793461925',NULL,NULL,'social_network',NULL,1,0,0,0,1,'comment',59,7,3,64,NULL,NULL,2,1),(236,'1655519178027107_1659323237646701_10153019793461925',NULL,NULL,'social_network',NULL,1,0,0,0,1,'idea',59,7,3,NULL,18,NULL,2,1),(237,NULL,'4201971','2015-10-22 18:28:47','consultation_platform',NULL,1,0,1,0,1,'idea',27,10,3,NULL,19,1,NULL,0),(238,NULL,'4202006','2015-10-22 19:49:41','consultation_platform',NULL,1,0,1,0,1,'idea',17,11,3,NULL,34,1,NULL,0),(239,NULL,'4202066','2015-10-22 23:14:35','consultation_platform',NULL,1,0,1,0,1,'idea',62,8,3,NULL,31,1,NULL,0),(240,NULL,'4202065','2015-10-22 23:14:29','consultation_platform',NULL,1,0,1,0,1,'idea',62,11,3,NULL,34,1,NULL,0),(241,NULL,'4202294','2015-10-23 12:47:01','consultation_platform',NULL,1,0,1,0,1,'idea',63,13,3,NULL,20,1,NULL,0),(242,NULL,'4202293','2015-10-23 12:46:59','consultation_platform',NULL,1,0,1,0,1,'idea',63,9,3,NULL,21,1,NULL,0),(243,NULL,'4202292','2015-10-23 12:46:54','consultation_platform',NULL,1,0,1,0,1,'idea',63,13,3,NULL,22,1,NULL,0),(244,NULL,'4202291','2015-10-23 12:46:32','consultation_platform',NULL,1,0,1,0,1,'idea',63,7,3,NULL,25,1,NULL,0),(245,NULL,'4202290','2015-10-23 12:46:29','consultation_platform',NULL,1,0,1,0,1,'idea',63,13,3,NULL,24,1,NULL,0),(246,NULL,'4202289','2015-10-23 12:46:10','consultation_platform',NULL,1,0,1,0,1,'idea',63,13,3,NULL,29,1,NULL,0),(247,NULL,'4202288','2015-10-23 12:45:57','consultation_platform',NULL,1,0,1,0,1,'idea',63,8,3,NULL,31,1,NULL,0),(248,NULL,'4202287','2015-10-23 12:45:53','consultation_platform',NULL,1,0,1,0,1,'idea',63,10,3,NULL,32,1,NULL,0),(249,NULL,'4202286','2015-10-23 12:45:50','consultation_platform',NULL,1,0,1,0,1,'idea',63,11,3,NULL,34,1,NULL,0),(250,NULL,'4202285','2015-10-23 12:45:43','consultation_platform',NULL,1,0,1,0,1,'idea',63,9,3,NULL,35,1,NULL,0),(251,NULL,'4202297','2015-10-23 12:50:21','consultation_platform',NULL,1,0,1,0,1,'idea',63,8,3,NULL,12,1,NULL,0),(252,NULL,'4202296','2015-10-23 12:49:58','consultation_platform',NULL,1,0,1,0,1,'idea',63,9,3,NULL,16,1,NULL,0),(253,NULL,'4202295','2015-10-23 12:49:54','consultation_platform',NULL,1,0,1,0,1,'idea',63,8,3,NULL,15,1,NULL,0),(254,NULL,'4202398','2015-10-23 15:59:07','consultation_platform',NULL,1,0,1,0,1,'comment',55,10,3,7,NULL,1,NULL,0),(255,'1655519178027107_1659592404286451_10153019793461925',NULL,NULL,'social_network',NULL,1,0,0,0,1,'idea',59,9,3,NULL,21,NULL,2,1),(256,'1655519178027107_1659592404286451_10206868065436037',NULL,NULL,'social_network',NULL,1,0,0,0,1,'idea',65,9,3,NULL,21,NULL,2,1),(257,'1655519178027107_1659592404286451_435131070002704',NULL,NULL,'social_network',NULL,1,0,0,0,1,'idea',66,9,3,NULL,21,NULL,2,1),(258,'1659592414286450_435131070002704',NULL,NULL,'social_network',NULL,1,0,0,0,1,'comment',66,9,3,14,NULL,NULL,2,1),(259,'1655519178027107_1659323237646701_435131070002704',NULL,NULL,'social_network',NULL,1,0,0,0,1,'idea',66,7,3,NULL,18,NULL,2,1),(260,NULL,'4203226','2015-10-24 10:00:24','consultation_platform',NULL,1,0,1,0,1,'idea',67,11,3,NULL,34,1,NULL,0),(261,NULL,'4203228','2015-10-24 10:03:24','consultation_platform',NULL,1,0,1,0,1,'idea',67,7,3,NULL,18,1,NULL,0),(262,NULL,'4203227','2015-10-24 10:01:53','consultation_platform',NULL,1,0,1,0,1,'idea',67,10,3,NULL,19,1,NULL,0),(263,NULL,'4203231','2015-10-24 10:16:48','consultation_platform',NULL,1,0,1,0,1,'idea',67,8,3,NULL,15,1,NULL,0),(264,NULL,'4203253','2015-10-24 11:01:05','consultation_platform',NULL,1,0,1,0,1,'idea',52,9,3,NULL,35,1,NULL,0),(265,NULL,'4203261','2015-10-24 11:03:10','consultation_platform',NULL,1,0,1,0,1,'idea',52,7,3,NULL,25,1,NULL,0),(266,NULL,'4203260','2015-10-24 11:03:01','consultation_platform',NULL,1,0,1,0,1,'idea',52,13,3,NULL,24,1,NULL,0),(267,NULL,'4203259','2015-10-24 11:02:47','consultation_platform',NULL,1,0,1,0,1,'idea',52,13,3,NULL,28,1,NULL,0),(268,NULL,'4203257','2015-10-24 11:02:32','consultation_platform',NULL,1,0,1,0,1,'idea',52,9,3,NULL,30,1,NULL,0),(269,NULL,'4203256','2015-10-24 11:02:26','consultation_platform',NULL,1,0,1,0,1,'idea',52,8,3,NULL,31,1,NULL,0),(270,NULL,'4203255','2015-10-24 11:02:20','consultation_platform',NULL,1,0,1,0,1,'idea',52,10,3,NULL,32,1,NULL,0),(271,NULL,'4203263','2015-10-24 11:04:06','consultation_platform',NULL,1,0,1,0,1,'idea',67,7,3,NULL,36,1,NULL,0),(272,NULL,'4203276','2015-10-24 11:09:11','consultation_platform',NULL,1,0,1,0,1,'idea',52,8,3,NULL,15,1,NULL,0),(273,NULL,'4203275','2015-10-24 11:09:00','consultation_platform',NULL,1,0,1,0,1,'idea',52,7,3,NULL,18,1,NULL,0),(274,NULL,'4203274','2015-10-24 11:08:53','consultation_platform',NULL,1,0,1,0,1,'idea',52,10,3,NULL,19,1,NULL,0),(275,NULL,'4203273','2015-10-24 11:08:41','consultation_platform',NULL,1,0,1,0,1,'idea',52,13,3,NULL,20,1,NULL,0),(276,NULL,'4203272','2015-10-24 11:08:30','consultation_platform',NULL,1,0,1,0,1,'idea',52,9,3,NULL,21,1,NULL,0),(277,NULL,'4203271','2015-10-24 11:08:21','consultation_platform',NULL,1,0,1,0,1,'idea',52,13,3,NULL,22,1,NULL,0),(278,NULL,'4203282','2015-10-24 11:10:52','consultation_platform',NULL,1,0,1,0,1,'idea',67,8,3,NULL,12,1,NULL,0),(279,NULL,'4203280','2015-10-24 11:10:43','consultation_platform',NULL,1,0,1,0,1,'idea',67,13,3,NULL,17,1,NULL,0),(280,'1659305354315156_435131070002704',NULL,NULL,'social_network',NULL,1,0,0,0,1,'comment',66,11,3,58,NULL,NULL,2,1),(281,'1655519178027107_1659114147667610_435131070002704',NULL,NULL,'social_network',NULL,1,0,0,0,1,'idea',66,11,3,NULL,34,NULL,2,1),(282,NULL,'4203401','2015-10-24 20:18:46','consultation_platform',NULL,1,0,1,0,1,'idea',68,9,3,NULL,35,1,NULL,0),(283,NULL,'4203417','2015-10-24 20:24:15','consultation_platform',NULL,1,0,1,0,1,'idea',68,8,3,NULL,15,1,NULL,0),(284,NULL,'4203416','2015-10-24 20:24:09','consultation_platform',NULL,1,0,1,0,1,'idea',68,13,3,NULL,17,1,NULL,0),(285,NULL,'4203413','2015-10-24 20:22:54','consultation_platform',NULL,1,0,1,0,1,'idea',68,10,3,NULL,19,1,NULL,0),(286,NULL,'4203410','2015-10-24 20:22:44','consultation_platform',NULL,1,0,1,0,1,'idea',68,9,3,NULL,21,1,NULL,0),(287,NULL,'4203415','2015-10-24 20:23:30','consultation_platform',NULL,1,0,1,0,1,'comment',68,10,3,7,NULL,1,NULL,0),(288,'1655519178027107_1659305350981823_435131070002704',NULL,NULL,'social_network',NULL,1,0,0,0,1,'idea',66,13,3,NULL,29,NULL,2,1),(289,NULL,'4203677','2015-10-25 11:02:38','consultation_platform',NULL,1,0,1,0,1,'idea',54,7,3,NULL,36,1,NULL,0),(290,NULL,'4203679','2015-10-25 11:07:24','consultation_platform',NULL,1,0,1,0,1,'idea',54,7,3,NULL,11,1,NULL,0),(291,NULL,'4203678','2015-10-25 11:06:40','consultation_platform',NULL,1,0,1,0,1,'idea',54,9,3,NULL,26,1,NULL,0),(292,NULL,'4203747','2015-10-25 16:24:34','consultation_platform',NULL,1,0,1,0,1,'idea',69,8,3,NULL,12,1,NULL,0),(293,NULL,'4203746','2015-10-25 16:24:02','consultation_platform',NULL,1,0,1,0,1,'idea',69,13,3,NULL,17,1,NULL,0),(294,NULL,'4203745','2015-10-25 16:23:02','consultation_platform',NULL,1,0,1,0,1,'idea',69,13,3,NULL,28,1,NULL,0),(295,NULL,'4203744','2015-10-25 16:22:50','consultation_platform',NULL,1,0,1,0,1,'idea',69,10,3,NULL,32,1,NULL,0),(296,NULL,'4203743','2015-10-25 16:22:40','consultation_platform',NULL,1,0,1,0,1,'idea',69,9,3,NULL,35,1,NULL,0),(297,'1655519178027107_1659592404286451_10206163786908038',NULL,NULL,'social_network',NULL,1,0,0,0,1,'idea',70,9,3,NULL,21,NULL,2,1),(298,'1659305354315156_10206163786908038',NULL,NULL,'social_network',NULL,1,0,0,0,1,'comment',70,11,3,58,NULL,NULL,2,1),(299,'1655519178027107_1659305344315157_10206163786908038',NULL,NULL,'social_network',NULL,1,0,0,0,1,'idea',70,13,3,NULL,24,NULL,2,1),(300,'1655519178027107_1659305347648490_10206163786908038',NULL,NULL,'social_network',NULL,1,0,0,0,1,'idea',70,7,3,NULL,25,NULL,2,1),(301,NULL,'4203758','2015-10-25 17:41:37','consultation_platform',NULL,1,0,1,0,1,'idea',58,7,3,NULL,36,1,NULL,0),(302,NULL,'4203759','2015-10-25 17:49:23','consultation_platform',NULL,1,0,1,0,1,'idea',58,9,3,NULL,35,1,NULL,0),(303,NULL,'4203761','2015-10-25 18:20:19','consultation_platform',NULL,1,0,1,0,1,'idea',71,9,3,NULL,30,1,NULL,0),(304,NULL,'4203760','2015-10-25 18:19:59','consultation_platform',NULL,1,0,1,0,1,'idea',71,9,3,NULL,35,1,NULL,0),(305,'1660182247560800_10153019793461925',NULL,NULL,'social_network',NULL,1,0,0,0,1,'comment',59,11,3,71,NULL,NULL,2,1),(306,'1655519178027107_1659305350981823_1089176257759380',NULL,NULL,'social_network',NULL,1,0,0,0,1,'idea',72,13,3,NULL,29,NULL,2,1),(307,'1655519178027107_1659592404286451_1089176257759380',NULL,NULL,'social_network',NULL,1,0,0,0,1,'idea',72,9,3,NULL,21,NULL,2,1),(308,NULL,'4203781','2015-10-25 22:56:03','consultation_platform',NULL,1,0,1,0,1,'comment',19,7,3,65,NULL,1,NULL,0),(309,NULL,'4203826','2015-10-26 01:59:33','consultation_platform',NULL,1,0,1,0,1,'idea',73,10,3,NULL,19,1,NULL,0),(310,NULL,'4203827','2015-10-26 02:01:48','consultation_platform',NULL,1,0,1,0,1,'idea',73,11,3,NULL,34,1,NULL,0),(311,'1655519178027107_1659114147667610_902571563171682',NULL,NULL,'social_network',NULL,1,0,0,0,1,'idea',74,11,3,NULL,34,NULL,2,1),(312,'1659980540914304_902571563171682',NULL,NULL,'social_network',NULL,1,0,0,0,1,'comment',74,13,3,70,NULL,NULL,2,1),(313,'1655519178027107_1659323237646701_902571563171682',NULL,NULL,'social_network',NULL,1,0,0,0,1,'idea',74,7,3,NULL,18,NULL,2,1),(314,'1655519178027107_1659305344315157_902571563171682',NULL,NULL,'social_network',NULL,1,0,0,0,1,'idea',74,13,3,NULL,24,NULL,2,1),(315,NULL,'4204042','2015-10-26 14:07:23','consultation_platform',NULL,1,0,1,0,1,'idea',75,11,3,NULL,34,1,NULL,0),(316,NULL,'4204043','2015-10-26 14:08:39','consultation_platform',NULL,1,0,1,0,1,'idea',75,7,3,NULL,36,1,NULL,0),(317,NULL,'4204182','2015-10-26 16:04:00','consultation_platform',NULL,1,0,1,0,1,'idea',19,9,3,NULL,21,1,NULL,0),(318,'1655519178027107_1659114147667610_10205936139257896',NULL,NULL,'social_network',NULL,1,0,0,0,1,'idea',61,11,3,NULL,34,NULL,2,1),(319,NULL,'4204268','2015-10-26 18:41:06','consultation_platform',NULL,1,0,1,0,1,'idea',76,13,3,NULL,24,1,NULL,0),(320,NULL,'4204267','2015-10-26 18:40:22','consultation_platform',NULL,1,0,1,0,1,'idea',76,9,3,NULL,30,1,NULL,0),(321,NULL,'4204266','2015-10-26 18:39:48','consultation_platform',NULL,1,0,1,0,1,'idea',76,11,3,NULL,34,1,NULL,0),(322,'1655519178027107_1659323237646701_10206681126087866',NULL,NULL,'social_network',NULL,1,0,0,0,1,'idea',77,7,3,NULL,18,NULL,2,1),(323,NULL,'4204328','2015-10-26 20:41:55','consultation_platform',NULL,1,0,1,0,1,'idea',78,13,3,NULL,20,1,NULL,0),(324,NULL,'4204327','2015-10-26 20:41:40','consultation_platform',NULL,1,0,1,0,1,'idea',78,7,3,NULL,25,1,NULL,0),(325,NULL,'4204326','2015-10-26 20:41:29','consultation_platform',NULL,1,0,1,0,1,'idea',78,13,3,NULL,24,1,NULL,0),(326,NULL,'4204325','2015-10-26 20:41:25','consultation_platform',NULL,1,0,1,0,1,'idea',78,9,3,NULL,26,1,NULL,0),(327,NULL,'4204324','2015-10-26 20:40:41','consultation_platform',NULL,1,0,1,0,1,'idea',78,13,3,NULL,28,1,NULL,0),(328,NULL,'4204323','2015-10-26 20:40:30','consultation_platform',NULL,1,0,1,0,1,'idea',78,9,3,NULL,30,1,NULL,0),(329,NULL,'4204322','2015-10-26 20:40:18','consultation_platform',NULL,1,0,1,0,1,'idea',78,8,3,NULL,31,1,NULL,0),(330,NULL,'4204321','2015-10-26 20:40:14','consultation_platform',NULL,1,0,1,0,1,'idea',78,10,3,NULL,32,1,NULL,0),(331,NULL,'4204320','2015-10-26 20:40:05','consultation_platform',NULL,1,0,1,0,1,'idea',78,11,3,NULL,34,1,NULL,0),(332,NULL,'4204319','2015-10-26 20:39:58','consultation_platform',NULL,1,0,1,0,1,'idea',78,9,3,NULL,35,1,NULL,0),(333,NULL,'4204318','2015-10-26 20:39:42','consultation_platform',NULL,1,0,1,0,1,'idea',78,7,3,NULL,36,1,NULL,0),(334,NULL,'4204337','2015-10-26 21:02:11','consultation_platform',NULL,1,0,1,0,1,'idea',76,9,3,NULL,10,1,NULL,0),(335,NULL,'4204335','2015-10-26 21:01:47','consultation_platform',NULL,1,0,1,0,1,'idea',76,13,3,NULL,20,1,NULL,0),(336,'1655519178027107_1659114147667610_10153528399191329',NULL,NULL,'social_network',NULL,1,0,0,0,1,'idea',79,11,3,NULL,34,NULL,2,1),(337,'1655519178027107_1659323237646701_10206854803682433',NULL,NULL,'social_network',NULL,1,0,0,0,1,'idea',81,7,3,NULL,18,NULL,2,1),(338,NULL,'4204469','2015-10-27 01:56:44','consultation_platform',NULL,1,0,1,0,1,'idea',54,13,3,NULL,37,1,NULL,0),(339,NULL,'4204468','2015-10-27 01:56:40','consultation_platform',NULL,1,0,1,0,1,'idea',54,8,3,NULL,38,1,NULL,0),(340,NULL,'4204541','2015-10-27 09:59:01','consultation_platform',NULL,1,0,1,0,1,'idea',54,13,3,NULL,39,1,NULL,0),(341,'1655519178027107_1659323237646701_1109516979063406',NULL,NULL,'social_network',NULL,1,0,0,0,1,'idea',82,7,3,NULL,18,NULL,2,1),(342,'1655519178027107_1659592404286451_1109516979063406',NULL,NULL,'social_network',NULL,1,0,0,0,1,'idea',82,9,3,NULL,21,NULL,2,1),(343,'1655519178027107_1659305344315157_1109516979063406',NULL,NULL,'social_network',NULL,1,0,0,0,1,'idea',82,13,3,NULL,24,NULL,2,1),(344,NULL,'4204543','2015-10-27 10:31:08','consultation_platform',NULL,1,0,1,0,1,'idea',54,7,3,NULL,18,1,NULL,0),(345,'1655519178027107_1659114147667610_1240302629320648',NULL,NULL,'social_network',NULL,1,0,0,0,1,'idea',83,11,3,NULL,34,NULL,2,1),(346,'1655519178027107_1659305350981823_1240302629320648',NULL,NULL,'social_network',NULL,1,0,0,0,1,'idea',83,13,3,NULL,29,NULL,2,1),(347,NULL,'4204571','2015-10-27 11:26:25','consultation_platform',NULL,1,0,1,0,1,'idea',84,11,3,NULL,34,1,NULL,0),(348,NULL,'4204570','2015-10-27 11:23:42','consultation_platform',NULL,1,0,1,0,1,'idea',84,9,3,NULL,35,1,NULL,0),(349,NULL,'4204569','2015-10-27 11:23:33','consultation_platform',NULL,1,0,1,0,1,'idea',84,7,3,NULL,36,1,NULL,0),(350,NULL,'4204574','2015-10-27 11:28:40','consultation_platform',NULL,1,0,1,0,1,'idea',84,10,3,NULL,19,1,NULL,0),(351,'1655519178027107_1659114147667610_10206305911744223',NULL,NULL,'social_network',NULL,1,0,0,0,1,'idea',85,11,3,NULL,34,NULL,2,1),(352,NULL,'4204586','2015-10-27 11:46:17','consultation_platform',NULL,1,0,1,0,1,'idea',86,8,3,NULL,15,1,NULL,0),(353,NULL,'4204585','2015-10-27 11:46:08','consultation_platform',NULL,1,0,1,0,1,'idea',86,10,3,NULL,19,1,NULL,0),(354,NULL,'4204584','2015-10-27 11:45:59','consultation_platform',NULL,1,0,1,0,1,'idea',86,9,3,NULL,21,1,NULL,0),(355,NULL,'4204583','2015-10-27 11:45:55','consultation_platform',NULL,1,0,1,0,1,'idea',86,13,3,NULL,22,1,NULL,0),(356,NULL,'4204582','2015-10-27 11:45:48','consultation_platform',NULL,1,0,1,0,1,'idea',86,9,3,NULL,23,1,NULL,0),(357,NULL,'4204581','2015-10-27 11:45:00','consultation_platform',NULL,1,0,1,0,1,'idea',86,13,3,NULL,28,1,NULL,0),(358,NULL,'4204580','2015-10-27 11:44:55','consultation_platform',NULL,1,0,1,0,1,'idea',86,9,3,NULL,30,1,NULL,0),(359,NULL,'4204579','2015-10-27 11:44:51','consultation_platform',NULL,1,0,1,0,1,'idea',86,10,3,NULL,32,1,NULL,0),(360,NULL,'4204578','2015-10-27 11:44:47','consultation_platform',NULL,1,0,1,0,1,'idea',86,11,3,NULL,34,1,NULL,0),(361,NULL,'4204577','2015-10-27 11:44:43','consultation_platform',NULL,1,0,1,0,1,'idea',86,9,3,NULL,35,1,NULL,0),(362,NULL,'4204576','2015-10-27 11:43:53','consultation_platform',NULL,1,0,1,0,1,'idea',86,8,3,NULL,40,1,NULL,0),(363,NULL,'4204591','2015-10-27 12:25:55','consultation_platform',NULL,1,0,1,0,1,'idea',58,13,3,NULL,39,1,NULL,0),(364,NULL,'4204593','2015-10-27 12:33:24','consultation_platform',NULL,1,0,1,0,1,'idea',58,13,3,NULL,37,1,NULL,0),(365,NULL,'4204592','2015-10-27 12:33:08','consultation_platform',NULL,1,0,1,0,1,'idea',58,8,3,NULL,38,1,NULL,0),(366,NULL,'4204596','2015-10-27 12:39:01','consultation_platform',NULL,1,0,1,0,1,'idea',32,8,3,NULL,31,1,NULL,0),(367,NULL,'4204594','2015-10-27 12:35:34','consultation_platform',NULL,1,0,1,0,1,'idea',32,13,3,NULL,39,1,NULL,0),(368,NULL,'4204598','2015-10-27 12:40:04','consultation_platform',NULL,1,0,1,0,1,'idea',32,13,3,NULL,22,1,NULL,0),(369,NULL,'4204597','2015-10-27 12:39:31','consultation_platform',NULL,1,0,1,0,1,'idea',32,13,3,NULL,24,1,NULL,0),(370,NULL,'4204745','2015-10-27 15:27:19','consultation_platform',NULL,1,0,1,0,1,'idea',54,8,3,NULL,40,1,NULL,0),(371,NULL,'4204744','2015-10-27 15:27:00','consultation_platform',NULL,1,0,1,0,1,'idea',54,9,3,NULL,41,1,NULL,0),(372,NULL,'4204746','2015-10-27 15:27:43','consultation_platform',NULL,1,0,1,0,1,'idea',54,13,3,NULL,22,1,NULL,0),(373,NULL,'4204874','2015-10-27 17:47:36','consultation_platform',NULL,1,0,1,0,1,'idea',87,13,3,NULL,39,1,NULL,0),(374,NULL,'4204884','2015-10-27 18:26:00','consultation_platform',NULL,1,0,1,0,1,'idea',88,9,3,NULL,30,1,NULL,0),(375,NULL,'4204921','2015-10-27 20:15:16','consultation_platform',NULL,1,0,1,0,1,'idea',89,13,3,NULL,27,1,NULL,0),(376,NULL,'4204920','2015-10-27 20:14:58','consultation_platform',NULL,1,0,1,0,1,'idea',89,11,3,NULL,34,1,NULL,0),(377,'1655519178027107_1659114147667610_1095001667176689',NULL,NULL,'social_network',NULL,1,0,0,0,1,'idea',90,11,3,NULL,34,NULL,2,1),(378,NULL,'4205004','2015-10-28 02:13:07','consultation_platform',NULL,1,0,1,0,1,'idea',32,9,3,NULL,41,1,NULL,0),(379,NULL,'4205111','2015-10-28 07:46:47','consultation_platform',NULL,1,0,1,0,1,'idea',91,9,3,NULL,35,1,NULL,0),(380,NULL,'4205110','2015-10-28 07:46:33','consultation_platform',NULL,1,0,1,0,1,'idea',91,7,3,NULL,36,1,NULL,0),(381,NULL,'4205109','2015-10-28 07:46:20','consultation_platform',NULL,1,0,1,0,1,'idea',91,13,3,NULL,37,1,NULL,0),(382,NULL,'4205114','2015-10-28 07:48:59','consultation_platform',NULL,1,0,1,0,1,'idea',91,9,3,NULL,16,1,NULL,0),(383,NULL,'4205113','2015-10-28 07:48:54','consultation_platform',NULL,1,0,1,0,1,'idea',91,8,3,NULL,15,1,NULL,0),(384,NULL,'4205112','2015-10-28 07:48:43','consultation_platform',NULL,1,0,1,0,1,'idea',91,10,3,NULL,19,1,NULL,0),(385,NULL,'4205115','2015-10-28 08:11:24','consultation_platform',NULL,1,0,1,0,1,'idea',58,9,3,NULL,41,1,NULL,0),(386,NULL,'4205131','2015-10-28 08:12:53','consultation_platform',NULL,1,0,1,0,1,'idea',58,8,3,NULL,15,1,NULL,0),(387,NULL,'4205130','2015-10-28 08:12:46','consultation_platform',NULL,1,0,1,0,1,'idea',58,13,3,NULL,17,1,NULL,0),(388,NULL,'4205129','2015-10-28 08:12:42','consultation_platform',NULL,1,0,1,0,1,'idea',58,7,3,NULL,18,1,NULL,0),(389,NULL,'4205128','2015-10-28 08:12:39','consultation_platform',NULL,1,0,1,0,1,'idea',58,10,3,NULL,19,1,NULL,0),(390,NULL,'4205127','2015-10-28 08:12:34','consultation_platform',NULL,1,0,1,0,1,'idea',58,13,3,NULL,20,1,NULL,0),(391,NULL,'4205126','2015-10-28 08:12:33','consultation_platform',NULL,1,0,1,0,1,'idea',58,9,3,NULL,21,1,NULL,0),(392,NULL,'4205125','2015-10-28 08:12:27','consultation_platform',NULL,1,0,1,0,1,'idea',58,13,3,NULL,22,1,NULL,0),(393,NULL,'4205124','2015-10-28 08:12:25','consultation_platform',NULL,1,0,1,0,1,'idea',58,9,3,NULL,23,1,NULL,0),(394,NULL,'4205123','2015-10-28 08:12:18','consultation_platform',NULL,1,0,1,0,1,'idea',58,7,3,NULL,25,1,NULL,0),(395,NULL,'4205122','2015-10-28 08:12:15','consultation_platform',NULL,1,0,1,0,1,'idea',58,13,3,NULL,24,1,NULL,0),(396,NULL,'4205121','2015-10-28 08:12:10','consultation_platform',NULL,1,0,1,0,1,'idea',58,9,3,NULL,26,1,NULL,0),(397,NULL,'4205120','2015-10-28 08:12:04','consultation_platform',NULL,1,0,1,0,1,'idea',58,13,3,NULL,28,1,NULL,0),(398,NULL,'4205119','2015-10-28 08:12:01','consultation_platform',NULL,1,0,1,0,1,'idea',58,13,3,NULL,29,1,NULL,0),(399,NULL,'4205118','2015-10-28 08:11:56','consultation_platform',NULL,1,0,1,0,1,'idea',58,9,3,NULL,30,1,NULL,0),(400,NULL,'4205117','2015-10-28 08:11:54','consultation_platform',NULL,1,0,1,0,1,'idea',58,8,3,NULL,31,1,NULL,0),(401,NULL,'4205116','2015-10-28 08:11:47','consultation_platform',NULL,1,0,1,0,1,'idea',58,10,3,NULL,32,1,NULL,0),(402,'1655519178027107_1659114147667610_1101029596581485',NULL,NULL,'social_network',NULL,1,0,0,0,1,'idea',92,11,3,NULL,34,NULL,2,1),(403,NULL,'4205408','2015-10-28 18:07:33','consultation_platform',NULL,1,0,1,0,1,'idea',54,13,3,NULL,42,1,NULL,0),(404,'1655519178027107_1659114147667610_464926563678394',NULL,NULL,'social_network',NULL,1,0,0,0,1,'idea',93,11,3,NULL,34,NULL,2,1),(405,'1655519178027107_1660971527481872_10205936139257896',NULL,NULL,'social_network',NULL,1,0,0,0,1,'idea',61,10,3,NULL,43,NULL,2,1),(406,'1655519178027107_1660971527481872_10206868065436037',NULL,NULL,'social_network',NULL,1,0,0,0,1,'idea',65,10,3,NULL,43,NULL,2,1),(407,NULL,'4205591','2015-10-28 20:48:22','consultation_platform',NULL,1,0,1,0,1,'idea',54,10,3,NULL,43,1,NULL,0),(408,'1655519178027107_1659114147667610_10206868065436037',NULL,NULL,'social_network',NULL,1,0,0,0,1,'idea',65,11,3,NULL,34,NULL,2,1),(409,'1660981797480845_10206681126087866',NULL,NULL,'social_network',NULL,1,0,0,0,1,'comment',77,10,3,86,NULL,NULL,2,1),(410,'1660985900813768_10206681126087866',NULL,NULL,'social_network',NULL,1,0,0,0,1,'comment',77,10,3,87,NULL,NULL,2,1),(411,'1655519178027107_1660971527481872_10206854803682433',NULL,NULL,'social_network',NULL,1,0,0,0,1,'idea',81,10,3,NULL,43,NULL,2,1),(412,NULL,'4206033','2015-10-29 15:11:48','consultation_platform',NULL,1,0,1,0,1,'idea',32,13,3,NULL,39,1,NULL,0),(413,NULL,'4206032','2015-10-29 15:11:35','consultation_platform',NULL,1,0,1,0,1,'idea',32,9,3,NULL,41,1,NULL,0),(414,NULL,'4206036','2015-10-29 15:14:56','consultation_platform',NULL,1,0,1,0,1,'idea',32,13,3,NULL,22,1,NULL,0),(415,NULL,'4206035','2015-10-29 15:14:33','consultation_platform',NULL,1,0,1,0,1,'idea',32,13,3,NULL,24,1,NULL,0),(416,NULL,'4206034','2015-10-29 15:12:48','consultation_platform',NULL,1,0,1,0,1,'idea',32,8,3,NULL,31,1,NULL,0),(417,'1655519178027107_1660971527481872_10153019793461925',NULL,NULL,'social_network',NULL,1,0,0,0,1,'idea',59,10,3,NULL,43,NULL,2,1),(418,NULL,'4206136','2015-10-29 18:07:18','consultation_platform',NULL,1,0,1,0,1,'idea',24,13,3,NULL,42,1,NULL,0),(419,'1655519178027107_1660971527481872_10153537385544796',NULL,NULL,'social_network',NULL,1,0,0,0,1,'idea',94,10,3,NULL,43,NULL,2,1),(420,'1655519178027107_1659114147667610_10153537385544796',NULL,NULL,'social_network',NULL,1,0,0,0,1,'idea',94,11,3,NULL,34,NULL,2,1),(421,'1655519178027107_1659592404286451_10153537385544796',NULL,NULL,'social_network',NULL,1,0,0,0,1,'idea',94,9,3,NULL,21,NULL,2,1),(422,'1655519178027107_1661229027456122_10208275060340607',NULL,NULL,'social_network',NULL,1,0,0,0,1,'idea',95,10,3,NULL,44,NULL,2,1),(423,'1655519178027107_1660971527481872_10207010866454721',NULL,NULL,'social_network',NULL,1,0,0,0,1,'idea',96,10,3,NULL,43,NULL,2,1),(424,'1655519178027107_1661229030789455_1084322968245205',NULL,NULL,'social_network',NULL,1,0,0,0,1,'idea',97,10,3,NULL,45,NULL,2,1),(425,NULL,'4206237','2015-10-29 21:29:25','consultation_platform',NULL,1,0,1,0,1,'idea',54,10,3,NULL,43,1,NULL,0),(426,NULL,'4206236','2015-10-29 21:29:09','consultation_platform',NULL,1,0,1,0,1,'idea',54,10,3,NULL,44,1,NULL,0),(427,'1655519178027107_1661229030789455_1138836562801448',NULL,NULL,'social_network',NULL,1,0,0,0,1,'idea',98,10,3,NULL,45,NULL,2,1),(428,NULL,'4206347','2015-10-30 03:07:53','consultation_platform',NULL,1,0,1,0,1,'idea',32,13,3,NULL,39,1,NULL,0),(429,NULL,'4206348','2015-10-30 03:07:58','consultation_platform',NULL,1,0,1,0,1,'idea',32,8,3,NULL,40,1,NULL,0),(430,NULL,'4206349','2015-10-30 03:08:03','consultation_platform',NULL,1,0,1,0,1,'idea',32,9,3,NULL,41,1,NULL,0),(431,NULL,'4206350','2015-10-30 03:08:10','consultation_platform',NULL,1,0,1,0,1,'idea',32,13,3,NULL,42,1,NULL,0),(432,NULL,'4206351','2015-10-30 03:08:20','consultation_platform',NULL,1,0,1,0,1,'idea',32,10,3,NULL,43,1,NULL,0),(433,'1655519178027107_1661229027456122_10206648027253520',NULL,NULL,'social_network',NULL,1,0,0,0,1,'idea',99,10,3,NULL,44,NULL,2,1),(434,NULL,'4206427','2015-10-30 05:36:40','consultation_platform',NULL,1,0,1,0,1,'idea',100,7,3,NULL,18,1,NULL,0),(435,NULL,'4206426','2015-10-30 05:36:30','consultation_platform',NULL,1,0,1,0,1,'idea',100,10,3,NULL,19,1,NULL,0),(436,NULL,'4206425','2015-10-30 05:36:20','consultation_platform',NULL,1,0,1,0,1,'idea',100,13,3,NULL,20,1,NULL,0),(437,NULL,'4206424','2015-10-30 05:36:09','consultation_platform',NULL,1,0,1,0,1,'idea',100,13,3,NULL,22,1,NULL,0),(438,NULL,'4206423','2015-10-30 05:36:01','consultation_platform',NULL,1,0,1,0,1,'idea',100,7,3,NULL,25,1,NULL,0),(439,NULL,'4206422','2015-10-30 05:35:56','consultation_platform',NULL,1,0,1,0,1,'idea',100,13,3,NULL,24,1,NULL,0),(440,NULL,'4206421','2015-10-30 05:35:17','consultation_platform',NULL,1,0,1,0,1,'idea',100,13,3,NULL,28,1,NULL,0),(441,NULL,'4206420','2015-10-30 05:35:06','consultation_platform',NULL,1,0,1,0,1,'idea',100,13,3,NULL,29,1,NULL,0),(442,NULL,'4206419','2015-10-30 05:35:02','consultation_platform',NULL,1,0,1,0,1,'idea',100,9,3,NULL,30,1,NULL,0),(443,NULL,'4206418','2015-10-30 05:34:59','consultation_platform',NULL,1,0,1,0,1,'idea',100,8,3,NULL,31,1,NULL,0),(444,NULL,'4206417','2015-10-30 05:34:49','consultation_platform',NULL,1,0,1,0,1,'idea',100,11,3,NULL,34,1,NULL,0),(445,NULL,'4206416','2015-10-30 05:34:45','consultation_platform',NULL,1,0,1,0,1,'idea',100,9,3,NULL,35,1,NULL,0),(446,NULL,'4206415','2015-10-30 05:34:39','consultation_platform',NULL,1,0,1,0,1,'idea',100,7,3,NULL,36,1,NULL,0),(447,NULL,'4206414','2015-10-30 05:34:24','consultation_platform',NULL,1,0,1,0,1,'idea',100,8,3,NULL,38,1,NULL,0),(448,NULL,'4206413','2015-10-30 05:33:55','consultation_platform',NULL,1,0,1,0,1,'idea',100,13,3,NULL,39,1,NULL,0),(449,NULL,'4206412','2015-10-30 05:33:50','consultation_platform',NULL,1,0,1,0,1,'idea',100,8,3,NULL,40,1,NULL,0),(450,NULL,'4206411','2015-10-30 05:33:41','consultation_platform',NULL,1,0,1,0,1,'idea',100,9,3,NULL,41,1,NULL,0),(451,NULL,'4206410','2015-10-30 05:33:36','consultation_platform',NULL,1,0,1,0,1,'idea',100,13,3,NULL,42,1,NULL,0),(452,NULL,'4206409','2015-10-30 05:33:32','consultation_platform',NULL,1,0,1,0,1,'idea',100,10,3,NULL,43,1,NULL,0),(453,NULL,'4206408','2015-10-30 05:33:09','consultation_platform',NULL,1,0,1,0,1,'idea',100,10,3,NULL,44,1,NULL,0),(454,NULL,'4206428','2015-10-30 05:36:54','consultation_platform',NULL,1,0,1,0,1,'idea',100,8,3,NULL,15,1,NULL,0),(455,'1655519178027107_1661229027456122_10153019793461925',NULL,NULL,'social_network',NULL,1,0,0,0,1,'idea',59,10,3,NULL,44,NULL,2,1),(456,'1655519178027107_1660971527481872_1109516979063406',NULL,NULL,'social_network',NULL,1,0,0,0,1,'idea',82,10,3,NULL,43,NULL,2,1),(457,NULL,'4207183','2015-10-30 23:37:38','consultation_platform',NULL,1,0,1,0,1,'idea',17,10,3,NULL,43,1,NULL,0),(458,NULL,'4207188','2015-10-30 23:44:39','consultation_platform',NULL,1,0,1,0,1,'idea',17,10,3,NULL,44,1,NULL,0),(459,NULL,'4207407','2015-10-31 11:25:16','consultation_platform',NULL,1,0,1,0,1,'idea',102,11,3,NULL,34,1,NULL,0),(460,NULL,'4207406','2015-10-31 11:25:14','consultation_platform',NULL,1,0,1,0,1,'idea',102,9,3,NULL,35,1,NULL,0),(461,NULL,'4207405','2015-10-31 11:25:09','consultation_platform',NULL,1,0,1,0,1,'idea',102,7,3,NULL,36,1,NULL,0),(462,'1655519178027107_1659305350981823_10154293987834447',NULL,NULL,'social_network',NULL,1,0,0,0,1,'idea',103,13,3,NULL,29,NULL,2,1),(463,'1655519178027107_1661779097401115_10153019793461925',NULL,NULL,'social_network',NULL,1,0,0,0,1,'idea',59,9,3,NULL,48,NULL,2,1),(464,'1655519178027107_1661779097401115_10154293987834447',NULL,NULL,'social_network',NULL,1,0,0,0,1,'idea',103,9,3,NULL,48,NULL,2,1),(465,'1655519178027107_1661229027456122_10154293987834447',NULL,NULL,'social_network',NULL,1,0,0,0,1,'idea',103,10,3,NULL,44,NULL,2,1),(466,'1655519178027107_1660971527481872_10154293987834447',NULL,NULL,'social_network',NULL,1,0,0,0,1,'idea',103,10,3,NULL,43,NULL,2,1),(467,'1655519178027107_1659323237646701_10154293987834447',NULL,NULL,'social_network',NULL,1,0,0,0,1,'idea',103,7,3,NULL,18,NULL,2,1),(468,'1655519178027107_1659305347648490_10154293987834447',NULL,NULL,'social_network',NULL,1,0,0,0,1,'idea',103,7,3,NULL,25,NULL,2,1),(469,'1655519178027107_1659114147667610_10154293987834447',NULL,NULL,'social_network',NULL,1,0,0,0,1,'idea',103,11,3,NULL,34,NULL,2,1),(470,'1655519178027107_1659592404286451_10154293987834447',NULL,NULL,'social_network',NULL,1,0,0,0,1,'idea',103,9,3,NULL,21,NULL,2,1),(471,'1655519178027107_1659305344315157_10154293987834447',NULL,NULL,'social_network',NULL,1,0,0,0,1,'idea',103,13,3,NULL,24,NULL,2,1),(472,'1655519178027107_1659114147667610_534433710040584',NULL,NULL,'social_network',NULL,1,0,0,0,1,'idea',105,11,3,NULL,34,NULL,2,1),(473,'1655519178027107_1661920024053689_10153528399191329',NULL,NULL,'social_network',NULL,1,0,0,0,1,'idea',79,13,3,NULL,27,NULL,2,1),(474,'1655519178027107_1659305350981823_10207010866454721',NULL,NULL,'social_network',NULL,1,0,0,0,1,'idea',96,13,3,NULL,29,NULL,2,1),(475,'1655519178027107_1661920024053689_10153019793461925',NULL,NULL,'social_network',NULL,1,0,0,0,1,'idea',59,13,3,NULL,27,NULL,2,1),(476,'1655519178027107_1659114147667610_1004467652946741',NULL,NULL,'social_network',NULL,1,0,0,0,1,'idea',108,11,3,NULL,34,NULL,2,1),(477,NULL,'4212120','2015-11-03 02:20:28','consultation_platform',NULL,1,0,1,0,1,'idea',32,9,3,NULL,41,1,NULL,0),(478,NULL,'4213226','2015-11-03 10:29:36','consultation_platform',NULL,1,0,1,0,1,'idea',54,9,3,NULL,48,1,NULL,0),(479,NULL,'4213770','2015-11-03 14:07:13','consultation_platform',NULL,1,0,1,0,1,'idea',109,9,3,NULL,30,1,NULL,0),(480,NULL,'4213778','2015-11-03 14:08:33','consultation_platform',NULL,1,0,1,0,1,'idea',109,9,3,NULL,35,1,NULL,0),(481,NULL,'4213777','2015-11-03 14:08:19','consultation_platform',NULL,1,0,1,0,1,'idea',109,10,3,NULL,44,1,NULL,0),(482,NULL,'4213781','2015-11-03 14:09:13','consultation_platform',NULL,1,0,1,0,1,'idea',109,13,3,NULL,22,1,NULL,0),(483,NULL,'4213800','2015-11-03 14:12:28','consultation_platform',NULL,1,0,1,0,1,'idea',109,8,3,NULL,40,1,NULL,0),(484,NULL,'4214221','2015-11-03 16:02:11','consultation_platform',NULL,1,0,1,0,1,'idea',76,10,3,NULL,19,1,NULL,0),(485,NULL,'4214220','2015-11-03 16:01:59','consultation_platform',NULL,1,0,1,0,1,'idea',76,10,3,NULL,43,1,NULL,0),(486,NULL,'4214215','2015-11-03 16:01:43','consultation_platform',NULL,1,0,1,0,1,'idea',76,10,3,NULL,44,1,NULL,0),(487,'1655519178027107_1661229027456122_516390365203686',NULL,NULL,'social_network',NULL,1,0,0,0,1,'idea',110,10,3,NULL,44,NULL,2,1),(488,'1655519178027107_1660971527481872_516390365203686',NULL,NULL,'social_network',NULL,1,0,0,0,1,'idea',110,10,3,NULL,43,NULL,2,1),(489,'1655519178027107_1659114147667610_516390365203686',NULL,NULL,'social_network',NULL,1,0,0,0,1,'idea',110,11,3,NULL,34,NULL,2,1),(490,'1655519178027107_1659592404286451_516390365203686',NULL,NULL,'social_network',NULL,1,0,0,0,1,'idea',110,9,3,NULL,21,NULL,2,1),(491,NULL,'4223553','2015-11-05 17:56:18','consultation_platform',NULL,1,0,1,0,1,'idea',32,8,3,NULL,50,1,NULL,0),(492,NULL,'4223561','2015-11-05 18:00:18','consultation_platform',NULL,1,0,1,0,1,'idea',32,9,3,NULL,41,1,NULL,0),(493,NULL,'4223557','2015-11-05 17:58:34','consultation_platform',NULL,1,0,1,0,1,'idea',32,10,3,NULL,44,1,NULL,0),(494,NULL,'4223556','2015-11-05 17:57:26','consultation_platform',NULL,1,0,1,0,1,'idea',32,7,3,NULL,49,1,NULL,0),(495,NULL,'4230414','2015-11-07 10:47:59','consultation_platform',NULL,1,0,1,0,1,'idea',54,10,3,NULL,43,1,NULL,0),(496,NULL,'4230412','2015-11-07 10:47:42','consultation_platform',NULL,1,0,1,0,1,'idea',54,9,3,NULL,48,1,NULL,0),(497,NULL,'4230413','2015-11-07 10:47:47','consultation_platform',NULL,1,0,1,0,1,'idea',54,8,3,NULL,50,1,NULL,0),(498,NULL,'4243561','2015-11-11 12:05:35','consultation_platform',NULL,1,0,1,0,1,'idea',24,13,3,NULL,28,1,NULL,0),(499,NULL,'4245100','2015-11-11 23:49:08','consultation_platform',NULL,1,0,1,0,1,'idea',24,13,3,NULL,42,1,NULL,0),(500,NULL,'4245099','2015-11-11 23:48:48','consultation_platform',NULL,1,0,1,0,1,'idea',24,10,3,NULL,44,1,NULL,0),(501,'1660981797480845_10208329995837555',NULL,NULL,'social_network',NULL,1,0,0,0,1,'comment',111,10,3,86,NULL,NULL,2,1),(502,'1655519178027107_1660971527481872_10208329995837555',NULL,NULL,'social_network',NULL,1,0,0,0,1,'idea',111,10,3,NULL,43,NULL,2,1),(503,'1655519178027107_1659114147667610_10208329995837555',NULL,NULL,'social_network',NULL,1,0,0,0,1,'idea',111,11,3,NULL,34,NULL,2,1),(504,NULL,'4247184','2015-11-12 17:26:23','consultation_platform',NULL,1,0,1,0,1,'idea',112,10,3,NULL,44,1,NULL,0),(505,NULL,'4247183','2015-11-12 17:26:12','consultation_platform',NULL,1,0,1,0,1,'idea',112,8,3,NULL,50,1,NULL,0),(506,NULL,'4247226','2015-11-12 17:41:28','consultation_platform',NULL,1,0,1,0,1,'idea',112,8,3,NULL,38,1,NULL,0),(507,NULL,'4249216','2015-11-13 16:11:52','consultation_platform',NULL,1,0,1,0,1,'idea',32,9,3,NULL,41,1,NULL,0),(508,NULL,'4255317','2015-11-16 16:50:09','consultation_platform',NULL,1,0,1,0,1,'idea',113,9,3,NULL,10,1,NULL,0),(509,NULL,'4255306','2015-11-16 16:43:57','consultation_platform',NULL,1,0,1,0,1,'idea',113,10,3,NULL,19,1,NULL,0),(510,NULL,'4255308','2015-11-16 16:45:02','consultation_platform',NULL,1,0,1,0,1,'idea',113,9,3,NULL,21,1,NULL,0),(511,NULL,'4255310','2015-11-16 16:46:11','consultation_platform',NULL,1,0,1,0,1,'idea',113,10,3,NULL,32,1,NULL,0),(512,NULL,'4255309','2015-11-16 16:45:13','consultation_platform',NULL,1,0,1,0,1,'idea',113,9,3,NULL,35,1,NULL,0),(513,NULL,'4255314','2015-11-16 16:48:37','consultation_platform',NULL,1,0,1,0,1,'idea',113,8,3,NULL,50,1,NULL,0),(514,'1655519178027107_1668358796743145_10206714758375649',NULL,NULL,'social_network',NULL,1,0,0,0,1,'idea',114,11,3,NULL,57,NULL,2,1),(515,NULL,'4278047','2015-11-26 17:28:50','consultation_platform',NULL,1,0,1,0,1,'idea',112,13,3,NULL,39,1,NULL,0),(516,'1655519178027107_1668358796743145_10153528399191329',NULL,NULL,'social_network',NULL,1,0,0,0,1,'idea',79,11,3,NULL,57,NULL,2,1),(517,'1655519178027107_1668358806743144_10153528399191329',NULL,NULL,'social_network',NULL,1,0,0,0,1,'idea',79,13,3,NULL,60,NULL,2,1),(518,NULL,'4289948','2015-12-02 15:20:10','consultation_platform',NULL,1,0,1,0,1,'comment',20,10,3,110,NULL,1,NULL,0);
/*!40000 ALTER TABLE `app_vote` ENABLE KEYS */;
UNLOCK TABLES;

--
-- Table structure for table `auth_group`
--

DROP TABLE IF EXISTS `auth_group`;
/*!40101 SET @saved_cs_client     = @@character_set_client */;
/*!40101 SET character_set_client = utf8 */;
CREATE TABLE `auth_group` (
  `id` int(11) NOT NULL AUTO_INCREMENT,
  `name` varchar(80) NOT NULL,
  PRIMARY KEY (`id`),
  UNIQUE KEY `name` (`name`)
) ENGINE=MyISAM DEFAULT CHARSET=latin1;
/*!40101 SET character_set_client = @saved_cs_client */;

--
-- Dumping data for table `auth_group`
--

LOCK TABLES `auth_group` WRITE;
/*!40000 ALTER TABLE `auth_group` DISABLE KEYS */;
/*!40000 ALTER TABLE `auth_group` ENABLE KEYS */;
UNLOCK TABLES;

--
-- Table structure for table `auth_group_permissions`
--

DROP TABLE IF EXISTS `auth_group_permissions`;
/*!40101 SET @saved_cs_client     = @@character_set_client */;
/*!40101 SET character_set_client = utf8 */;
CREATE TABLE `auth_group_permissions` (
  `id` int(11) NOT NULL AUTO_INCREMENT,
  `group_id` int(11) NOT NULL,
  `permission_id` int(11) NOT NULL,
  PRIMARY KEY (`id`),
  UNIQUE KEY `group_id` (`group_id`,`permission_id`),
  KEY `auth_group_permissions_0e939a4f` (`group_id`),
  KEY `auth_group_permissions_8373b171` (`permission_id`)
) ENGINE=MyISAM DEFAULT CHARSET=latin1;
/*!40101 SET character_set_client = @saved_cs_client */;

--
-- Dumping data for table `auth_group_permissions`
--

LOCK TABLES `auth_group_permissions` WRITE;
/*!40000 ALTER TABLE `auth_group_permissions` DISABLE KEYS */;
/*!40000 ALTER TABLE `auth_group_permissions` ENABLE KEYS */;
UNLOCK TABLES;

--
-- Table structure for table `auth_permission`
--

DROP TABLE IF EXISTS `auth_permission`;
/*!40101 SET @saved_cs_client     = @@character_set_client */;
/*!40101 SET character_set_client = utf8 */;
CREATE TABLE `auth_permission` (
  `id` int(11) NOT NULL AUTO_INCREMENT,
  `name` varchar(255) DEFAULT NULL,
  `content_type_id` int(11) NOT NULL,
  `codename` varchar(100) NOT NULL,
  PRIMARY KEY (`id`),
  UNIQUE KEY `content_type_id` (`content_type_id`,`codename`),
  KEY `auth_permission_417f1b1c` (`content_type_id`)
) ENGINE=MyISAM AUTO_INCREMENT=142 DEFAULT CHARSET=latin1;
/*!40101 SET character_set_client = @saved_cs_client */;

--
-- Dumping data for table `auth_permission`
--

LOCK TABLES `auth_permission` WRITE;
/*!40000 ALTER TABLE `auth_permission` DISABLE KEYS */;
INSERT INTO `auth_permission` VALUES (1,'Can add log entry',1,'add_logentry'),(2,'Can change log entry',1,'change_logentry'),(3,'Can delete log entry',1,'delete_logentry'),(4,'Can add permission',2,'add_permission'),(5,'Can change permission',2,'change_permission'),(6,'Can delete permission',2,'delete_permission'),(7,'Can add group',3,'add_group'),(8,'Can change group',3,'change_group'),(9,'Can delete group',3,'delete_group'),(10,'Can add user',4,'add_user'),(11,'Can change user',4,'change_user'),(12,'Can delete user',4,'delete_user'),(13,'Can add content type',5,'add_contenttype'),(14,'Can change content type',5,'change_contenttype'),(15,'Can delete content type',5,'delete_contenttype'),(16,'Can add session',6,'add_session'),(17,'Can change session',6,'change_session'),(18,'Can delete session',6,'delete_session'),(19,'Can add token',7,'add_token'),(20,'Can change token',7,'change_token'),(21,'Can delete token',7,'delete_token'),(25,'Can add consultation platform',9,'add_consultationplatform'),(26,'Can change consultation platform',9,'change_consultationplatform'),(27,'Can delete consultation platform',9,'delete_consultationplatform'),(28,'Can add initiative',10,'add_initiative'),(29,'Can change initiative',10,'change_initiative'),(30,'Can delete initiative',10,'delete_initiative'),(31,'Can add campaign',11,'add_campaign'),(32,'Can change campaign',11,'change_campaign'),(33,'Can delete campaign',11,'delete_campaign'),(34,'Can add location',12,'add_location'),(35,'Can change location',12,'change_location'),(36,'Can delete location',12,'delete_location'),(37,'Can add author',13,'add_author'),(38,'Can change author',13,'change_author'),(39,'Can delete author',13,'delete_author'),(40,'Can add idea',14,'add_idea'),(41,'Can change idea',14,'change_idea'),(42,'Can delete idea',14,'delete_idea'),(43,'Can add comment',15,'add_comment'),(44,'Can change comment',15,'change_comment'),(45,'Can delete comment',15,'delete_comment'),(46,'Can add vote',16,'add_vote'),(47,'Can change vote',16,'change_vote'),(48,'Can delete vote',16,'delete_vote'),(49,'Can add social network connector',17,'add_socialnetworkconnector'),(50,'Can change social network connector',17,'change_socialnetworkconnector'),(51,'Can delete social network connector',17,'delete_socialnetworkconnector'),(52,'Can add parameter',18,'add_parameter'),(53,'Can change parameter',18,'change_parameter'),(54,'Can delete parameter',18,'delete_parameter'),(55,'Can add url parameter',19,'add_urlparameter'),(56,'Can change url parameter',19,'change_urlparameter'),(57,'Can delete url parameter',19,'delete_urlparameter'),(58,'Can add basic attribute',20,'add_basicattribute'),(59,'Can change basic attribute',20,'change_basicattribute'),(60,'Can delete basic attribute',20,'delete_basicattribute'),(61,'Can add composed attribute',21,'add_composedattribute'),(62,'Can change composed attribute',21,'change_composedattribute'),(63,'Can delete composed attribute',21,'delete_composedattribute'),(64,'Can add object',22,'add_object'),(65,'Can change object',22,'change_object'),(66,'Can delete object',22,'delete_object'),(67,'Can add callback',23,'add_callback'),(68,'Can change callback',23,'change_callback'),(69,'Can delete callback',23,'delete_callback'),(70,'Can add meta connector',24,'add_metaconnector'),(71,'Can change meta connector',24,'change_metaconnector'),(72,'Can delete meta connector',24,'delete_metaconnector'),(73,'Can add connector',25,'add_connector'),(74,'Can change connector',25,'change_connector'),(75,'Can delete connector',25,'delete_connector'),(76,'Can add url callback',26,'add_urlcallback'),(77,'Can change url callback',26,'change_urlcallback'),(78,'Can delete url callback',26,'delete_urlcallback'),(79,'Can add initiative',27,'add_initiative'),(80,'Can change initiative',27,'change_initiative'),(81,'Can delete initiative',27,'delete_initiative'),(82,'Can add campaign',28,'add_campaign'),(83,'Can change campaign',28,'change_campaign'),(84,'Can delete campaign',28,'delete_campaign'),(85,'Can add author',29,'add_author'),(86,'Can change author',29,'change_author'),(87,'Can delete author',29,'delete_author'),(88,'Can add location',30,'add_location'),(89,'Can change location',30,'change_location'),(90,'Can delete location',30,'delete_location'),(91,'Can add idea',31,'add_idea'),(92,'Can change idea',31,'change_idea'),(93,'Can delete idea',31,'delete_idea'),(94,'Can add comment',32,'add_comment'),(95,'Can change comment',32,'change_comment'),(96,'Can delete comment',32,'delete_comment'),(97,'Can add vote',33,'add_vote'),(98,'Can change vote',33,'change_vote'),(99,'Can delete vote',33,'delete_vote'),(100,'Can add client',34,'add_client'),(101,'Can change client',34,'change_client'),(102,'Can delete client',34,'delete_client'),(103,'Can add testing parameter',35,'add_testingparameter'),(104,'Can change testing parameter',35,'change_testingparameter'),(105,'Can delete testing parameter',35,'delete_testingparameter'),(106,'Can add task state',36,'add_taskmeta'),(107,'Can change task state',36,'change_taskmeta'),(108,'Can delete task state',36,'delete_taskmeta'),(109,'Can add saved group result',37,'add_tasksetmeta'),(110,'Can change saved group result',37,'change_tasksetmeta'),(111,'Can delete saved group result',37,'delete_tasksetmeta'),(112,'Can add interval',38,'add_intervalschedule'),(113,'Can change interval',38,'change_intervalschedule'),(114,'Can delete interval',38,'delete_intervalschedule'),(115,'Can add crontab',39,'add_crontabschedule'),(116,'Can change crontab',39,'change_crontabschedule'),(117,'Can delete crontab',39,'delete_crontabschedule'),(118,'Can add periodic tasks',40,'add_periodictasks'),(119,'Can change periodic tasks',40,'change_periodictasks'),(120,'Can delete periodic tasks',40,'delete_periodictasks'),(121,'Can add periodic task',41,'add_periodictask'),(122,'Can change periodic task',41,'change_periodictask'),(123,'Can delete periodic task',41,'delete_periodictask'),(124,'Can add worker',42,'add_workerstate'),(125,'Can change worker',42,'change_workerstate'),(126,'Can delete worker',42,'delete_workerstate'),(127,'Can add task',43,'add_taskstate'),(128,'Can change task',43,'change_taskstate'),(129,'Can delete task',43,'delete_taskstate'),(130,'Can add social network app',44,'add_socialnetworkapp'),(131,'Can change social network app',44,'change_socialnetworkapp'),(132,'Can delete social network app',44,'delete_socialnetworkapp'),(133,'Can add social network app user',45,'add_socialnetworkappuser'),(134,'Can change social network app user',45,'change_socialnetworkappuser'),(135,'Can delete social network app user',45,'delete_socialnetworkappuser'),(136,'Can add social network app community',46,'add_socialnetworkappcommunity'),(137,'Can change social network app community',46,'change_socialnetworkappcommunity'),(138,'Can delete social network app community',46,'delete_socialnetworkappcommunity'),(139,'Can add auto comment',47,'add_autocomment'),(140,'Can change auto comment',47,'change_autocomment'),(141,'Can delete auto comment',47,'delete_autocomment');
/*!40000 ALTER TABLE `auth_permission` ENABLE KEYS */;
UNLOCK TABLES;

--
-- Table structure for table `auth_user`
--

DROP TABLE IF EXISTS `auth_user`;
/*!40101 SET @saved_cs_client     = @@character_set_client */;
/*!40101 SET character_set_client = utf8 */;
CREATE TABLE `auth_user` (
  `id` int(11) NOT NULL AUTO_INCREMENT,
  `password` varchar(128) NOT NULL,
  `last_login` datetime DEFAULT NULL,
  `is_superuser` tinyint(1) NOT NULL,
  `username` varchar(30) NOT NULL,
  `first_name` varchar(30) NOT NULL,
  `last_name` varchar(30) NOT NULL,
  `email` varchar(254) DEFAULT NULL,
  `is_staff` tinyint(1) NOT NULL,
  `is_active` tinyint(1) NOT NULL,
  `date_joined` datetime NOT NULL,
  PRIMARY KEY (`id`),
  UNIQUE KEY `username` (`username`)
) ENGINE=MyISAM AUTO_INCREMENT=3 DEFAULT CHARSET=latin1;
/*!40101 SET character_set_client = @saved_cs_client */;

--
-- Dumping data for table `auth_user`
--

LOCK TABLES `auth_user` WRITE;
/*!40000 ALTER TABLE `auth_user` DISABLE KEYS */;
INSERT INTO `auth_user` VALUES (1,'pbkdf2_sha256$20000$oEKXy4O7qIus$SZFv35FCoEhxL6luiNdIgVrePh5yhl9oWQW3Xfpi9Hw=','2016-01-26 19:18:57',1,'admin','','','me@jorgesaldivargalli.com',1,1,'2015-04-23 10:15:08'),(2,'pbkdf2_sha256$20000$6ueJHSU847RK$6U/+sBs5jYHkE/NuGvHBJWtjvAt1lJUTpXMRrlfDqkk=',NULL,0,'social_ideation_app','','','',0,1,'2015-04-28 11:56:37');
/*!40000 ALTER TABLE `auth_user` ENABLE KEYS */;
UNLOCK TABLES;

--
-- Table structure for table `auth_user_groups`
--

DROP TABLE IF EXISTS `auth_user_groups`;
/*!40101 SET @saved_cs_client     = @@character_set_client */;
/*!40101 SET character_set_client = utf8 */;
CREATE TABLE `auth_user_groups` (
  `id` int(11) NOT NULL AUTO_INCREMENT,
  `user_id` int(11) NOT NULL,
  `group_id` int(11) NOT NULL,
  PRIMARY KEY (`id`),
  UNIQUE KEY `user_id` (`user_id`,`group_id`),
  KEY `auth_user_groups_e8701ad4` (`user_id`),
  KEY `auth_user_groups_0e939a4f` (`group_id`)
) ENGINE=MyISAM DEFAULT CHARSET=latin1;
/*!40101 SET character_set_client = @saved_cs_client */;

--
-- Dumping data for table `auth_user_groups`
--

LOCK TABLES `auth_user_groups` WRITE;
/*!40000 ALTER TABLE `auth_user_groups` DISABLE KEYS */;
/*!40000 ALTER TABLE `auth_user_groups` ENABLE KEYS */;
UNLOCK TABLES;

--
-- Table structure for table `auth_user_user_permissions`
--

DROP TABLE IF EXISTS `auth_user_user_permissions`;
/*!40101 SET @saved_cs_client     = @@character_set_client */;
/*!40101 SET character_set_client = utf8 */;
CREATE TABLE `auth_user_user_permissions` (
  `id` int(11) NOT NULL AUTO_INCREMENT,
  `user_id` int(11) NOT NULL,
  `permission_id` int(11) NOT NULL,
  PRIMARY KEY (`id`),
  UNIQUE KEY `user_id` (`user_id`,`permission_id`),
  KEY `auth_user_user_permissions_e8701ad4` (`user_id`),
  KEY `auth_user_user_permissions_8373b171` (`permission_id`)
) ENGINE=MyISAM DEFAULT CHARSET=latin1;
/*!40101 SET character_set_client = @saved_cs_client */;

--
-- Dumping data for table `auth_user_user_permissions`
--

LOCK TABLES `auth_user_user_permissions` WRITE;
/*!40000 ALTER TABLE `auth_user_user_permissions` DISABLE KEYS */;
/*!40000 ALTER TABLE `auth_user_user_permissions` ENABLE KEYS */;
UNLOCK TABLES;

--
-- Table structure for table `authtoken_token`
--

DROP TABLE IF EXISTS `authtoken_token`;
/*!40101 SET @saved_cs_client     = @@character_set_client */;
/*!40101 SET character_set_client = utf8 */;
CREATE TABLE `authtoken_token` (
  `key` varchar(40) NOT NULL,
  `created` datetime NOT NULL,
  `user_id` int(11) NOT NULL,
  PRIMARY KEY (`key`),
  UNIQUE KEY `user_id` (`user_id`)
) ENGINE=MyISAM DEFAULT CHARSET=latin1;
/*!40101 SET character_set_client = @saved_cs_client */;

--
-- Dumping data for table `authtoken_token`
--

LOCK TABLES `authtoken_token` WRITE;
/*!40000 ALTER TABLE `authtoken_token` DISABLE KEYS */;
INSERT INTO `authtoken_token` VALUES ('ba890a69132ea3cb37be2fac91a8ea6116b0055c','2015-08-05 13:58:49',1),('493120088bea004b0b9a5ffd3b21e3a1d552e9f8','2015-08-05 13:58:49',2);
/*!40000 ALTER TABLE `authtoken_token` ENABLE KEYS */;
UNLOCK TABLES;

--
-- Table structure for table `celery_taskmeta`
--

DROP TABLE IF EXISTS `celery_taskmeta`;
/*!40101 SET @saved_cs_client     = @@character_set_client */;
/*!40101 SET character_set_client = utf8 */;
CREATE TABLE `celery_taskmeta` (
  `id` int(11) NOT NULL AUTO_INCREMENT,
  `task_id` varchar(255) NOT NULL,
  `status` varchar(50) NOT NULL,
  `result` longtext,
  `date_done` datetime NOT NULL,
  `traceback` longtext,
  `hidden` tinyint(1) NOT NULL,
  `meta` longtext,
  PRIMARY KEY (`id`),
  UNIQUE KEY `task_id` (`task_id`),
  KEY `celery_taskmeta_662f707d` (`hidden`)
) ENGINE=MyISAM DEFAULT CHARSET=latin1;
/*!40101 SET character_set_client = @saved_cs_client */;

--
-- Dumping data for table `celery_taskmeta`
--

LOCK TABLES `celery_taskmeta` WRITE;
/*!40000 ALTER TABLE `celery_taskmeta` DISABLE KEYS */;
/*!40000 ALTER TABLE `celery_taskmeta` ENABLE KEYS */;
UNLOCK TABLES;

--
-- Table structure for table `celery_tasksetmeta`
--

DROP TABLE IF EXISTS `celery_tasksetmeta`;
/*!40101 SET @saved_cs_client     = @@character_set_client */;
/*!40101 SET character_set_client = utf8 */;
CREATE TABLE `celery_tasksetmeta` (
  `id` int(11) NOT NULL AUTO_INCREMENT,
  `taskset_id` varchar(255) NOT NULL,
  `result` longtext NOT NULL,
  `date_done` datetime NOT NULL,
  `hidden` tinyint(1) NOT NULL,
  PRIMARY KEY (`id`),
  UNIQUE KEY `taskset_id` (`taskset_id`),
  KEY `celery_tasksetmeta_662f707d` (`hidden`)
) ENGINE=MyISAM DEFAULT CHARSET=latin1;
/*!40101 SET character_set_client = @saved_cs_client */;

--
-- Dumping data for table `celery_tasksetmeta`
--

LOCK TABLES `celery_tasksetmeta` WRITE;
/*!40000 ALTER TABLE `celery_tasksetmeta` DISABLE KEYS */;
/*!40000 ALTER TABLE `celery_tasksetmeta` ENABLE KEYS */;
UNLOCK TABLES;

--
-- Table structure for table `connectors_basicattribute`
--

DROP TABLE IF EXISTS `connectors_basicattribute`;
/*!40101 SET @saved_cs_client     = @@character_set_client */;
/*!40101 SET character_set_client = utf8 */;
CREATE TABLE `connectors_basicattribute` (
  `id` int(11) NOT NULL AUTO_INCREMENT,
  `name` varchar(50) NOT NULL,
  `type` varchar(50) NOT NULL,
  `required` tinyint(1) NOT NULL,
  `empty` tinyint(1) NOT NULL,
  PRIMARY KEY (`id`)
) ENGINE=MyISAM AUTO_INCREMENT=25 DEFAULT CHARSET=latin1;
/*!40101 SET character_set_client = @saved_cs_client */;

--
-- Dumping data for table `connectors_basicattribute`
--

LOCK TABLES `connectors_basicattribute` WRITE;
/*!40000 ALTER TABLE `connectors_basicattribute` DISABLE KEYS */;
INSERT INTO `connectors_basicattribute` VALUES (1,'name','str',1,1),(2,'url','str',1,0),(3,'id','num',1,0),(4,'email','str',1,1),(5,'value','num',1,0),(6,'idea_id','num',1,0),(7,'author_id','num',1,0),(8,'datetime','str',1,0),(9,'text','str',1,0),(10,'parent_type','str',1,0),(11,'parent_id','num',1,0),(12,'positive_votes','num',1,1),(13,'negative_votes','num',0,1),(14,'comments','num',1,1),(15,'country','str',0,1),(16,'city','str',0,1),(17,'latitude','num',0,1),(18,'longitude','num',0,1),(19,'title','str',1,1),(20,'campaign_id','num',1,0),(21,'comment_id','num',1,0),(22,'initiative_url','str',1,0),(23,'user_id','num',1,0),(24,'initiative_id','num',1,0);
/*!40000 ALTER TABLE `connectors_basicattribute` ENABLE KEYS */;
UNLOCK TABLES;

--
-- Table structure for table `connectors_callback`
--

DROP TABLE IF EXISTS `connectors_callback`;
/*!40101 SET @saved_cs_client     = @@character_set_client */;
/*!40101 SET character_set_client = utf8 */;
CREATE TABLE `connectors_callback` (
  `id` int(11) NOT NULL AUTO_INCREMENT,
  `name` varchar(50) NOT NULL,
  `return_type` varchar(50) NOT NULL,
  `method` varchar(50) DEFAULT NULL,
  `format` varchar(50) NOT NULL,
  `required` tinyint(1) NOT NULL,
  `return_object_id` int(11) NOT NULL,
  PRIMARY KEY (`id`),
  KEY `connectors_callback_0d58c438` (`return_object_id`)
) ENGINE=MyISAM AUTO_INCREMENT=27 DEFAULT CHARSET=latin1;
/*!40101 SET character_set_client = @saved_cs_client */;

--
-- Dumping data for table `connectors_callback`
--

LOCK TABLES `connectors_callback` WRITE;
/*!40000 ALTER TABLE `connectors_callback` DISABLE KEYS */;
INSERT INTO `connectors_callback` VALUES (1,'get_initiatives_cb','set','get','json',1,1),(2,'get_campaigns_cb','set','get','json',1,2),(3,'get_ideas_cb','set','get','json',1,6),(4,'get_users_cb','set','get','json',1,3),(5,'get_votes_ideas_cb','set','get','json',1,5),(6,'get_comments_cb','set','get','json',1,7),(7,'get_idea_cb','unit','get','json',1,6),(8,'get_user_cb','unit','get','json',1,3),(9,'create_idea_cb','unit','post','json',1,6),(10,'delete_idea_cb','unit','delete','json',1,8),(11,'create_comment_idea_cb','unit','post','json',1,7),(12,'create_comment_comment_cb','unit','post','json',1,7),(13,'delete_comment_cb','unit','delete','json',1,8),(14,'vote_idea_cb','unit','post','json',1,5),(15,'create_user_cb','unit','post','json',1,3),(16,'vote_comment_cb','unit','post','json',0,5),(17,'update_idea_cb','unit','post','json',0,6),(18,'delete_user_cb','unit','delete','json',0,8),(19,'attach_file_idea_cb','unit','post','txt',0,8),(20,'get_testing_param_cb','unit','get','json',1,9),(21,'get_comments_idea_cb','set','get','json',1,7),(22,'get_comment_cb','unit','get','json',1,7),(23,'get_vote_cb','unit','get','json',0,5),(24,'get_votes_idea_cb','set','get','json',1,5),(25,'get_votes_comment_cb','set','get','json',0,5),(26,'get_votes_comments_cb','set','get','json',1,5);
/*!40000 ALTER TABLE `connectors_callback` ENABLE KEYS */;
UNLOCK TABLES;

--
-- Table structure for table `connectors_callback_body_params`
--

DROP TABLE IF EXISTS `connectors_callback_body_params`;
/*!40101 SET @saved_cs_client     = @@character_set_client */;
/*!40101 SET character_set_client = utf8 */;
CREATE TABLE `connectors_callback_body_params` (
  `id` int(11) NOT NULL AUTO_INCREMENT,
  `callback_id` int(11) NOT NULL,
  `parameter_id` int(11) NOT NULL,
  PRIMARY KEY (`id`),
  UNIQUE KEY `callback_id` (`callback_id`,`parameter_id`),
  KEY `connectors_callback_params_574155db` (`callback_id`),
  KEY `connectors_callback_params_80740216` (`parameter_id`)
) ENGINE=MyISAM AUTO_INCREMENT=19 DEFAULT CHARSET=latin1;
/*!40101 SET character_set_client = @saved_cs_client */;

--
-- Dumping data for table `connectors_callback_body_params`
--

LOCK TABLES `connectors_callback_body_params` WRITE;
/*!40000 ALTER TABLE `connectors_callback_body_params` DISABLE KEYS */;
INSERT INTO `connectors_callback_body_params` VALUES (1,9,8),(2,9,9),(3,9,6),(4,9,7),(5,11,7),(6,12,7),(16,14,11),(8,15,12),(9,15,13),(10,16,11),(11,17,8),(12,17,9),(13,17,6),(14,17,7),(18,19,14);
/*!40000 ALTER TABLE `connectors_callback_body_params` ENABLE KEYS */;
UNLOCK TABLES;

--
-- Table structure for table `connectors_callback_url_params`
--

DROP TABLE IF EXISTS `connectors_callback_url_params`;
/*!40101 SET @saved_cs_client     = @@character_set_client */;
/*!40101 SET character_set_client = utf8 */;
CREATE TABLE `connectors_callback_url_params` (
  `id` int(11) NOT NULL AUTO_INCREMENT,
  `callback_id` int(11) NOT NULL,
  `urlparameter_id` int(11) NOT NULL,
  PRIMARY KEY (`id`),
  UNIQUE KEY `callback_id` (`callback_id`,`urlparameter_id`),
  KEY `connectors_callback_url_params_574155db` (`callback_id`),
  KEY `connectors_callback_url_params_69771240` (`urlparameter_id`)
) ENGINE=MyISAM AUTO_INCREMENT=28 DEFAULT CHARSET=latin1;
/*!40101 SET character_set_client = @saved_cs_client */;

--
-- Dumping data for table `connectors_callback_url_params`
--

LOCK TABLES `connectors_callback_url_params` WRITE;
/*!40000 ALTER TABLE `connectors_callback_url_params` DISABLE KEYS */;
INSERT INTO `connectors_callback_url_params` VALUES (1,2,4),(2,3,4),(3,4,4),(4,5,4),(5,6,4),(6,7,2),(7,8,3),(8,9,4),(9,10,2),(10,11,2),(11,12,1),(12,13,1),(25,14,2),(14,15,4),(15,16,1),(16,17,2),(17,18,3),(27,19,2),(19,21,2),(20,22,1),(21,23,5),(22,24,2),(23,25,1),(24,26,4);
/*!40000 ALTER TABLE `connectors_callback_url_params` ENABLE KEYS */;
UNLOCK TABLES;

--
-- Table structure for table `connectors_composedattribute`
--

DROP TABLE IF EXISTS `connectors_composedattribute`;
/*!40101 SET @saved_cs_client     = @@character_set_client */;
/*!40101 SET character_set_client = utf8 */;
CREATE TABLE `connectors_composedattribute` (
  `id` int(11) NOT NULL AUTO_INCREMENT,
  `name` varchar(50) NOT NULL,
  `required` tinyint(1) NOT NULL,
  `type_id` int(11) NOT NULL,
  `empty` tinyint(1) NOT NULL,
  PRIMARY KEY (`id`),
  KEY `connectors_composedattribute_94757cae` (`type_id`)
) ENGINE=MyISAM AUTO_INCREMENT=4 DEFAULT CHARSET=latin1;
/*!40101 SET character_set_client = @saved_cs_client */;

--
-- Dumping data for table `connectors_composedattribute`
--

LOCK TABLES `connectors_composedattribute` WRITE;
/*!40000 ALTER TABLE `connectors_composedattribute` DISABLE KEYS */;
INSERT INTO `connectors_composedattribute` VALUES (1,'user_info',1,3,0),(2,'location_info',0,4,1),(3,'campaign_info',1,2,0);
/*!40000 ALTER TABLE `connectors_composedattribute` ENABLE KEYS */;
UNLOCK TABLES;

--
-- Table structure for table `connectors_connector`
--

DROP TABLE IF EXISTS `connectors_connector`;
/*!40101 SET @saved_cs_client     = @@character_set_client */;
/*!40101 SET character_set_client = utf8 */;
CREATE TABLE `connectors_connector` (
  `id` int(11) NOT NULL AUTO_INCREMENT,
  `name` varchar(50) NOT NULL,
  `meta_connector_id` int(11) NOT NULL,
  `auth_header` varchar(50) DEFAULT NULL,
  `auth_token` varchar(255) DEFAULT NULL,
  `authentication` tinyint(1) NOT NULL,
  PRIMARY KEY (`id`),
  KEY `connectors_connector_2175f9c4` (`meta_connector_id`)
) ENGINE=MyISAM AUTO_INCREMENT=2 DEFAULT CHARSET=latin1;
/*!40101 SET character_set_client = @saved_cs_client */;

--
-- Dumping data for table `connectors_connector`
--

LOCK TABLES `connectors_connector` WRITE;
/*!40000 ALTER TABLE `connectors_connector` DISABLE KEYS */;
INSERT INTO `connectors_connector` VALUES (1,'IdeaScale',1,'Authorization','Token 493120088bea004b0b9a5ffd3b21e3a1d552e9f8',1);
/*!40000 ALTER TABLE `connectors_connector` ENABLE KEYS */;
UNLOCK TABLES;

--
-- Table structure for table `connectors_connector_url_callback`
--

DROP TABLE IF EXISTS `connectors_connector_url_callback`;
/*!40101 SET @saved_cs_client     = @@character_set_client */;
/*!40101 SET character_set_client = utf8 */;
CREATE TABLE `connectors_connector_url_callback` (
  `id` int(11) NOT NULL AUTO_INCREMENT,
  `connector_id` int(11) NOT NULL,
  `urlcallback_id` int(11) NOT NULL,
  PRIMARY KEY (`id`),
  UNIQUE KEY `connector_id` (`connector_id`,`urlcallback_id`),
  KEY `connectors_connector_url_callback_2b69d2ab` (`connector_id`),
  KEY `connectors_connector_url_callback_924cba47` (`urlcallback_id`)
) ENGINE=MyISAM AUTO_INCREMENT=65 DEFAULT CHARSET=latin1;
/*!40101 SET character_set_client = @saved_cs_client */;

--
-- Dumping data for table `connectors_connector_url_callback`
--

LOCK TABLES `connectors_connector_url_callback` WRITE;
/*!40000 ALTER TABLE `connectors_connector_url_callback` DISABLE KEYS */;
INSERT INTO `connectors_connector_url_callback` VALUES (63,1,22),(62,1,21),(61,1,20),(60,1,18),(59,1,17),(58,1,16),(57,1,15),(56,1,14),(55,1,13),(54,1,12),(53,1,11),(52,1,10),(51,1,9),(50,1,8),(49,1,7),(48,1,6),(47,1,5),(46,1,4),(45,1,3),(44,1,2),(43,1,1),(64,1,23);
/*!40000 ALTER TABLE `connectors_connector_url_callback` ENABLE KEYS */;
UNLOCK TABLES;

--
-- Table structure for table `connectors_metaconnector`
--

DROP TABLE IF EXISTS `connectors_metaconnector`;
/*!40101 SET @saved_cs_client     = @@character_set_client */;
/*!40101 SET character_set_client = utf8 */;
CREATE TABLE `connectors_metaconnector` (
  `id` int(11) NOT NULL AUTO_INCREMENT,
  `name` varchar(50) NOT NULL,
  `type` varchar(50) NOT NULL,
  PRIMARY KEY (`id`)
) ENGINE=MyISAM AUTO_INCREMENT=2 DEFAULT CHARSET=latin1;
/*!40101 SET character_set_client = @saved_cs_client */;

--
-- Dumping data for table `connectors_metaconnector`
--

LOCK TABLES `connectors_metaconnector` WRITE;
/*!40000 ALTER TABLE `connectors_metaconnector` DISABLE KEYS */;
INSERT INTO `connectors_metaconnector` VALUES (1,'Idea Management Platform','idea_mgmt');
/*!40000 ALTER TABLE `connectors_metaconnector` ENABLE KEYS */;
UNLOCK TABLES;

--
-- Table structure for table `connectors_metaconnector_callbacks`
--

DROP TABLE IF EXISTS `connectors_metaconnector_callbacks`;
/*!40101 SET @saved_cs_client     = @@character_set_client */;
/*!40101 SET character_set_client = utf8 */;
CREATE TABLE `connectors_metaconnector_callbacks` (
  `id` int(11) NOT NULL AUTO_INCREMENT,
  `metaconnector_id` int(11) NOT NULL,
  `callback_id` int(11) NOT NULL,
  PRIMARY KEY (`id`),
  UNIQUE KEY `metaconnector_id` (`metaconnector_id`,`callback_id`),
  KEY `connectors_metaconnector_callbacks_0b3676f7` (`metaconnector_id`),
  KEY `connectors_metaconnector_callbacks_574155db` (`callback_id`)
) ENGINE=MyISAM AUTO_INCREMENT=26 DEFAULT CHARSET=latin1;
/*!40101 SET character_set_client = @saved_cs_client */;

--
-- Dumping data for table `connectors_metaconnector_callbacks`
--

LOCK TABLES `connectors_metaconnector_callbacks` WRITE;
/*!40000 ALTER TABLE `connectors_metaconnector_callbacks` DISABLE KEYS */;
INSERT INTO `connectors_metaconnector_callbacks` VALUES (1,1,1),(2,1,2),(3,1,3),(4,1,4),(5,1,5),(6,1,6),(7,1,7),(8,1,8),(9,1,9),(10,1,10),(11,1,11),(12,1,12),(13,1,13),(14,1,14),(15,1,15),(16,1,16),(17,1,17),(18,1,18),(19,1,19),(20,1,20),(21,1,21),(22,1,22),(23,1,23),(24,1,24),(25,1,25);
/*!40000 ALTER TABLE `connectors_metaconnector_callbacks` ENABLE KEYS */;
UNLOCK TABLES;

--
-- Table structure for table `connectors_object`
--

DROP TABLE IF EXISTS `connectors_object`;
/*!40101 SET @saved_cs_client     = @@character_set_client */;
/*!40101 SET character_set_client = utf8 */;
CREATE TABLE `connectors_object` (
  `id` int(11) NOT NULL AUTO_INCREMENT,
  `name` varchar(50) NOT NULL,
  PRIMARY KEY (`id`)
) ENGINE=MyISAM AUTO_INCREMENT=10 DEFAULT CHARSET=latin1;
/*!40101 SET character_set_client = @saved_cs_client */;

--
-- Dumping data for table `connectors_object`
--

LOCK TABLES `connectors_object` WRITE;
/*!40000 ALTER TABLE `connectors_object` DISABLE KEYS */;
INSERT INTO `connectors_object` VALUES (1,'Initiative'),(2,'Campaign'),(3,'User'),(4,'Location'),(5,'Vote'),(6,'Idea'),(7,'Comment'),(8,'Message'),(9,'Testing');
/*!40000 ALTER TABLE `connectors_object` ENABLE KEYS */;
UNLOCK TABLES;

--
-- Table structure for table `connectors_object_attributes`
--

DROP TABLE IF EXISTS `connectors_object_attributes`;
/*!40101 SET @saved_cs_client     = @@character_set_client */;
/*!40101 SET character_set_client = utf8 */;
CREATE TABLE `connectors_object_attributes` (
  `id` int(11) NOT NULL AUTO_INCREMENT,
  `object_id` int(11) NOT NULL,
  `basicattribute_id` int(11) NOT NULL,
  PRIMARY KEY (`id`),
  UNIQUE KEY `object_id` (`object_id`,`basicattribute_id`),
  KEY `connectors_object_attributes_af31437c` (`object_id`),
  KEY `connectors_object_attributes_9fdb0b0a` (`basicattribute_id`)
) ENGINE=MyISAM AUTO_INCREMENT=53 DEFAULT CHARSET=latin1;
/*!40101 SET character_set_client = @saved_cs_client */;

--
-- Dumping data for table `connectors_object_attributes`
--

LOCK TABLES `connectors_object_attributes` WRITE;
/*!40000 ALTER TABLE `connectors_object_attributes` DISABLE KEYS */;
INSERT INTO `connectors_object_attributes` VALUES (1,1,1),(2,1,2),(3,1,3),(4,2,1),(5,2,3),(6,3,1),(7,3,3),(8,3,4),(9,4,16),(10,4,17),(11,4,18),(12,4,15),(52,5,23),(51,5,11),(50,5,10),(49,5,8),(48,5,5),(47,5,3),(19,6,2),(20,6,3),(21,6,8),(22,6,9),(23,6,12),(24,6,13),(25,6,14),(26,6,19),(27,7,2),(28,7,3),(29,7,8),(30,7,9),(31,7,10),(32,7,11),(33,7,12),(34,7,13),(35,7,14),(36,8,9),(37,9,1),(38,9,4),(39,9,5),(40,9,6),(41,9,9),(42,9,19),(43,9,20),(44,9,21),(45,9,23),(46,9,24);
/*!40000 ALTER TABLE `connectors_object_attributes` ENABLE KEYS */;
UNLOCK TABLES;

--
-- Table structure for table `connectors_object_composed_attributes`
--

DROP TABLE IF EXISTS `connectors_object_composed_attributes`;
/*!40101 SET @saved_cs_client     = @@character_set_client */;
/*!40101 SET character_set_client = utf8 */;
CREATE TABLE `connectors_object_composed_attributes` (
  `id` int(11) NOT NULL AUTO_INCREMENT,
  `object_id` int(11) NOT NULL,
  `composedattribute_id` int(11) NOT NULL,
  PRIMARY KEY (`id`),
  UNIQUE KEY `object_id` (`object_id`,`composedattribute_id`),
  KEY `connectors_object_composed_attributes_af31437c` (`object_id`),
  KEY `connectors_object_composed_attributes_cf534feb` (`composedattribute_id`)
) ENGINE=MyISAM AUTO_INCREMENT=6 DEFAULT CHARSET=latin1;
/*!40101 SET character_set_client = @saved_cs_client */;

--
-- Dumping data for table `connectors_object_composed_attributes`
--

LOCK TABLES `connectors_object_composed_attributes` WRITE;
/*!40000 ALTER TABLE `connectors_object_composed_attributes` DISABLE KEYS */;
INSERT INTO `connectors_object_composed_attributes` VALUES (1,6,1),(2,6,2),(3,6,3),(4,7,1),(5,7,2);
/*!40000 ALTER TABLE `connectors_object_composed_attributes` ENABLE KEYS */;
UNLOCK TABLES;

--
-- Table structure for table `connectors_parameter`
--

DROP TABLE IF EXISTS `connectors_parameter`;
/*!40101 SET @saved_cs_client     = @@character_set_client */;
/*!40101 SET character_set_client = utf8 */;
CREATE TABLE `connectors_parameter` (
  `id` int(11) NOT NULL AUTO_INCREMENT,
  `name` varchar(50) NOT NULL,
  `type` varchar(50) NOT NULL,
  `required` tinyint(1) NOT NULL,
  `description` varchar(150) DEFAULT NULL,
  PRIMARY KEY (`id`)
) ENGINE=MyISAM AUTO_INCREMENT=18 DEFAULT CHARSET=latin1;
/*!40101 SET character_set_client = @saved_cs_client */;

--
-- Dumping data for table `connectors_parameter`
--

LOCK TABLES `connectors_parameter` WRITE;
/*!40000 ALTER TABLE `connectors_parameter` DISABLE KEYS */;
INSERT INTO `connectors_parameter` VALUES (1,'initiative_url','str',1,NULL),(4,'idea_id','num',1,NULL),(5,'user_id','num',1,NULL),(6,'title','str',1,NULL),(7,'text','str',1,NULL),(8,'campaign_id','num',1,NULL),(9,'tags','str',0,'string of terms separated by commas'),(10,'comment_id','num',1,NULL),(11,'value','num',1,NULL),(12,'name','str',1,NULL),(13,'email','str',1,NULL),(14,'file_str','str',1,NULL),(15,'initiative_id','num',1,'Id of the initiative (community)'),(16,'vote_id','num',1,'Id of vote'),(17,'parent','str',1,'Indicate which is the target of the comment. Possible values: \'idea\' or \'comment\'');
/*!40000 ALTER TABLE `connectors_parameter` ENABLE KEYS */;
UNLOCK TABLES;

--
-- Table structure for table `connectors_socialnetworkconnector`
--

DROP TABLE IF EXISTS `connectors_socialnetworkconnector`;
/*!40101 SET @saved_cs_client     = @@character_set_client */;
/*!40101 SET character_set_client = utf8 */;
CREATE TABLE `connectors_socialnetworkconnector` (
  `id` int(11) NOT NULL AUTO_INCREMENT,
  `name` varchar(50) NOT NULL,
  `connector_module` varchar(50) DEFAULT NULL,
  `connector_class` varchar(50) NOT NULL,
  `active` tinyint(1) NOT NULL,
  PRIMARY KEY (`id`)
) ENGINE=MyISAM AUTO_INCREMENT=2 DEFAULT CHARSET=latin1;
/*!40101 SET character_set_client = @saved_cs_client */;

--
-- Dumping data for table `connectors_socialnetworkconnector`
--

LOCK TABLES `connectors_socialnetworkconnector` WRITE;
/*!40000 ALTER TABLE `connectors_socialnetworkconnector` DISABLE KEYS */;
INSERT INTO `connectors_socialnetworkconnector` VALUES (1,'Facebook','connectors.social_network','Facebook',1);
/*!40000 ALTER TABLE `connectors_socialnetworkconnector` ENABLE KEYS */;
UNLOCK TABLES;

--
-- Table structure for table `connectors_urlcallback`
--

DROP TABLE IF EXISTS `connectors_urlcallback`;
/*!40101 SET @saved_cs_client     = @@character_set_client */;
/*!40101 SET character_set_client = utf8 */;
CREATE TABLE `connectors_urlcallback` (
  `id` int(11) NOT NULL AUTO_INCREMENT,
  `url` varchar(200) DEFAULT NULL,
  `callback_id` int(11) NOT NULL,
  `status` varchar(50) NOT NULL,
  PRIMARY KEY (`id`),
  KEY `connectors_urlcallback_574155db` (`callback_id`)
) ENGINE=MyISAM AUTO_INCREMENT=24 DEFAULT CHARSET=latin1;
/*!40101 SET character_set_client = @saved_cs_client */;

--
-- Dumping data for table `connectors_urlcallback`
--

LOCK TABLES `connectors_urlcallback` WRITE;
/*!40000 ALTER TABLE `connectors_urlcallback` DISABLE KEYS */;
INSERT INTO `connectors_urlcallback` VALUES (1,'http://jorgesaldivargalli.com/social-ideation/ideascale/initiatives/',1,'ok'),(2,'http://jorgesaldivargalli.com/social-ideation/ideascale/campaigns/initiative_id',2,'ok'),(3,'http://jorgesaldivargalli.com/social-ideation/ideascale/ideas/initiative_id',3,'ok'),(4,'http://jorgesaldivargalli.com/social-ideation/ideascale/authors/initiative_id',4,'ok'),(5,'http://jorgesaldivargalli.com/social-ideation/ideascale/votes-ideas/initiative_id',5,'ok'),(6,'http://jorgesaldivargalli.com/social-ideation/ideascale/comments/initiative_id',6,'ok'),(7,'http://jorgesaldivargalli.com/social-ideation/ideascale/idea/idea_id',7,'ok'),(8,'http://jorgesaldivargalli.com/social-ideation/ideascale/author/user_id',8,'ok'),(9,'http://jorgesaldivargalli.com/social-ideation/ideascale/ideas/initiative_id',9,'ok'),(10,'http://jorgesaldivargalli.com/social-ideation/ideascale/idea/idea_id',10,'ok'),(11,'http://jorgesaldivargalli.com/social-ideation/ideascale/comments/idea/idea_id',11,'ok'),(12,'http://jorgesaldivargalli.com/social-ideation/ideascale/comment/comment_id',13,'ok'),(13,'http://jorgesaldivargalli.com/social-ideation/ideascale/comments/comment/comment_id',12,'ok'),(14,'http://jorgesaldivargalli.com/social-ideation/ideascale/votes/idea/idea_id',14,'ok'),(15,'http://jorgesaldivargalli.com/social-ideation/ideascale/authors/initiative_id',15,'ok'),(16,'http://jorgesaldivargalli.com/social-ideation/ideascale/testing-params/',20,'ok'),(17,'http://jorgesaldivargalli.com/social-ideation/ideascale/comments/idea/idea_id',21,'ok'),(18,'http://jorgesaldivargalli.com/social-ideation/ideascale/comment/comment_id',22,'ok'),(19,'http://jorgesaldivargalli.com/social-ideation/ideascale/vote/vote_id',23,'untested'),(20,'http://jorgesaldivargalli.com/social-ideation/ideascale/votes/idea/idea_id',24,'ok'),(21,'http://jorgesaldivargalli.com/social-ideation/ideascale/votes/comment/comment_id',25,'ok'),(22,'http://jorgesaldivargalli.com/social-ideation/ideascale/votes-comments/initiative_id',26,'ok'),(23,'http://jorgesaldivargalli.com/social-ideation/ideascale/idea/attach-file/idea_id',19,'untested');
/*!40000 ALTER TABLE `connectors_urlcallback` ENABLE KEYS */;
UNLOCK TABLES;

--
-- Table structure for table `connectors_urlparameter`
--

DROP TABLE IF EXISTS `connectors_urlparameter`;
/*!40101 SET @saved_cs_client     = @@character_set_client */;
/*!40101 SET character_set_client = utf8 */;
CREATE TABLE `connectors_urlparameter` (
  `id` int(11) NOT NULL AUTO_INCREMENT,
  `name` varchar(50) NOT NULL,
  `description` varchar(150) DEFAULT NULL,
  `type` varchar(50) NOT NULL,
  `required` tinyint(1) NOT NULL,
  PRIMARY KEY (`id`)
) ENGINE=MyISAM AUTO_INCREMENT=6 DEFAULT CHARSET=latin1;
/*!40101 SET character_set_client = @saved_cs_client */;

--
-- Dumping data for table `connectors_urlparameter`
--

LOCK TABLES `connectors_urlparameter` WRITE;
/*!40000 ALTER TABLE `connectors_urlparameter` DISABLE KEYS */;
INSERT INTO `connectors_urlparameter` VALUES (1,'comment_id','Id of comment','num',1),(2,'idea_id','Id of idea','num',1),(3,'user_id','Id of user','num',1),(4,'initiative_id','Id of initiative','num',1),(5,'vote_id','Id of vote','num',1);
/*!40000 ALTER TABLE `connectors_urlparameter` ENABLE KEYS */;
UNLOCK TABLES;

--
-- Table structure for table `django_admin_log`
--

DROP TABLE IF EXISTS `django_admin_log`;
/*!40101 SET @saved_cs_client     = @@character_set_client */;
/*!40101 SET character_set_client = utf8 */;
CREATE TABLE `django_admin_log` (
  `id` int(11) NOT NULL AUTO_INCREMENT,
  `action_time` datetime NOT NULL,
  `object_id` longtext,
  `object_repr` varchar(200) NOT NULL,
  `action_flag` smallint(5) unsigned NOT NULL,
  `change_message` longtext NOT NULL,
  `content_type_id` int(11) DEFAULT NULL,
  `user_id` int(11) NOT NULL,
  PRIMARY KEY (`id`),
  KEY `django_admin_log_417f1b1c` (`content_type_id`),
  KEY `django_admin_log_e8701ad4` (`user_id`)
) ENGINE=MyISAM AUTO_INCREMENT=202 DEFAULT CHARSET=latin1;
/*!40101 SET character_set_client = @saved_cs_client */;

--
-- Dumping data for table `django_admin_log`
--

LOCK TABLES `django_admin_log` WRITE;
/*!40000 ALTER TABLE `django_admin_log` DISABLE KEYS */;
INSERT INTO `django_admin_log` VALUES (1,'2015-08-05 15:09:19','22','get_votes_comments_cb: http://jorgesaldivargalli.com/social-ideation/ideascale/votes-comments/initiative_id',2,'Changed url.',26,1),(2,'2015-08-05 15:09:31','21','get_votes_comment_cb: http://jorgesaldivargalli.com/social-ideation/ideascale/votes/comment/comment_id',2,'Changed url.',26,1),(3,'2015-08-05 15:09:39','20','get_votes_idea_cb: http://jorgesaldivargalli.com/social-ideation/ideascale/votes/idea/idea_id',2,'Changed url.',26,1),(4,'2015-08-05 15:09:52','19','get_vote_cb: http://jorgesaldivargalli.com/social-ideation/ideascale/vote/vote_id',2,'Changed url.',26,1),(5,'2015-08-05 15:10:02','18','get_comment_cb: http://jorgesaldivargalli.com/social-ideation/ideascale/comment/comment_id',2,'Changed url.',26,1),(6,'2015-08-05 15:10:18','17','get_comments_idea_cb: http://jorgesaldivargalli.com/social-ideation/ideascale/comments/idea/idea_id',2,'Changed url.',26,1),(7,'2015-08-05 15:10:30','16','get_testing_param_cb: http://jorgesaldivargalli.com/social-ideation/ideascale/testing-params/',2,'Changed url.',26,1),(8,'2015-08-05 15:10:39','15','create_user_cb: http://jorgesaldivargalli.com/social-ideation/ideascale/authors/initiative_id',2,'Changed url.',26,1),(9,'2015-08-05 15:10:48','14','vote_idea_cb: http://jorgesaldivargalli.com/social-ideation/ideascale/votes/idea/idea_id',2,'Changed url.',26,1),(10,'2015-08-05 15:10:59','13','create_comment_comment_cb: http://jorgesaldivargalli.com/social-ideation/ideascale/comments/comment/comment_id',2,'Changed url.',26,1),(11,'2015-08-05 15:11:08','12','delete_comment_cb: http://jorgesaldivargalli.com/social-ideation/ideascale/comment/comment_id',2,'Changed url.',26,1),(12,'2015-08-05 15:17:34','11','create_comment_idea_cb: http://jorgesaldivargalli.com/social-ideation/ideascale/comments/idea/idea_id',2,'Changed url.',26,1),(13,'2015-08-05 15:17:43','10','delete_idea_cb: http://jorgesaldivargalli.com/social-ideation/ideascale/idea/idea_id',2,'Changed url.',26,1),(14,'2015-08-05 15:18:05','9','create_idea_cb: http://jorgesaldivargalli.com/social-ideation/ideascale/ideas/initiative_id',2,'Changed url.',26,1),(15,'2015-08-05 15:18:13','8','get_user_cb: http://jorgesaldivargalli.com/social-ideation/ideascale/author/user_id',2,'Changed url.',26,1),(16,'2015-08-05 15:18:24','7','get_idea_cb: http://jorgesaldivargalli.com/social-ideation/ideascale/idea/idea_id',2,'Changed url.',26,1),(17,'2015-08-05 15:18:35','6','get_comments_cb: http://jorgesaldivargalli.com/social-ideation/ideascale/comments/initiative_id',2,'Changed url.',26,1),(18,'2015-08-05 15:18:44','5','get_votes_ideas_cb: http://jorgesaldivargalli.com/social-ideation/ideascale/votes-ideas/initiative_id',2,'Changed url.',26,1),(19,'2015-08-05 15:18:55','4','get_users_cb: http://jorgesaldivargalli.com/social-ideation/ideascale/authors/initiative_id',2,'Changed url.',26,1),(20,'2015-08-05 15:19:05','3','get_ideas_cb: http://jorgesaldivargalli.com/social-ideation/ideascale/ideas/initiative_id',2,'Changed url.',26,1),(21,'2015-08-05 15:19:14','2','get_campaigns_cb: http://jorgesaldivargalli.com/social-ideation/ideascale/campaigns/initiative_id',2,'Changed url.',26,1),(22,'2015-08-05 15:19:23','1','get_initiatives_cb: http://jorgesaldivargalli.com/social-ideation/ideascale/initiatives/',2,'Changed url.',26,1),(23,'2015-08-05 15:25:44','1','Five Heads',2,'Changed token.',27,1),(24,'2015-08-05 15:27:21','1','Five Heads',2,'Changed token.',27,1),(25,'2015-08-05 15:40:11','1','Five Heads',2,'Changed token.',27,1),(26,'2015-08-05 15:41:29','1','IdeaScale',2,'Changed auth_token.',25,1),(27,'2015-08-05 15:44:22','17','latitude',2,'Changed type.',20,1),(28,'2015-08-05 15:44:28','18','longitude',2,'Changed type.',20,1),(29,'2015-08-05 16:28:22','5','Vote',2,'Changed attributes.',22,1),(30,'2015-08-05 16:43:30','2','TestingParameter object',2,'Changed raw_value.',35,1),(31,'2015-08-05 16:47:56','7','TestingParameter object',2,'Changed raw_value.',35,1),(32,'2015-08-05 16:48:56','7','TestingParameter object',2,'Changed raw_value.',35,1),(33,'2015-08-06 09:37:51','14','vote_idea_cb',2,'Changed return_object.',23,1),(34,'2015-08-06 14:31:24','2','Social Ideation',1,'',27,1),(35,'2015-08-07 08:43:12','5','Social Ideation',2,'Changed social_network and active.',10,1),(36,'2015-08-07 08:43:18','4','Five Heads',2,'Changed active.',10,1),(37,'2015-08-10 09:08:23','31','Idea object',3,'',14,1),(38,'2015-08-10 09:08:24','35','Idea object',3,'',14,1),(39,'2015-08-10 09:08:24','32','Idea object',3,'',14,1),(40,'2015-08-10 09:08:24','34','Idea object',3,'',14,1),(41,'2015-08-10 09:08:24','36','Idea object',3,'',14,1),(42,'2015-08-10 09:08:24','38','Idea object',3,'',14,1),(43,'2015-08-10 09:08:24','37','Idea object',3,'',14,1),(44,'2015-08-10 13:09:58','39','Idea object',3,'',14,1),(45,'2015-08-10 13:09:58','40','Idea object',3,'',14,1),(46,'2015-08-10 13:09:58','41','Idea object',3,'',14,1),(47,'2015-08-10 13:54:38','42','Idea object',3,'',14,1),(48,'2015-08-10 13:54:38','43','Idea object',3,'',14,1),(49,'2015-08-10 14:36:06','44','Idea object',3,'',14,1),(50,'2015-08-10 14:36:06','45','Idea object',3,'',14,1),(51,'2015-08-11 07:51:26','46','Idea object',3,'',14,1),(52,'2015-08-11 07:51:26','50','Idea object',3,'',14,1),(53,'2015-08-11 07:51:26','56','Idea object',3,'',14,1),(54,'2015-08-11 07:51:26','55','Idea object',3,'',14,1),(55,'2015-08-11 07:51:26','54','Idea object',3,'',14,1),(56,'2015-08-11 07:51:26','53','Idea object',3,'',14,1),(57,'2015-08-11 07:51:26','52','Idea object',3,'',14,1),(58,'2015-08-11 07:51:26','51','Idea object',3,'',14,1),(59,'2015-08-11 07:51:26','62','Idea object',3,'',14,1),(60,'2015-08-11 07:51:26','71','Idea object',3,'',14,1),(61,'2015-08-11 07:51:26','70','Idea object',3,'',14,1),(62,'2015-08-11 07:51:26','69','Idea object',3,'',14,1),(63,'2015-08-11 07:51:26','68','Idea object',3,'',14,1),(64,'2015-08-11 07:51:26','67','Idea object',3,'',14,1),(65,'2015-08-11 07:51:26','66','Idea object',3,'',14,1),(66,'2015-08-11 07:51:26','65','Idea object',3,'',14,1),(67,'2015-08-11 07:51:26','64','Idea object',3,'',14,1),(68,'2015-08-11 07:51:26','63','Idea object',3,'',14,1),(69,'2015-08-11 08:04:07','72','Idea object',3,'',14,1),(70,'2015-08-11 08:04:07','76','Idea object',3,'',14,1),(71,'2015-08-11 08:04:07','75','Idea object',3,'',14,1),(72,'2015-08-11 08:04:07','74','Idea object',3,'',14,1),(73,'2015-08-11 08:04:07','73','Idea object',3,'',14,1),(74,'2015-08-11 08:12:12','77','Idea object',3,'',14,1),(75,'2015-08-11 08:12:12','78','Idea object',3,'',14,1),(76,'2015-08-11 08:30:33','79','Idea object',3,'',14,1),(77,'2015-08-11 08:30:33','80','Idea object',3,'',14,1),(78,'2015-08-11 08:36:18','81','Idea object',3,'',14,1),(79,'2015-08-11 08:36:18','82','Idea object',3,'',14,1),(80,'2015-08-11 12:50:10','194','Idea object',3,'',14,1),(81,'2015-08-11 12:50:10','180','Idea object',3,'',14,1),(82,'2015-08-11 12:50:10','187','Idea object',3,'',14,1),(83,'2015-08-11 12:50:10','191','Idea object',3,'',14,1),(84,'2015-08-11 12:50:10','170','Idea object',3,'',14,1),(85,'2015-08-11 12:50:10','169','Idea object',3,'',14,1),(86,'2015-08-11 12:50:10','167','Idea object',3,'',14,1),(87,'2015-08-11 12:50:10','176','Idea object',3,'',14,1),(88,'2015-08-11 12:50:10','192','Idea object',3,'',14,1),(89,'2015-08-11 12:50:10','178','Idea object',3,'',14,1),(90,'2015-08-11 12:50:10','166','Idea object',3,'',14,1),(91,'2015-08-11 12:50:10','168','Idea object',3,'',14,1),(92,'2015-08-11 12:50:10','179','Idea object',3,'',14,1),(93,'2015-08-11 12:50:10','174','Idea object',3,'',14,1),(94,'2015-08-11 12:50:10','171','Idea object',3,'',14,1),(95,'2015-08-11 12:50:10','175','Idea object',3,'',14,1),(96,'2015-08-11 12:50:10','185','Idea object',3,'',14,1),(97,'2015-08-11 12:50:10','183','Idea object',3,'',14,1),(98,'2015-08-11 12:50:10','182','Idea object',3,'',14,1),(99,'2015-08-11 12:50:10','173','Idea object',3,'',14,1),(100,'2015-08-11 12:50:10','172','Idea object',3,'',14,1),(101,'2015-08-11 12:50:10','188','Idea object',3,'',14,1),(102,'2015-08-11 12:50:10','186','Idea object',3,'',14,1),(103,'2015-08-11 12:50:10','181','Idea object',3,'',14,1),(104,'2015-08-11 12:50:10','177','Idea object',3,'',14,1),(105,'2015-08-11 12:50:10','190','Idea object',3,'',14,1),(106,'2015-08-11 12:50:10','184','Idea object',3,'',14,1),(107,'2015-08-11 12:50:10','189','Idea object',3,'',14,1),(108,'2015-08-11 12:50:10','193','Idea object',3,'',14,1),(109,'2015-08-11 12:50:10','141','Idea object',3,'',14,1),(110,'2015-08-11 12:50:10','140','Idea object',3,'',14,1),(111,'2015-08-11 12:50:10','139','Idea object',3,'',14,1),(112,'2015-08-11 12:50:10','138','Idea object',3,'',14,1),(113,'2015-08-11 12:50:10','137','Idea object',3,'',14,1),(114,'2015-08-11 12:50:10','136','Idea object',3,'',14,1),(115,'2015-08-11 12:50:10','135','Idea object',3,'',14,1),(116,'2015-08-11 12:50:10','134','Idea object',3,'',14,1),(117,'2015-08-11 12:50:10','133','Idea object',3,'',14,1),(118,'2015-08-11 12:50:10','132','Idea object',3,'',14,1),(119,'2015-08-11 12:50:10','96','Idea object',3,'',14,1),(120,'2015-08-11 12:50:10','131','Idea object',3,'',14,1),(121,'2015-08-11 12:50:10','130','Idea object',3,'',14,1),(122,'2015-08-11 12:53:00','107','Idea object',3,'',14,1),(123,'2015-08-11 12:53:03','195','Idea object',3,'',14,1),(124,'2015-08-11 12:56:32','196','Idea object',3,'',14,1),(125,'2015-08-11 12:56:32','197','Idea object',3,'',14,1),(126,'2015-08-11 14:46:03','198','Idea object',3,'',14,1),(127,'2015-08-11 14:46:03','199','Idea object',3,'',14,1),(128,'2015-08-11 15:55:59','39','Vote object',3,'',16,1),(129,'2015-08-11 15:55:59','44','Vote object',3,'',16,1),(130,'2015-08-11 15:56:14','74','Comment object',3,'',15,1),(131,'2015-08-11 15:56:14','71','Comment object',3,'',15,1),(132,'2015-08-11 15:56:26','200','Idea object',3,'',14,1),(133,'2015-08-11 15:56:26','201','Idea object',3,'',14,1),(134,'2015-08-11 20:18:30','46','Vote object',3,'',16,1),(135,'2015-08-11 20:18:47','80','Comment object',3,'',15,1),(136,'2015-08-11 20:19:03','220','Idea object',3,'',14,1),(137,'2015-08-11 20:19:03','222','Idea object',3,'',14,1),(138,'2015-08-11 20:19:03','219','Idea object',3,'',14,1),(139,'2015-08-11 20:30:30','223','Idea object',3,'',14,1),(140,'2015-08-11 20:44:48','224','Idea object',3,'',14,1),(141,'2015-08-12 08:31:28','330','Idea object',3,'',14,1),(142,'2015-08-12 08:31:29','331','Idea object',3,'',14,1),(143,'2015-08-12 08:31:29','332','Idea object',3,'',14,1),(144,'2015-08-12 10:59:08','333','Idea object',3,'',14,1),(145,'2015-08-12 10:59:08','334','Idea object',3,'',14,1),(146,'2015-08-12 10:59:08','335','Idea object',3,'',14,1),(147,'2015-08-12 11:41:46','336','Idea object',3,'',14,1),(148,'2015-08-12 11:41:46','337','Idea object',3,'',14,1),(149,'2015-08-12 11:41:46','338','Idea object',3,'',14,1),(150,'2015-08-12 12:29:45','339','Idea object',3,'',14,1),(151,'2015-08-12 12:29:45','340','Idea object',3,'',14,1),(152,'2015-08-12 12:29:45','341','Idea object',3,'',14,1),(153,'2015-08-13 13:28:00','358','Idea object',3,'',14,1),(154,'2015-08-13 13:28:00','359','Idea object',3,'',14,1),(155,'2015-08-13 13:28:00','414','Idea object',3,'',14,1),(156,'2015-08-13 13:28:00','413','Idea object',3,'',14,1),(157,'2015-08-13 13:28:00','412','Idea object',3,'',14,1),(158,'2015-08-13 13:28:00','411','Idea object',3,'',14,1),(159,'2015-08-13 13:28:00','410','Idea object',3,'',14,1),(160,'2015-08-13 13:28:00','409','Idea object',3,'',14,1),(161,'2015-08-13 13:28:00','403','Idea object',3,'',14,1),(162,'2015-08-13 13:28:00','408','Idea object',3,'',14,1),(163,'2015-08-13 13:28:00','401','Idea object',3,'',14,1),(164,'2015-08-13 13:28:00','399','Idea object',3,'',14,1),(165,'2015-08-14 15:54:50','1','Facebook',2,'Changed url_subscriptions.',17,1),(169,'2015-08-17 14:00:54','2','Social Ideation',2,'Changed active.',10,1),(170,'2015-08-17 14:05:22','1','Facebook App',1,'',44,1),(168,'2015-08-17 14:00:24','1','IdeaScale',1,'',9,1),(171,'2015-08-17 15:45:05','1','Facebook App',2,'Changed access_token and page_token.',44,1),(172,'2015-08-19 16:35:55','1','Facebook App',2,'Changed batch_requests and max_batch_requests.',44,1),(173,'2015-08-19 16:37:00','19','attach_file_idea_cb (optional)',2,'Changed name.',23,1),(174,'2015-08-19 16:37:45','23','attach_file_idea_cb: http://jorgesaldivargalli.com/social-ideation/ideascale/idea/attach-file/idea_id',1,'',26,1),(175,'2015-08-19 16:38:19','1','IdeaScale',2,'Changed url_callback.',25,1),(176,'2015-08-19 16:45:47','2','Social Ideation',2,'Changed social_network.',10,1),(177,'2015-08-20 13:50:21','19','attach_file_idea_cb (optional)',2,'Changed format.',23,1),(178,'2015-09-21 13:52:30','1','Social Ideation',1,'',46,1),(179,'2015-09-21 13:55:31','1','Facebook App',2,'Modificado/a redirect_uri, app_access_token, callback_real_time_updates, object_real_time_updates y field_real_time_updates.',44,1),(180,'2015-09-21 13:56:09','1','Facebook App',2,'No ha cambiado ningún campo.',44,1),(181,'2015-09-25 09:37:02','1','Social Ideation',2,'Modificado/a admins.',46,1),(182,'2015-10-07 15:22:26','2','Social Ideation',2,'Modificado/a language.',10,1),(183,'2015-10-07 17:22:05','2','Social Ideation',2,'Modificado/a language.',10,1),(184,'2015-10-08 14:01:41','3','Voz y voto',1,'',27,1),(185,'2015-10-08 14:03:03','3','Voz y voto',2,'Modificado/a language.',10,1),(186,'2015-10-08 14:03:23','3','Voz y voto',2,'Modificado/a social_network.',10,1),(187,'2015-10-08 14:04:43','2','Voz y voto',1,'',46,1),(188,'2015-10-08 14:24:48','2','Voz y Voto Facebook App',1,'',44,1),(189,'2015-10-08 14:25:07','3','Voz y voto',2,'Modificado/a social_network.',10,1),(190,'2015-10-08 14:25:44','2','Social Ideation',2,'Modificado/a notification_emails.',10,1),(191,'2015-10-08 14:47:47','2','Social Ideation',2,'Modificado/a language.',10,1),(192,'2015-10-21 12:06:47','2','Social Ideation',2,'Modificado/a active.',10,1),(193,'2015-10-21 12:07:07','3','Voz y voto',2,'Modificado/a active y notification_emails.',10,1),(194,'2015-10-21 12:12:44','10','Basura Cero!',2,'Modificado/a hashtag.',11,1),(195,'2015-10-21 12:12:54','8','Gestión Municipal',2,'Modificado/a hashtag.',11,1),(196,'2015-10-21 12:15:02','7','Inspiración',2,'Modificado/a hashtag.',11,1),(197,'2015-10-21 12:15:12','11','Mercados Municipales',2,'Modificado/a hashtag.',11,1),(198,'2015-10-21 12:15:20','9','Movilidad Urbana Sostenible',2,'Modificado/a hashtag.',11,1),(199,'2015-10-21 12:15:36','12','Resilencia Urbana',2,'Modificado/a hashtag.',11,1),(200,'2015-10-21 12:25:05','13','Infraestructura',2,'Modificado/a hashtag.',11,1),(201,'2015-10-21 21:07:31','2','Voz y Voto Facebook App',2,'Modificado/a redirect_uri.',44,1);
/*!40000 ALTER TABLE `django_admin_log` ENABLE KEYS */;
UNLOCK TABLES;

--
-- Table structure for table `django_content_type`
--

DROP TABLE IF EXISTS `django_content_type`;
/*!40101 SET @saved_cs_client     = @@character_set_client */;
/*!40101 SET character_set_client = utf8 */;
CREATE TABLE `django_content_type` (
  `id` int(11) NOT NULL AUTO_INCREMENT,
  `app_label` varchar(100) NOT NULL,
  `model` varchar(100) NOT NULL,
  PRIMARY KEY (`id`),
  UNIQUE KEY `django_content_type_app_label_45f3b1d93ec8c61c_uniq` (`app_label`,`model`)
) ENGINE=MyISAM AUTO_INCREMENT=48 DEFAULT CHARSET=latin1;
/*!40101 SET character_set_client = @saved_cs_client */;

--
-- Dumping data for table `django_content_type`
--

LOCK TABLES `django_content_type` WRITE;
/*!40000 ALTER TABLE `django_content_type` DISABLE KEYS */;
INSERT INTO `django_content_type` VALUES (1,'admin','logentry'),(2,'auth','permission'),(3,'auth','group'),(4,'auth','user'),(5,'contenttypes','contenttype'),(6,'sessions','session'),(7,'authtoken','token'),(9,'app','consultationplatform'),(10,'app','initiative'),(11,'app','campaign'),(12,'app','location'),(13,'app','author'),(14,'app','idea'),(15,'app','comment'),(16,'app','vote'),(17,'connectors','socialnetworkconnector'),(18,'connectors','parameter'),(19,'connectors','urlparameter'),(20,'connectors','basicattribute'),(21,'connectors','composedattribute'),(22,'connectors','object'),(23,'connectors','callback'),(24,'connectors','metaconnector'),(25,'connectors','connector'),(26,'connectors','urlcallback'),(27,'ideascale','initiative'),(28,'ideascale','campaign'),(29,'ideascale','author'),(30,'ideascale','location'),(31,'ideascale','idea'),(32,'ideascale','comment'),(33,'ideascale','vote'),(34,'ideascale','client'),(35,'ideascale','testingparameter'),(36,'djcelery','taskmeta'),(37,'djcelery','tasksetmeta'),(38,'djcelery','intervalschedule'),(39,'djcelery','crontabschedule'),(40,'djcelery','periodictasks'),(41,'djcelery','periodictask'),(42,'djcelery','workerstate'),(43,'djcelery','taskstate'),(44,'app','socialnetworkapp'),(45,'app','socialnetworkappuser'),(46,'app','socialnetworkappcommunity'),(47,'app','autocomment');
/*!40000 ALTER TABLE `django_content_type` ENABLE KEYS */;
UNLOCK TABLES;

--
-- Table structure for table `django_migrations`
--

DROP TABLE IF EXISTS `django_migrations`;
/*!40101 SET @saved_cs_client     = @@character_set_client */;
/*!40101 SET character_set_client = utf8 */;
CREATE TABLE `django_migrations` (
  `id` int(11) NOT NULL AUTO_INCREMENT,
  `app` varchar(255) NOT NULL,
  `name` varchar(255) NOT NULL,
  `applied` datetime NOT NULL,
  PRIMARY KEY (`id`)
) ENGINE=MyISAM AUTO_INCREMENT=76 DEFAULT CHARSET=latin1;
/*!40101 SET character_set_client = @saved_cs_client */;

--
-- Dumping data for table `django_migrations`
--

LOCK TABLES `django_migrations` WRITE;
/*!40000 ALTER TABLE `django_migrations` DISABLE KEYS */;
INSERT INTO `django_migrations` VALUES (1,'contenttypes','0001_initial','2015-08-05 13:23:40'),(2,'auth','0001_initial','2015-08-05 13:23:42'),(3,'admin','0001_initial','2015-08-05 13:23:43'),(4,'connectors','0001_initial','2015-08-05 13:23:50'),(49,'connectors','0014_remove_socialnetworkconnector_url_subscriptions','2015-08-17 13:59:17'),(50,'app','0001_initial','2015-08-17 13:59:29'),(51,'app','0002_auto_20150817_1526','2015-08-17 13:59:30'),(10,'contenttypes','0002_remove_content_type_name','2015-08-05 13:24:12'),(11,'auth','0002_alter_permission_name_max_length','2015-08-05 13:24:13'),(12,'auth','0003_alter_user_email_max_length','2015-08-05 13:24:13'),(13,'auth','0004_alter_user_username_opts','2015-08-05 13:24:13'),(14,'auth','0005_alter_user_last_login_null','2015-08-05 13:24:13'),(15,'auth','0006_require_contenttypes_0002','2015-08-05 13:24:13'),(16,'authtoken','0001_initial','2015-08-05 13:24:13'),(17,'connectors','0002_parameter_description','2015-08-05 13:24:14'),(18,'connectors','0003_auto_20150423_1545','2015-08-05 13:24:14'),(19,'connectors','0004_auto_20150424_1400','2015-08-05 13:24:14'),(20,'connectors','0005_auto_20150428_1350','2015-08-05 13:24:17'),(21,'connectors','0006_auto_20150428_1703','2015-08-05 13:24:19'),(22,'connectors','0007_urlcallback_ok','2015-08-05 13:24:19'),(23,'connectors','0008_auto_20150430_0849','2015-08-05 13:24:21'),(24,'connectors','0009_auto_20150513_1136','2015-08-05 13:24:21'),(25,'connectors','0010_auto_20150513_1724','2015-08-05 13:24:23'),(26,'ideascale','0001_initial','2015-08-05 13:24:23'),(27,'ideascale','0002_auto_20150424_1736','2015-08-05 13:24:27'),(28,'ideascale','0003_auto_20150425_1822','2015-08-05 13:24:31'),(29,'ideascale','0004_auto_20150427_1852','2015-08-05 13:24:40'),(30,'ideascale','0005_auto_20150429_1047','2015-08-05 13:24:40'),(31,'ideascale','0006_initiative_token','2015-08-05 13:24:40'),(32,'ideascale','0007_auto_20150429_1503','2015-08-05 13:24:43'),(33,'ideascale','0008_auto_20150429_2247','2015-08-05 13:24:45'),(34,'ideascale','0009_auto_20150430_0006','2015-08-05 13:24:49'),(35,'ideascale','0010_auto_20150513_1146','2015-08-05 13:24:49'),(36,'sessions','0001_initial','2015-08-05 13:24:51'),(52,'app','0003_auto_20150817_1530','2015-08-17 13:59:31'),(53,'app','0004_socialnetworkapp_last_real_time_update_sig','2015-08-19 16:34:21'),(40,'connectors','0011_auto_20150624_1055','2015-08-05 13:58:39'),(41,'connectors','0012_auto_20150624_1119','2015-08-05 13:58:40'),(42,'ideascale','0011_author_sync','2015-08-05 16:01:41'),(54,'app','0005_auto_20150819_1054','2015-08-19 16:34:24'),(55,'ideascale','0012_location_code','2015-08-20 14:47:43'),(47,'connectors','0013_socialnetworkconnector_url_subscriptions','2015-08-14 15:48:43'),(56,'app','0006_auto_20150825_1513','2015-09-21 13:48:40'),(57,'app','0007_auto_20150908_1518','2015-09-21 13:48:41'),(58,'app','0008_auto_20150910_1307','2015-09-21 13:48:42'),(59,'app','0009_auto_20150910_1521','2015-09-21 13:48:43'),(60,'app','0010_auto_20150910_1629','2015-09-21 13:48:43'),(61,'app','0011_auto_20150910_1703','2015-09-21 13:48:43'),(62,'app','0012_auto_20150921_1503','2015-09-21 13:48:44'),(63,'ideascale','0013_auto_20150828_1654','2015-09-21 13:48:44'),(64,'ideascale','0014_auto_20150910_1548','2015-09-21 13:48:45'),(65,'app','0013_auto_20150922_1233','2015-09-23 07:45:59'),(66,'app','0014_auto_20150922_1557','2015-09-23 07:46:00'),(67,'app','0015_socialnetworkappcommunity_admin','2015-09-25 09:36:27'),(68,'app','0016_auto_20150924_1604','2015-09-25 09:36:28'),(69,'app','0017_auto_20150924_1740','2015-09-25 09:36:29'),(70,'app','0018_auto_20150924_1830','2015-09-25 09:36:30'),(71,'app','0019_auto_20151001_1551','2015-10-01 15:17:54'),(72,'app','0020_initiative_notification_emails','2015-10-08 14:23:00'),(73,'app','0021_auto_20151008_1616','2015-10-08 14:23:00'),(74,'ideascale','0015_auto_20151008_2218','2015-10-08 20:19:23'),(75,'app','0022_auto_20151021_1417','2015-10-21 12:24:51');
/*!40000 ALTER TABLE `django_migrations` ENABLE KEYS */;
UNLOCK TABLES;

--
-- Table structure for table `django_session`
--

DROP TABLE IF EXISTS `django_session`;
/*!40101 SET @saved_cs_client     = @@character_set_client */;
/*!40101 SET character_set_client = utf8 */;
CREATE TABLE `django_session` (
  `session_key` varchar(40) NOT NULL,
  `session_data` longtext NOT NULL,
  `expire_date` datetime NOT NULL,
  PRIMARY KEY (`session_key`),
  KEY `django_session_de54fa62` (`expire_date`)
) ENGINE=MyISAM DEFAULT CHARSET=latin1;
/*!40101 SET character_set_client = @saved_cs_client */;

--
-- Dumping data for table `django_session`
--

LOCK TABLES `django_session` WRITE;
/*!40000 ALTER TABLE `django_session` DISABLE KEYS */;
INSERT INTO `django_session` VALUES ('zwl87ympvev37yysm4bju5sn9sah49uh','NWFlMTU3ZWMxYTRkNmM5YzU1YmNkMzI3Y2Y2MDc5MTE2NWJmMTRhNzp7Il9hdXRoX3VzZXJfaGFzaCI6IjVhNzY1OThkNzgwYWI2YmEzMTJjNDFiNTFiMTIxY2I1NjdjYTc2YTgiLCJfYXV0aF91c2VyX2JhY2tlbmQiOiJkamFuZ28uY29udHJpYi5hdXRoLmJhY2tlbmRzLk1vZGVsQmFja2VuZCIsIl9hdXRoX3VzZXJfaWQiOiIxIn0=','2015-08-20 14:44:33'),('12xxilmzfl6tbjso1tz0cj3o2ll9izqq','YmQxOGVhNzQzZGU5MDMxOWMyOWYzNGNkNTU0M2E2MDZkM2U5NThlMDp7Il9hdXRoX3VzZXJfaGFzaCI6IjY3ZTIxZmFiMzVlYzg0MmQ2NmRjYmE2YzBlNjk0OTRmMTYwZGQxNWEiLCJfYXV0aF91c2VyX2JhY2tlbmQiOiJkamFuZ28uY29udHJpYi5hdXRoLmJhY2tlbmRzLk1vZGVsQmFja2VuZCIsIl9hdXRoX3VzZXJfaWQiOiIxIn0=','2015-11-12 11:58:05'),('l2a2wuh9ln0oyi0rkmljp4x3lorm3gdj','YmQxOGVhNzQzZGU5MDMxOWMyOWYzNGNkNTU0M2E2MDZkM2U5NThlMDp7Il9hdXRoX3VzZXJfaGFzaCI6IjY3ZTIxZmFiMzVlYzg0MmQ2NmRjYmE2YzBlNjk0OTRmMTYwZGQxNWEiLCJfYXV0aF91c2VyX2JhY2tlbmQiOiJkamFuZ28uY29udHJpYi5hdXRoLmJhY2tlbmRzLk1vZGVsQmFja2VuZCIsIl9hdXRoX3VzZXJfaWQiOiIxIn0=','2015-11-26 15:11:40'),('t44pkji0zt3d5ylirnx7rhaotkjfgprg','YmQxOGVhNzQzZGU5MDMxOWMyOWYzNGNkNTU0M2E2MDZkM2U5NThlMDp7Il9hdXRoX3VzZXJfaGFzaCI6IjY3ZTIxZmFiMzVlYzg0MmQ2NmRjYmE2YzBlNjk0OTRmMTYwZGQxNWEiLCJfYXV0aF91c2VyX2JhY2tlbmQiOiJkamFuZ28uY29udHJpYi5hdXRoLmJhY2tlbmRzLk1vZGVsQmFja2VuZCIsIl9hdXRoX3VzZXJfaWQiOiIxIn0=','2015-12-18 21:29:09'),('q6hz21h1cxn36n2qtuwsocgtlwhe3s3q','YmQxOGVhNzQzZGU5MDMxOWMyOWYzNGNkNTU0M2E2MDZkM2U5NThlMDp7Il9hdXRoX3VzZXJfaGFzaCI6IjY3ZTIxZmFiMzVlYzg0MmQ2NmRjYmE2YzBlNjk0OTRmMTYwZGQxNWEiLCJfYXV0aF91c2VyX2JhY2tlbmQiOiJkamFuZ28uY29udHJpYi5hdXRoLmJhY2tlbmRzLk1vZGVsQmFja2VuZCIsIl9hdXRoX3VzZXJfaWQiOiIxIn0=','2015-12-31 15:28:00'),('ko5afpgeacpyzkzpu1ocpnx4ckldgozf','YmQxOGVhNzQzZGU5MDMxOWMyOWYzNGNkNTU0M2E2MDZkM2U5NThlMDp7Il9hdXRoX3VzZXJfaGFzaCI6IjY3ZTIxZmFiMzVlYzg0MmQ2NmRjYmE2YzBlNjk0OTRmMTYwZGQxNWEiLCJfYXV0aF91c2VyX2JhY2tlbmQiOiJkamFuZ28uY29udHJpYi5hdXRoLmJhY2tlbmRzLk1vZGVsQmFja2VuZCIsIl9hdXRoX3VzZXJfaWQiOiIxIn0=','2016-02-09 19:18:57');
/*!40000 ALTER TABLE `django_session` ENABLE KEYS */;
UNLOCK TABLES;

--
-- Table structure for table `djcelery_crontabschedule`
--

DROP TABLE IF EXISTS `djcelery_crontabschedule`;
/*!40101 SET @saved_cs_client     = @@character_set_client */;
/*!40101 SET character_set_client = utf8 */;
CREATE TABLE `djcelery_crontabschedule` (
  `id` int(11) NOT NULL AUTO_INCREMENT,
  `minute` varchar(64) NOT NULL,
  `hour` varchar(64) NOT NULL,
  `day_of_week` varchar(64) NOT NULL,
  `day_of_month` varchar(64) NOT NULL,
  `month_of_year` varchar(64) NOT NULL,
  PRIMARY KEY (`id`)
) ENGINE=MyISAM AUTO_INCREMENT=2 DEFAULT CHARSET=latin1;
/*!40101 SET character_set_client = @saved_cs_client */;

--
-- Dumping data for table `djcelery_crontabschedule`
--

LOCK TABLES `djcelery_crontabschedule` WRITE;
/*!40000 ALTER TABLE `djcelery_crontabschedule` DISABLE KEYS */;
INSERT INTO `djcelery_crontabschedule` VALUES (1,'0','4','*','*','*');
/*!40000 ALTER TABLE `djcelery_crontabschedule` ENABLE KEYS */;
UNLOCK TABLES;

--
-- Table structure for table `djcelery_intervalschedule`
--

DROP TABLE IF EXISTS `djcelery_intervalschedule`;
/*!40101 SET @saved_cs_client     = @@character_set_client */;
/*!40101 SET character_set_client = utf8 */;
CREATE TABLE `djcelery_intervalschedule` (
  `id` int(11) NOT NULL AUTO_INCREMENT,
  `every` int(11) NOT NULL,
  `period` varchar(24) NOT NULL,
  PRIMARY KEY (`id`)
) ENGINE=MyISAM AUTO_INCREMENT=2 DEFAULT CHARSET=latin1;
/*!40101 SET character_set_client = @saved_cs_client */;

--
-- Dumping data for table `djcelery_intervalschedule`
--

LOCK TABLES `djcelery_intervalschedule` WRITE;
/*!40000 ALTER TABLE `djcelery_intervalschedule` DISABLE KEYS */;
INSERT INTO `djcelery_intervalschedule` VALUES (1,60,'seconds');
/*!40000 ALTER TABLE `djcelery_intervalschedule` ENABLE KEYS */;
UNLOCK TABLES;

--
-- Table structure for table `djcelery_periodictask`
--

DROP TABLE IF EXISTS `djcelery_periodictask`;
/*!40101 SET @saved_cs_client     = @@character_set_client */;
/*!40101 SET character_set_client = utf8 */;
CREATE TABLE `djcelery_periodictask` (
  `id` int(11) NOT NULL AUTO_INCREMENT,
  `name` varchar(200) NOT NULL,
  `task` varchar(200) NOT NULL,
  `interval_id` int(11) DEFAULT NULL,
  `crontab_id` int(11) DEFAULT NULL,
  `args` longtext NOT NULL,
  `kwargs` longtext NOT NULL,
  `queue` varchar(200) DEFAULT NULL,
  `exchange` varchar(200) DEFAULT NULL,
  `routing_key` varchar(200) DEFAULT NULL,
  `expires` datetime DEFAULT NULL,
  `enabled` tinyint(1) NOT NULL,
  `last_run_at` datetime DEFAULT NULL,
  `total_run_count` int(10) unsigned NOT NULL,
  `date_changed` datetime NOT NULL,
  `description` longtext NOT NULL,
  PRIMARY KEY (`id`),
  UNIQUE KEY `name` (`name`),
  KEY `djcelery_periodictask_1dcd7040` (`interval_id`),
  KEY `djcelery_periodictask_f3f0d72a` (`crontab_id`)
) ENGINE=MyISAM AUTO_INCREMENT=3 DEFAULT CHARSET=latin1;
/*!40101 SET character_set_client = @saved_cs_client */;

--
-- Dumping data for table `djcelery_periodictask`
--

LOCK TABLES `djcelery_periodictask` WRITE;
/*!40000 ALTER TABLE `djcelery_periodictask` DISABLE KEYS */;
INSERT INTO `djcelery_periodictask` VALUES (1,'celery.backend_cleanup','celery.backend_cleanup',NULL,1,'[]','{}',NULL,NULL,NULL,NULL,1,NULL,0,'2015-08-13 14:26:55',''),(2,'sync-every-2-minutes','app.tasks.test_function',1,NULL,'[]','{}',NULL,NULL,NULL,NULL,1,NULL,0,'2015-08-13 14:26:55','');
/*!40000 ALTER TABLE `djcelery_periodictask` ENABLE KEYS */;
UNLOCK TABLES;

--
-- Table structure for table `djcelery_periodictasks`
--

DROP TABLE IF EXISTS `djcelery_periodictasks`;
/*!40101 SET @saved_cs_client     = @@character_set_client */;
/*!40101 SET character_set_client = utf8 */;
CREATE TABLE `djcelery_periodictasks` (
  `ident` smallint(6) NOT NULL,
  `last_update` datetime NOT NULL,
  PRIMARY KEY (`ident`)
) ENGINE=MyISAM DEFAULT CHARSET=latin1;
/*!40101 SET character_set_client = @saved_cs_client */;

--
-- Dumping data for table `djcelery_periodictasks`
--

LOCK TABLES `djcelery_periodictasks` WRITE;
/*!40000 ALTER TABLE `djcelery_periodictasks` DISABLE KEYS */;
INSERT INTO `djcelery_periodictasks` VALUES (1,'2015-08-13 14:26:55');
/*!40000 ALTER TABLE `djcelery_periodictasks` ENABLE KEYS */;
UNLOCK TABLES;

--
-- Table structure for table `djcelery_taskstate`
--

DROP TABLE IF EXISTS `djcelery_taskstate`;
/*!40101 SET @saved_cs_client     = @@character_set_client */;
/*!40101 SET character_set_client = utf8 */;
CREATE TABLE `djcelery_taskstate` (
  `id` int(11) NOT NULL AUTO_INCREMENT,
  `state` varchar(64) NOT NULL,
  `task_id` varchar(36) NOT NULL,
  `name` varchar(200) DEFAULT NULL,
  `tstamp` datetime NOT NULL,
  `args` longtext,
  `kwargs` longtext,
  `eta` datetime DEFAULT NULL,
  `expires` datetime DEFAULT NULL,
  `result` longtext,
  `traceback` longtext,
  `runtime` double DEFAULT NULL,
  `retries` int(11) NOT NULL,
  `worker_id` int(11) DEFAULT NULL,
  `hidden` tinyint(1) NOT NULL,
  PRIMARY KEY (`id`),
  UNIQUE KEY `task_id` (`task_id`),
  KEY `djcelery_taskstate_9ed39e2e` (`state`),
  KEY `djcelery_taskstate_b068931c` (`name`),
  KEY `djcelery_taskstate_863bb2ee` (`tstamp`),
  KEY `djcelery_taskstate_ce77e6ef` (`worker_id`),
  KEY `djcelery_taskstate_662f707d` (`hidden`)
) ENGINE=MyISAM DEFAULT CHARSET=latin1;
/*!40101 SET character_set_client = @saved_cs_client */;

--
-- Dumping data for table `djcelery_taskstate`
--

LOCK TABLES `djcelery_taskstate` WRITE;
/*!40000 ALTER TABLE `djcelery_taskstate` DISABLE KEYS */;
/*!40000 ALTER TABLE `djcelery_taskstate` ENABLE KEYS */;
UNLOCK TABLES;

--
-- Table structure for table `djcelery_workerstate`
--

DROP TABLE IF EXISTS `djcelery_workerstate`;
/*!40101 SET @saved_cs_client     = @@character_set_client */;
/*!40101 SET character_set_client = utf8 */;
CREATE TABLE `djcelery_workerstate` (
  `id` int(11) NOT NULL AUTO_INCREMENT,
  `hostname` varchar(255) NOT NULL,
  `last_heartbeat` datetime DEFAULT NULL,
  PRIMARY KEY (`id`),
  UNIQUE KEY `hostname` (`hostname`),
  KEY `djcelery_workerstate_f129901a` (`last_heartbeat`)
) ENGINE=MyISAM DEFAULT CHARSET=latin1;
/*!40101 SET character_set_client = @saved_cs_client */;

--
-- Dumping data for table `djcelery_workerstate`
--

LOCK TABLES `djcelery_workerstate` WRITE;
/*!40000 ALTER TABLE `djcelery_workerstate` DISABLE KEYS */;
/*!40000 ALTER TABLE `djcelery_workerstate` ENABLE KEYS */;
UNLOCK TABLES;

--
-- Table structure for table `ideascale_author`
--

DROP TABLE IF EXISTS `ideascale_author`;
/*!40101 SET @saved_cs_client     = @@character_set_client */;
/*!40101 SET character_set_client = utf8 */;
CREATE TABLE `ideascale_author` (
  `id` int(11) NOT NULL AUTO_INCREMENT,
  `ideascale_id` int(10) unsigned DEFAULT NULL,
  `name` varchar(100) NOT NULL,
  `email` varchar(254) DEFAULT NULL,
  `initiative_id` int(11) NOT NULL,
  `sync` tinyint(1) NOT NULL,
  `source` varchar(100) DEFAULT NULL,
  PRIMARY KEY (`id`),
  KEY `ideascale_author_4d350b0d` (`initiative_id`)
) ENGINE=MyISAM AUTO_INCREMENT=97 DEFAULT CHARSET=latin1;
/*!40101 SET character_set_client = @saved_cs_client */;

--
-- Dumping data for table `ideascale_author`
--

LOCK TABLES `ideascale_author` WRITE;
/*!40000 ALTER TABLE `ideascale_author` DISABLE KEYS */;
INSERT INTO `ideascale_author` VALUES (34,761735,'Cristhian Parra','cdparra@gmail.com',3,0,NULL),(33,762133,'Adriana Paz','adripl82@gmail.com',3,0,NULL),(32,762307,'gaweiberlen','gaweiberlen@gmail.com',3,0,NULL),(31,763756,'Nicoej','Nicoej@gmail.com',3,0,NULL),(30,764212,'Guada Galeano','guada.galeano@gmail.com',3,0,NULL),(29,761707,'lflegon','lflegon@gmail.com',3,0,NULL),(28,0,'Miembros de la Comunidad',NULL,3,0,NULL),(27,764409,'gus.gomez.krona','gus.gomez.krona@gmail.com',3,0,NULL),(35,761713,'luedlo85','luedlo85@gmail.com',3,0,NULL),(36,761392,'victor.surco','victor.surco@gmail.com',3,0,NULL),(37,761332,'pbmserrano','pbmserrano@gmail.com',3,0,NULL),(38,761490,'alvarograum','alvarograum@gmail.com',3,0,NULL),(39,761485,'fabriziomacchi9','fabriziomacchi9@gmail.com',3,0,NULL),(40,744331,'Jorge Saldivar','jorge.saldivargalli@disi.unitn.it',3,0,NULL),(41,765413,'Alejandro Codas','alejandrocodas@yahoo.com',3,0,NULL),(42,754903,'seba','sebagar@hotmail.com',3,0,NULL),(43,765241,'hermoana','hermoana@gmail.com',3,0,NULL),(44,764870,'mjsaldivar','mjsaldivar@hotmail.com',3,0,NULL),(45,764830,'Seba Villarejo','svillarejo@hotmail.com',3,0,NULL),(46,764096,'achiramos','achiramos@gmail.com',3,0,NULL),(47,762381,'Graciela López de Paz','gracielaldp@yahoo.com',3,0,NULL),(48,762325,'gracielaldp','gracielaldp@gmail.com',3,0,NULL),(49,759524,'vaner1902','vaner1902@gmail.com',3,0,NULL),(50,761343,'Carolina Martínez','carolina.lird@hotmail.com',3,0,NULL),(51,761486,'gloriadelpuertog','gloriadelpuertog@hotmail.com',3,0,NULL),(52,761489,'enripaniagua','enripaniagua@gmail.com',3,0,NULL),(53,761834,'Jjpy012','Jjpy012@hotmail.com',3,0,NULL),(54,761953,'Vale Riera','valecita.riera@gmail.com',3,0,NULL),(55,763754,'Marco Di Tore','marcoditore@hotmail.com',3,0,NULL),(56,763758,'Diego Hidalgo Mazzei','drpelpi@gmail.com',3,0,NULL),(57,763780,'vivihermosag','viviana.hermosag@gmail.com',3,0,NULL),(58,763829,'Caridi54','Caridi54@gmail.com',3,0,NULL),(59,764211,'alb.sama','alb.sama@gmail.com',3,0,NULL),(60,764568,'ceciliaalcala','ceciliaalcala@gmail.com',3,0,NULL),(61,765357,'emmgill3','emmgill3@gmail.com',3,0,NULL),(62,763901,'Gustavo Codas','guscodas@hotmail.com',3,0,NULL),(63,763760,'mlaloux','mlaloux@gmail.com',3,0,NULL),(64,763946,'odegiacomi','odegiacomi@gmail.com',3,0,NULL),(65,761809,'marijo.recalde','marijo.recalde@gmail.com',3,0,NULL),(66,763809,'mela_gc','mela_gc@hotmail.com',3,0,NULL),(67,763773,'lezcano.marcelo','lezcano.marcelo@gmail.com',3,0,NULL),(68,763187,'Gisse Peralta','gisse.peralta@gmail.com',3,0,NULL),(69,765512,'susa_galli','susa_galli@hotmail.com',3,0,NULL),(70,765533,'casg90','casg90@gmail.com',3,0,NULL),(71,765536,'horacioraulp','horacioraulp@gmail.com',3,0,NULL),(72,765604,'Victor Chamorro Gonzalez','victor_cg20@hotmail.com',3,0,NULL),(73,765640,'Ana Hermosa','ana_hermosa45@hotmail.com',3,0,NULL),(74,765976,'pilisaldivarg','pilisaldivarg@hotmail.com',3,0,NULL),(75,765264,'guillermo.zacur','guillermo.zacur@gmail.com',3,0,NULL),(76,766335,'cdr','crodriguez.py@gmail.com',3,0,NULL),(77,766408,'anama.azorero','anama.azorero@gmail.com',3,0,NULL),(78,766510,'monirios','monirios@gmail.com',3,0,NULL),(79,766519,'Andreacazal2010','Andreacazal2010@hotmail.com',3,0,NULL),(80,766600,'patty_lohman','patty_lohman@hotmail.com',3,0,NULL),(81,766531,'sromero_arza','sromero_arza@hotmail.com',3,0,NULL),(82,766703,'CarlaRoma','cromanach@gmail.com',3,0,NULL),(83,766846,'Normacar','Normacar@hotmail.es',3,0,NULL),(84,766860,'monilaloux','monilaloux@gmail.com',3,0,NULL),(85,766977,'gisesanchez.e','gisesanchez.e@gmail.com',3,0,NULL),(86,766516,'miguelroma69','miguelroma69@gmail.com',3,0,NULL),(87,767042,'adriscappini','adriscappini@gmail.com',3,0,NULL),(88,766701,'silviaponte','silviaponte@gmail.com',3,0,NULL),(89,767097,'martula-77','martula-77@hotmail.com',3,0,NULL),(90,766963,'regi.yugovich','regi.yugovich@gmail.com',3,0,NULL),(91,767790,'Analiacv','Analiacv@gmail.com',3,0,NULL),(92,767844,'normifranco','normifranco@gmail.com',3,0,NULL),(93,768190,'gisela_barrios','gisela_barrios@hotmail.com',3,0,NULL),(94,768882,'Cecilia Benzo','cecibenzo@hotmail.com',3,0,NULL),(95,762366,'alvarocobelo','alvarocobelo@gmail.com',3,0,NULL),(96,772170,'Juan José Jara Laconich','juanjose_jara@hotmail.com',3,0,NULL);
/*!40000 ALTER TABLE `ideascale_author` ENABLE KEYS */;
UNLOCK TABLES;

--
-- Table structure for table `ideascale_campaign`
--

DROP TABLE IF EXISTS `ideascale_campaign`;
/*!40101 SET @saved_cs_client     = @@character_set_client */;
/*!40101 SET character_set_client = utf8 */;
CREATE TABLE `ideascale_campaign` (
  `id` int(11) NOT NULL AUTO_INCREMENT,
  `ideascale_id` int(10) unsigned DEFAULT NULL,
  `name` varchar(100) NOT NULL,
  `initiative_id` int(11) NOT NULL,
  PRIMARY KEY (`id`),
  UNIQUE KEY `ideascale_campaign_ideascale_id_3f5b0d6382cd6ba_uniq` (`ideascale_id`),
  KEY `ideascale_campaign_4d350b0d` (`initiative_id`)
) ENGINE=MyISAM AUTO_INCREMENT=14 DEFAULT CHARSET=latin1;
/*!40101 SET character_set_client = @saved_cs_client */;

--
-- Dumping data for table `ideascale_campaign`
--

LOCK TABLES `ideascale_campaign` WRITE;
/*!40000 ALTER TABLE `ideascale_campaign` DISABLE KEYS */;
INSERT INTO `ideascale_campaign` VALUES (1,28416,'Website',1),(2,28417,'Products',1),(3,28418,'Customer Service',1),(4,51564,'Website',2),(5,51565,'Products',2),(6,51566,'Customer Service',2),(7,51599,'Inspiración',3),(8,51594,'Gestión Municipal',3),(9,51595,'Movilidad Urbana Sostenible',3),(10,51596,'Basura Cero!',3),(11,51597,'Mercados Municipales',3),(12,51692,'Resilencia Urbana',3),(13,51693,'Infraestructura',3);
/*!40000 ALTER TABLE `ideascale_campaign` ENABLE KEYS */;
UNLOCK TABLES;

--
-- Table structure for table `ideascale_client`
--

DROP TABLE IF EXISTS `ideascale_client`;
/*!40101 SET @saved_cs_client     = @@character_set_client */;
/*!40101 SET character_set_client = utf8 */;
CREATE TABLE `ideascale_client` (
  `id` int(11) NOT NULL AUTO_INCREMENT,
  `last_comment_id` int(11) DEFAULT NULL,
  `last_comment_idea_id` int(11) DEFAULT NULL,
  `last_idea_id` int(11) DEFAULT NULL,
  `last_vote_id` int(11) DEFAULT NULL,
  `last_vote_comment_id` int(11) DEFAULT NULL,
  `last_vote_idea_id` int(11) DEFAULT NULL,
  `user_id` int(11) NOT NULL,
  PRIMARY KEY (`id`),
  KEY `ideascale_client_785b9a89` (`last_comment_id`),
  KEY `ideascale_client_62d7311a` (`last_comment_idea_id`),
  KEY `ideascale_client_84a3b738` (`last_idea_id`),
  KEY `ideascale_client_7f2a99a9` (`last_vote_id`),
  KEY `ideascale_client_b74b2949` (`last_vote_comment_id`),
  KEY `ideascale_client_37450855` (`last_vote_idea_id`),
  KEY `ideascale_client_e8701ad4` (`user_id`)
) ENGINE=MyISAM AUTO_INCREMENT=2 DEFAULT CHARSET=latin1;
/*!40101 SET character_set_client = @saved_cs_client */;

--
-- Dumping data for table `ideascale_client`
--

LOCK TABLES `ideascale_client` WRITE;
/*!40000 ALTER TABLE `ideascale_client` DISABLE KEYS */;
INSERT INTO `ideascale_client` VALUES (1,NULL,NULL,NULL,NULL,NULL,NULL,1);
/*!40000 ALTER TABLE `ideascale_client` ENABLE KEYS */;
UNLOCK TABLES;

--
-- Table structure for table `ideascale_comment`
--

DROP TABLE IF EXISTS `ideascale_comment`;
/*!40101 SET @saved_cs_client     = @@character_set_client */;
/*!40101 SET character_set_client = utf8 */;
CREATE TABLE `ideascale_comment` (
  `id` int(11) NOT NULL AUTO_INCREMENT,
  `ideascale_id` int(10) unsigned DEFAULT NULL,
  `text` longtext NOT NULL,
  `datetime` datetime DEFAULT NULL,
  `positive_votes` int(10) unsigned DEFAULT NULL,
  `negative_votes` int(10) unsigned DEFAULT NULL,
  `comments` int(10) unsigned DEFAULT NULL,
  `parent_type` varchar(50) NOT NULL,
  `url` varchar(200) NOT NULL,
  `location_id` int(11) DEFAULT NULL,
  `user_id` int(11) NOT NULL,
  `parent_comment_id` int(11) DEFAULT NULL,
  `parent_idea_id` int(11) DEFAULT NULL,
  `sync` tinyint(1) NOT NULL,
  PRIMARY KEY (`id`),
  UNIQUE KEY `ideascale_comment_ideascale_id_4a0470bff3b08d80_uniq` (`ideascale_id`),
  KEY `ideascale_comment_e274a5da` (`location_id`),
  KEY `ideascale_comment_e8701ad4` (`user_id`),
  KEY `ideascale_comment_b68172e1` (`parent_comment_id`),
  KEY `ideascale_comment_daad2f13` (`parent_idea_id`)
) ENGINE=MyISAM AUTO_INCREMENT=227 DEFAULT CHARSET=latin1;
/*!40101 SET character_set_client = @saved_cs_client */;

--
-- Dumping data for table `ideascale_comment`
--

LOCK TABLES `ideascale_comment` WRITE;
/*!40000 ALTER TABLE `ideascale_comment` DISABLE KEYS */;
INSERT INTO `ideascale_comment` VALUES (133,788948,'Interesante la propuesta, agregaría como paso muy importante del proceso de reciclado la disposición final, es ahí donde se realiza el reciclado como tal, ya que si sólo se separan los diferentes tipos de residuos pero después se los dispone a todos en el mismo lugar no hay resultados.\r\n','2015-10-20 17:31:19',2,0,0,'idea','http://vozyvoto.ideascale.com/a/dtd/788948-37217',23,43,NULL,642,0),(131,789006,'Con ningun control por parte de los municipios . Veredas reducidas al minimo, contruyendo mas allá de la linea municpal. \r\nLas veredasdeberian ser con superficies absorbentes y verde que permitan absorver las aguas de lluvia y recargar las napas.\r\n Es urgente!','2015-10-20 23:36:03',0,0,0,'idea','http://vozyvoto.ideascale.com/a/dtd/789006-37217',24,28,NULL,639,0),(130,789007,'Deberian agregar un estimulo por la construccion de veredas con pavimento absorventes para absorver parte de los raudales con franjas verdes. \r\nLos paseos centrales tienen el mismo tratamiento sellado que los pavimentos . Los pobres arboles yla  jardineria estan como asfixiados. \r\nLas calzadas tambien podrian tener franjas de pavimento absorvente tipo empedrado adjacente al cordón de la vereda y combinaciones de verde (por ej. la calle san Roque Gonzalez de Santa Cruz en el tramo entre Pacheco y Campos Cervera)c ombinado con franjas de pavimento liso tambien absorvente. Hay numerosos materiales nuevos con esta propiedad.','2015-10-20 23:45:03',0,0,0,'idea','http://vozyvoto.ideascale.com/a/dtd/789007-37217',24,28,NULL,640,0),(129,789008,'Urgente!!!!\r\nLa polucion visual y la carteleria de baja calidad. \r\nAlguien debe regular los maxi letreros Led que encandilan !!!!\r\n','2015-10-20 23:48:06',0,0,0,'idea','http://vozyvoto.ideascale.com/a/dtd/789008-37217',24,28,NULL,645,0),(128,789014,'Excelente! ','2015-10-21 01:16:34',0,0,0,'idea','http://vozyvoto.ideascale.com/a/dtd/789014-37217',18,41,NULL,648,0),(127,789015,'Buena idea Fabrizio, para tener esa policia municipal deben tener mejor formacion y estar mucho mejor remunerados, hay que incentivar la honestidad.','2015-10-21 01:20:33',0,0,0,'idea','http://vozyvoto.ideascale.com/a/dtd/789015-37217',18,41,NULL,649,0),(125,789032,'muy de acuerdo. Hay que cambiar la ordenanza actual y darle el marco y nombre que corresponde, es decir \"Ordenanza contra la polucion visual\"...porque mucha gente en los barrios no se da cuenta lo que ocasiona la polucion visual en la salud y como solo se llama ahora reglamento de carteles o algo asi,...el nombre no indica bien','2015-10-21 13:45:54',0,0,0,'idea','http://vozyvoto.ideascale.com/a/dtd/789032-37217',18,29,NULL,645,0),(134,788816,'Buenisima idea, se debería de trabajar en forma conjunta con la SENATUR. ','2015-10-19 16:54:10',0,0,0,'idea','http://vozyvoto.ideascale.com/a/dtd/788816-37217',NULL,44,NULL,647,0),(135,788815,'Muy de acuerdo con esta idea. El estado de las veredas de la ciudad se encuentra en estado lamentable y representan un peligro para cualquier peatón.  ','2015-10-19 16:49:32',0,0,0,'idea','http://vozyvoto.ideascale.com/a/dtd/788815-37217',NULL,44,NULL,639,0),(136,788814,'Un plan de arbolada es una manera de hacer frente a las consecuencias negativas que trae consigo el fenómeno de cambio climático y, una iniciativa como esta es sinónimo de responsabilidad y consciencia a futuro. ','2015-10-19 16:47:07',2,0,0,'idea','http://vozyvoto.ideascale.com/a/dtd/788814-37217',NULL,44,NULL,637,0),(137,788793,'Excelente aporte Cristhian!! como te comentó seba hemos presentado un proyecto de construcción, ahora debemos insistir para que se ejecuten proyectos, no solo en Asunción sino que sean interconectados con el área metropolitana.','2015-10-19 14:53:26',0,0,0,'idea','http://vozyvoto.ideascale.com/a/dtd/788793-37217',18,45,NULL,651,0),(138,788792,'La idea es que cada uno lleve su hamaca ? muy bueno che, para dar vida a las plazas','2015-10-19 14:50:18',0,0,0,'idea','http://vozyvoto.ideascale.com/a/dtd/788792-37217',18,45,NULL,648,0),(139,788790,'Mas que de acuerdo!! se deben definir lugares, no así libremente, imaginate que la junta aprobó hace un mes aprox carteles led en micros!, debemos entrar en equipo para generar esos cambios.\r\n\r\nAbrazos','2015-10-19 14:48:00',1,0,0,'idea','http://vozyvoto.ideascale.com/a/dtd/788790-37217',18,45,NULL,645,0),(140,788785,'Buena idea, no solo promocionar obras, sino que utilizar los rubros que puedan haber para marketing en Educación!!, eso demostraría realmente la vocación del intendente. ','2015-10-19 14:42:06',0,0,0,'idea','http://vozyvoto.ideascale.com/a/dtd/788785-37217',18,45,NULL,644,0),(141,788784,'Excelente idea!! sabés que en el 2007 en Patria Querida le acercamos ya un proyecto de presupuesto participativo a Evanhy cuando era intendente que lógico lo vetó. Debemos ver como reinstalar eso!! Si o si! también porque la participación hace que las personas se empoderen de su ciudad, la amen, la sientan suya, no algo alejado e innominado. Brillante.','2015-10-19 14:40:46',2,0,0,'idea','http://vozyvoto.ideascale.com/a/dtd/788784-37217',18,45,NULL,643,0),(142,788780,'Buenísima idea Adri, debemos implementar al llegar a la gestión un plan piloto en algún barrio, y con fuerte contenido social, acercarnos a los gancheros para que se sumen a la iniciativa. ','2015-10-19 14:35:20',1,0,0,'idea','http://vozyvoto.ideascale.com/a/dtd/788780-37217',18,45,NULL,642,0),(143,788777,'Que tal Gabriel, te comento que esta semana estamos presentando a través de Gustavo Lird en la Junta Municipal una ordenanza que obligue a la participación de vecinos para cambios al plan regulador de la ciudad. Hoy en día se cambia de la noche a la mañana sin ningún criterio, además de que incluso como comentó Graciela se aprueban edificios en abierta violación al Plan.','2015-10-19 14:32:36',2,0,0,'idea','http://vozyvoto.ideascale.com/a/dtd/788777-37217',18,45,NULL,641,0),(144,788775,'Excelente idea, Seba Villarejo soy, nosotros estamos comprometidos con la movilidad sustentable, en el 2012 se trabajó la ordenanza de veredas inclusivas, ahora la de cosntrucción de bicisendas, etc. Debemos ver como volver la idea una causa ciudadana. El ciudadano de a pié debe ser prioridad. ','2015-10-19 14:30:54',1,0,0,'idea','http://vozyvoto.ideascale.com/a/dtd/788775-37217',18,45,NULL,640,0),(145,788765,'Hola Guada, creo que podría ser factible, el tema es que las ciudades que hacen eso tienen un sistema de transporte preparado para ese día. Me jugaría a iniciar en forma de proceso, usando avenidas y ciertas calles, motivando a que sea un día sin auto.','2015-10-19 14:00:34',1,0,0,'idea','http://vozyvoto.ideascale.com/a/dtd/788765-37217',18,45,NULL,638,0),(146,788764,'Interesante. Se debería trabajar la ordenanza con la ANDE  (que dps podan como quieren los árboles y terminan cayendo) y por sobre todo por ejemplo usar de modelo algunas calles que podamos bajar los cables bajo tierra','2015-10-19 13:59:01',2,0,0,'idea','http://vozyvoto.ideascale.com/a/dtd/788764-37217',18,45,NULL,637,0),(147,788761,'Excelente. Creo que la Municipalidad debe trabajar de cerca con la SNPP y ayudar en oficios como también en incubadoras de empresas, eso es muy normal en otras ciudades. Desde la concejalía veamos como podemos empujar el tema!. ','2015-10-19 13:57:42',0,0,0,'idea','http://vozyvoto.ideascale.com/a/dtd/788761-37217',18,45,NULL,636,0),(148,788448,'Estaría bueno, pero habría que probar con algún domingo o feriado, si camino desde mi casa voy a llegar chorreando a la parada y al trabajo jaja ','2015-10-16 20:04:05',0,0,0,'idea','http://vozyvoto.ideascale.com/a/dtd/788448-37217',18,37,NULL,638,0),(149,788458,'Podemos hacerlo en invierno! :)','2015-10-16 20:42:37',2,0,0,'comment','http://vozyvoto.ideascale.com/a/dtd/788458-37217',19,30,148,NULL,0),(150,787133,'Ahora ya existe el congreso de comisiones vecinales una vez al año...','2015-10-08 22:34:01',1,0,0,'idea','http://vozyvoto.ideascale.com/a/dtd/787133-37217',18,29,NULL,650,0),(151,788453,'Que bueno, debería convertirse en un evento conocido y que de ahí, cada año salgan propuestas para ordenanzas de temas innovadores para la ciudad!','2015-10-16 20:13:01',0,0,0,'comment','http://vozyvoto.ideascale.com/a/dtd/788453-37217',18,37,150,NULL,0),(152,788452,'Sii, España y san martin es un caos, también calles como Eusebio Ayala.. Ya no se distingue nada de tantos carteles! ','2015-10-16 20:10:54',0,0,0,'idea','http://vozyvoto.ideascale.com/a/dtd/788452-37217',18,37,NULL,645,0),(153,788415,'Es una solución sencilla y super efectiva. En la mayoria de las capitales esta prohibido este tipo de giros, el que quiera hacerlo debería tener que perder mas tiempo y no el resto que queda atascado en la fila queriendo seguir recto!','2015-10-16 18:00:27',2,0,0,'idea','http://vozyvoto.ideascale.com/a/dtd/788415-37217',19,30,NULL,646,0),(154,788348,'Me parece una idea excelente y agregaría algo mas al proyecto, concienciar al peatón la forma y el sistema de cruces, teniendo en cuenta que a nuestra gente le gusta cruzar entre vehículos a la mitad de las veredas y no en las esquinas. Debemos crear conciencia sobre esto también, así se evitarían muchos accidentes.','2015-10-16 13:29:23',1,0,0,'idea','http://vozyvoto.ideascale.com/a/dtd/788348-37217',18,46,NULL,640,0),(155,787813,'Cuales son los barrios que actualmente presentan este problema de \'invasión\' de edificios en construcción sin estudio ambiental y urbanistico. Cómo pueden participar los vecinos en la aprobación de estos cambios de relevancia en el entorno?','2015-10-13 20:11:04',1,0,0,'idea','http://vozyvoto.ideascale.com/a/dtd/787813-37217',18,42,NULL,641,0),(156,787342,'Asuncion si tiene un Plan de Desarrollo Urbano y Ambiental y un Plan Regulador que probablemente no se respeta por  los vecinos y tampoco las autoridades municipales ejercen el suficiente control','2015-10-09 21:50:09',0,0,0,'idea','http://vozyvoto.ideascale.com/a/dtd/787342-37217',18,47,NULL,641,0),(157,787812,'Y qué se debería hacer para que el Plan Regulador se respete? Hay varios barrios donde veo pasacalles que piden: No a edificios corporativos o edificios de altura. ','2015-10-13 20:08:44',0,0,0,'comment','http://vozyvoto.ideascale.com/a/dtd/787812-37217',18,42,156,NULL,0),(158,787770,'Hoy al llegar a Choferes y E. Ayala se pone en rojo el semaforo del giro a la izquierda como estaba en verde para continuar derecho, avancé hasta la calle Patri, giro a la derecha en Riquelme y retomo E. Ayala al cruzar nuevamente por Choferes continuaba esperando su turno el Ford Festiva para girar a la izquierda. Comprobé que si ya existe la opción asfaltada para evitar el giro a la izquierda y que encima es mas rápido. Falta que la Municipalidad ponga carteles y CASO CERRADO.','2015-10-13 15:53:14',0,0,0,'idea','http://vozyvoto.ideascale.com/a/dtd/787770-37217',18,36,NULL,646,0),(159,787362,'Interesante ...','2015-10-10 01:07:52',0,0,0,'idea','http://vozyvoto.ideascale.com/a/dtd/787362-37217',18,48,NULL,642,0),(160,787341,'Para que tenga resultados la educacion vial se debe completar la deficiente señalizacion vial y tambien deben existir patrones nacionales o internacionales para el diseño de la misma...cada esquina tiene una rampa diferente de acceso para impedidos fisicos y de repente esa rampa esta interrumpida por una columna semaforica que imposibilta su uso','2015-10-09 21:46:19',0,0,0,'idea','http://vozyvoto.ideascale.com/a/dtd/787341-37217',18,47,NULL,644,0),(161,786980,'Esto sería un verdadero sueño hecho realidad, y no es demasiado difícil de lograr. Basta simplemente hacer un buen trazado y luego señalizar adecuadamente. Con eso ya tenemos bici sendas. Por supuesto, hay también inversión en infraestructura que se necesita: estacionamientos para bicicletas, carriles especiales y separados en algunas calles principales, algún sistema de bicicletas compartidas para incentivar el pedaleo ciudadano, etc. \r\n\r\nPor otro lado, debo confesar algo (mi foto de perfil me delata): yo en realidad soy luqueño :-). Y eso me lleva a decir que a este idea le tiene que acompañar un plan más ambicioso de ciclovías inter-ciudades, que puede comenzar conecando la capital con Luque. Sería un sueño poder agarrar mi bici en el centro de Luque y pedalear ininterrumpidamente, con seguridad, hasta el centro de asunción, y de ahí recorrer todo el centro en bici. Pueden parecer muchos kilómetros, pero si existe una buena infraestructura, la gente rápidamente se va a dar cuenta de que no es demasiado y se van a animar a pedalear más. \r\n\r\nLa ciclovía inter-ciudad podría ir en paralelo a la vieja vía del tren, intersectando con la costanera cerca del centro. Tener algo así sería un sueño hecho realidad. ','2015-10-07 22:44:35',0,0,0,'idea','http://vozyvoto.ideascale.com/a/dtd/786980-37217',NULL,34,NULL,651,0),(162,787048,'Cirsthian, está adjunto en pdf el proyecto de Ordenanza actualmente en estudio. Estoy viendo si consigo una versión más amigable. Saludos! Excelentes tus aportes!','2015-10-08 14:51:48',2,0,0,'comment','http://vozyvoto.ideascale.com/a/dtd/787048-37217',NULL,42,161,NULL,0),(163,787047,'En realidad no está tan lejos de cumplirse. Hace algunas semanas la bancada de actuales concejales de Patria Querida presentó un proyecto de bicisendas trabajado con ciclistas, el cual se encuentra en estudio en la Junta Municipal. Justamente, también se pensó que era fundamental conectar las ciudades, por lo tanto invitaron al lanzamiento a los concejales y candidatos a concejales de las ciudades aledañas: Luque, Lambaré, Fernando de la Mora. Voy a tratar de subir una copia de la ordenanza. Creo que sería bueno exponerla a las personas para que puedan opinar y eventualmente sugerir mejoras al proyecto.','2015-10-08 14:31:49',1,0,0,'idea','http://vozyvoto.ideascale.com/a/dtd/787047-37217',NULL,42,NULL,651,0),(165,786976,'Excelente idea! ','2015-10-07 22:27:35',1,0,0,'idea','http://vozyvoto.ideascale.com/a/dtd/786976-37217',18,39,NULL,643,0),(166,786913,'Me gusta esta idea. Creo que sería una gran solución. Además complementaría con encausadores para giros en los encausadores que tienen paseos centrales, de manera que las avenidas donde sí se puede girar, que el que gira ocupe el encausador, en lugar de obstruir la circulación. El encausador va permitir que el conductor tenga visibilidad de los vehículos que vienen, y no va ser obstruido por vehículos que también quieran realizar un giro en dirección contraria.','2015-10-07 15:54:28',1,0,0,'idea','http://vozyvoto.ideascale.com/a/dtd/786913-37217',NULL,42,NULL,646,0),(167,789048,'Muy importante!!!!!! Se deberia sugerir si no se puede ordenar, que todos plantemos arboles en nuestras veredas. Asuncion seria mas verde, mas saludable y mas hermosa.','2015-10-21 15:54:10',0,0,0,'idea','http://vozyvoto.ideascale.com/a/dtd/789048-37217',18,28,NULL,637,0),(168,789049,'Esta me parece una de las mejores ideas, ya que en Paraguay se necesita muchisimo del reciclaje y comenzar a clasificar nuestras basuras','2015-10-21 15:58:11',0,0,0,'idea','http://vozyvoto.ideascale.com/a/dtd/789049-37217',18,70,NULL,642,0),(216,795624,'Me gusta la idea de un espacio con árboles frutales y que los turistas puedan arrancar frutas.. Aparte eso fomentaría que una gran cantidad de especies de aves habite espacios dentro de la ciudad!! ???????????????????????? \nAutor: Paulina Serrano (Facebook)','2015-11-25 18:00:24',0,0,0,'idea','http://vozyvoto.ideascale.com/a/dtd/795624-37217',27,40,NULL,674,1),(215,795623,'hay muchos cuerpos de agua que pueden recuperarse tambien. Varias lagunas: cara cara, laguna cateura,, ---- [Votos: 0] Desde: IdeaScale \nAutor: Lili Fleitas (Facebook)','2015-11-25 18:00:08',0,0,0,'idea','http://vozyvoto.ideascale.com/a/dtd/795623-37217',27,40,NULL,674,1),(170,789069,'Está buena la idea en serio. Se te ocurre una calle específica, de tu barrio por ejemplo, donde se pueda aplicar? Lo ideal sería darle cuerpo como proyecto, es decir, tal calle tiene potencial para convertirse en un corredor por tal y tal motivo... No se, capaz pensar en alguna calle ancha con un paseo central que no esté tan arborizado y donde se puedan plantar estos arbolitos pensando en que se convierta en el corredor. ','2015-10-21 19:42:05',0,0,0,'idea','http://vozyvoto.ideascale.com/a/dtd/789069-37217',18,42,NULL,655,0),(171,789072,'El proyecto actualmente se encuentra en estudio en la Junta Municipal, y se puede descargar en este enlace: \r\n\r\nhttp://vozyvoto.ideascale.com/a/idea/22990/download\r\n\r\nEstaría bueno escuchar aportes, comentarios, sugerencias...','2015-10-21 20:02:29',0,0,0,'idea','http://vozyvoto.ideascale.com/a/dtd/789072-37217',18,42,NULL,651,0),(172,789078,'Es un lugar que esta completamente pelado y solo concreto y nada mas hay por Eusebio Ayala\r\n','2015-10-21 20:16:34',0,0,0,'idea','http://vozyvoto.ideascale.com/a/dtd/789078-37217',18,71,NULL,655,0),(173,789077,'El paseo central de Eusebio Ayala podria ser un lugar con el beneficio plus que es una de las entradas a la ciudad\r\n','2015-10-21 20:15:27',0,0,0,'idea','http://vozyvoto.ideascale.com/a/dtd/789077-37217',18,71,NULL,655,0),(174,789087,'Excelente propuesta!\r\n Y si sumamos los mercados municaples con una red de nodos de comercio mas autóctono y variado Es una linda propuesta que puede ayudar a recuperar y a la vez  fortalecer las tradición culturales de los mercados de Asunción. La valorizacion de los saberes populares son parte de un proceso de fortalecimiento de la identidad.\r\nLos clásicos del centro asunceno en los dias especiales  como Karai Octubre, San Juan, o el desayuno en el Mercado de la calle Yegros y muchas excusas más.\r\nMuchas posibilidades y oportunidades de impactar.\r\nRecuperar costumbres y fortalecer las fuentes de trabajo con identidad asuncena!!\r\n','2015-10-21 21:56:35',0,0,0,'idea','http://vozyvoto.ideascale.com/a/dtd/789087-37217',18,28,NULL,658,0),(175,789088,'La intención de la propuesta es buena pero le faltaria tener presente aspectos como \r\nla recarga de las napas freaticas - materiales alternativos absorbentes y mucho diseño cretividad para resolver cada situación particular. \r\nComo exprese en la idea que precede: Deberian agregar un estímulo a la utilizaciòn de veredas con pavimento absorventes para contener parte de los raudales superficiales con franjas verdes.\r\nLos paseos centrales tienen el mismo tratamiento sellado que los pavimentos . Los pobres arboles y la jardineria estan como asfixiados. \r\nLas calzadas tambien podrian tener franjas de pavimento absorvente tipo empedrado adyacente al cordón de la vereda y combinaciones de verde (por ej. la calle san Roque Gonzalez de Santa Cruz en el tramo entre Pacheco y Campos Cervera)c ombinado con franjas de pavimento liso tambien absorvente. Hay numerosos materiales innovadores y alternativos con esta propiedad.\r\n','2015-10-21 22:09:58',0,0,0,'idea','http://vozyvoto.ideascale.com/a/dtd/789088-37217',18,28,NULL,653,0),(177,789098,'Es muy buena esta idea. ','2015-10-22 03:04:29',0,0,0,'idea','http://vozyvoto.ideascale.com/a/dtd/789098-37217',18,28,NULL,658,0),(178,789097,'A mi me parece que esta idea es viable y aplicable en todos y cualquier barrio donde no existen arboles en las veredas. Deberia hacerse una campaña (u ordenanza municipal) para que todos los dueños de viviendas y o edificios planten en sus veredas al menos un arbol. Si es de lapacho amarillo mejor porque hermosearian muchisimo la ciudad ademas de proveer oxigeno y calmar los terribles calores del verano asunceno.','2015-10-22 03:03:00',0,0,0,'idea','http://vozyvoto.ideascale.com/a/dtd/789097-37217',18,28,NULL,655,0),(179,789149,'el tema es que en Eusebio Ayala está prevista la construcción de los carriles de Metrobus. Y qué otra calle podría hacer? Algo más inmediato que se pueda usar como plan piloto? Las inmediaciones del Banco Central por ejemplo, o la calle EEUU entre 5ta y 8va por ahi?','2015-10-22 15:48:12',0,0,0,'comment','http://vozyvoto.ideascale.com/a/dtd/789149-37217',18,42,173,NULL,0),(180,789156,'El tema de plantar en la vereda es delicado, por el riesgo de que se planten en forma desordenada, atentando contra la regulación existente para la construcción de veredas inclusivas. Se tiene que prever un control para que eso no pase. Por eso mi sugerencia era que sea como plan piloto en el paseo central de alguna calle.','2015-10-22 15:54:56',0,0,0,'comment','http://vozyvoto.ideascale.com/a/dtd/789156-37217',18,42,178,NULL,0),(184,789171,'Podria ser algun tramo de Artigas? que tambien esta pelada si la memoria no me falla','2015-10-22 17:43:40',0,0,0,'idea','http://vozyvoto.ideascale.com/a/dtd/789171-37217',NULL,71,NULL,655,0),(185,789175,'cierto!! Artigas, antes de volverse angosta es bien triste.. sería bueno tener una foto para ver mejor. Si paso por ahí trato de quitar una para subir. ','2015-10-22 18:07:29',0,0,0,'comment','http://vozyvoto.ideascale.com/a/dtd/789175-37217',18,42,184,NULL,0),(186,789179,'El reciclaje puede ser una actividad muy lucrativa, de hecho, creo que además de generar conciencia, es importante verlo como un negocio interesante, ya sea para los ciudadanos y los beneficios que puedan obtener gracias al reciclaje, como para las demás personas involucradas en las demás etapas del reciclaje (gancheros, empresas acopiadoras, recicladoras, etc.)','2015-10-22 18:33:40',0,0,0,'idea','http://vozyvoto.ideascale.com/a/dtd/789179-37217',18,42,NULL,642,0),(187,789382,'Pmbserrano justo en Bogotà los domingos se convierten avenidas principales en exclusivas de bicis.. creo que eso mismo se podria empezar a probar por acà.. asi uniriamos la idea de Guada con la propuestade Seba V.','2015-10-24 11:07:44',0,0,0,'comment','http://vozyvoto.ideascale.com/a/dtd/789382-37217',18,67,148,NULL,0),(218,795626,'veo que el unico candidato que habla de municipalizar el transporte publico es el Arq. Meyer para mi el mejor candidato! \nAutor: Marcos Sotomayor (Facebook)','2015-11-25 18:00:55',0,0,0,'idea','http://vozyvoto.ideascale.com/a/dtd/795626-37217',27,40,NULL,676,0),(204,789811,'La Ordenanza de Basura Cero para Asunción está vigente desde el año pasado, sin embargo no tiene aplicación efectiva. El proyecto original presentado por los Concejales de Patria Querida, preveía fijar plazos en la misma ordenanza para la reducción gradual de la basura destinada a vertederos, a través de diferentes estrategias (educación, separación en origen y recolección diferenciada, reducción, reciclaje, reutilización, etc). La ordenanza finalmente aprobada no establece plazos y porcentajes en la misma ordenanza pero sí dice que el Intendente al inicio de su periodo deberá establecer dichas metas. Esccuhé varios debates de los candidatos a intendentes, y si bien las propuestas de Meyer son las más cercanas a lo establecido en la Ordenanza de Basura Cero, ningún candidato está hablando de estos plazos y metas, que están obligados a informar apenas al asumir como Intendentes. \nAutor: Carolina Martínez (Facebook)','2015-10-28 20:04:22',0,0,0,'idea','http://vozyvoto.ideascale.com/a/dtd/789811-37217',27,40,NULL,667,0),(196,789625,'Me gusta la idea. También se podría hacer en otros mercados mas chicos de Asunción, la versión de los mercados en donde hasta donde se puede degustar algunos de los productos. No se si la gente se sumará a la degustación, pero seria replicar lo que se viene haciendo en el agroshopping, pero en estos lugares mas grandes.\r\n','2015-10-26 21:38:38',0,0,0,'idea','http://vozyvoto.ideascale.com/a/dtd/789625-37217',16,84,NULL,658,0),(197,789626,'Seba inclusive esto se pueden ver con empresas grandes, industria y construccion, que destinen x tiempo de su gente en formar a un grupo de gente. Al final esto ayuda tambien a que las empresas tengan un pool de personas cualificadas a la hora de que exista demanda. \r\n\r\nOtra cosa que se puede hacer, no se si desde Asuncion (ya debe ser estado), pero que veo que en varios paises se da, es que se bonifica con ciertos descuentos en seguridad social o lo que sea a las empresas que brindan formacion a los sectores con mas riesgo exclusion social. Entiendo que se debería hacer varios cálculos de viabilidad, pero ahi va la idea. \r\n','2015-10-26 21:44:15',0,0,0,'idea','http://vozyvoto.ideascale.com/a/dtd/789626-37217',16,84,NULL,636,0),(198,789627,'A esto podriamos agregarle que exista un abono mensual? \r\n\r\nTener que subirse a los buses, pagar, esperar el ticket y el vueto, genera riesgo (porque el chofer sigue manejando mientras hace todo esto) o retrasa el trafico cada vez mas. \r\n\r\nComo el boleto estudiantil pero para diferentes sectores, menores, estudiantes, tercera edad, etc. Seguro ya se penso, pero seria bueno pensarlo','2015-10-26 21:55:41',0,0,0,'idea','http://vozyvoto.ideascale.com/a/dtd/789627-37217',16,84,NULL,659,0),(199,789653,'Se podría mirar el modelo de Buenos Aires del plan de reciclado es sencillo y es una de las mejores ideas que leí hasta ahora','2015-10-27 11:30:04',0,0,0,'idea','http://vozyvoto.ideascale.com/a/dtd/789653-37217',18,85,NULL,642,0),(200,789652,'Me encanta la idea es cuestión de aprovechar las reformas que se están realizando en el mercado ','2015-10-27 11:27:46',0,0,0,'idea','http://vozyvoto.ideascale.com/a/dtd/789652-37217',18,85,NULL,658,0),(201,789658,'Me parece super interesante la propuesta, considerando sólo el punto 1 \"Conservación de plazas, paseos y jardines públicos\" si se pone en práctica sería una forma de volver a revitalizar la vida de comunidad, al tener espacios comunes donde la gente del barrio pueda llevar a sus hijos a jugar, dar un paseo con sus mascotas, etc generando no sólo un barrio más lindo sino también seguridad y compromiso por mantener algo que les pertenece.','2015-10-27 12:33:01',0,0,0,'idea','http://vozyvoto.ideascale.com/a/dtd/789658-37217',23,73,NULL,662,0),(202,789694,'\r\nComo ciudadanos deberíamos organizarnos para lograr el soterramiento de los cables, empezando por las zonas turísticas.\r\nA la \"ciudad sin cables\" le agregaría la publicidad aérea que ensucian la ciudad tanto para los que la visitan como para los que vivimos en ella.','2015-10-27 17:46:26',0,0,0,'idea','http://vozyvoto.ideascale.com/a/dtd/789694-37217',18,87,NULL,663,0),(203,789725,'Tambien se tiene que tecuperar las plazas usurpadas...algunas ya con juicios de desalojo iniciados....pero que no tienen seguimiento','2015-10-28 02:16:47',0,0,0,'idea','http://vozyvoto.ideascale.com/a/dtd/789725-37217',18,47,NULL,662,0),(205,789812,'Creo importante también mencionar que la separación en origen (basura orgánica e inorgánica y ésta a su vez en reciclable, no reciclable, peligrosa o tóxica, voluminosa, etc.) es muy importante, pero como medida aislada no sirve de mucho. Debe complementarse con la recolección diferenciada por parte del Municipio, los centros de reciclaje (para la basura reciclable) y de compostaje (para la basura orgánica), con el consiguiente mejoramiento de salubridad y calidad de vida para los actuales recicladores. Y, no está tampoco de más, mencionar, que la incineración de los desechos (como en algún momento lo quiso plantear el Intendente Samaniego), no es una opción medioambientalmente sostenible , y por lo tanto no es compatible con la filosofía de Basura Cero. \nAutor: Carolina Martínez (Facebook)','2015-10-28 20:24:21',0,0,0,'idea','http://vozyvoto.ideascale.com/a/dtd/789812-37217',27,40,NULL,667,0),(208,789866,'En la medida que los vecinos se organicen es posible hacer frente a los abusos...','2015-10-29 15:15:47',0,0,0,'idea','http://vozyvoto.ideascale.com/a/dtd/789866-37217',20,47,NULL,641,0),(207,789822,'ya se reglamento la ordenanza Basura cero por medio de una resolucion creo q 386 de febrero 2015. pero cuesta conseguir ...todavia no socializan mucho parece. Yo lei y m resulto medio confusa \nAutor: Lili Fleitas (Facebook)','2015-10-29 01:36:25',0,0,0,'comment','http://vozyvoto.ideascale.com/a/dtd/789822-37217',27,40,204,NULL,0),(209,789898,'Muy bien. A mi criterio, deberian empezar a multar a los que tiran basura en las calles por las ventanas de los vehiculos y ómnibus hasta que se tome conciencia de que la calle no es un basurero además no cuesta nada colocar dentro de los vehiculos una bolsa para juntar los residuos.','2015-10-29 21:40:59',0,0,0,'idea','http://vozyvoto.ideascale.com/a/dtd/789898-37217',18,28,NULL,669,1),(210,789996,'Estoy de acuerdo con esta idea, pero además de personas voluntarias o empresas, contar con basureros también puede provenir de iniciativas de colegios, universidades, movimientos como actividad para crear conciencia del cuidado del ambiente y educación cívica. Sin embargo, creo es una obligación de la Municipalidad de dotar de contenedores de basura en espacios públicos: parques, plazas, calles, centros comerciales, paradas de bus, espacios turísticos, etc. y multar a las personas/empresas que estén arrojando basura en estos espacios. Cualquier sitio público sin la limpieza adecuada termina siendo un lugar peligroso, desagradable y finalmente las personas dejan de frecuentarlo por no tener el saneamiento adecuado, por lo que también se debe prever contar con los RRHH para la limpieza de estas áreas. Toda iniciativa en este ámbito debe ir acompañado de mucha educación, se podría tomar como ejemplo las campañas de NoCoTuBa (es la que yo conozco)','2015-10-30 17:24:56',0,0,0,'idea','http://vozyvoto.ideascale.com/a/dtd/789996-37217',NULL,92,NULL,656,0),(211,790065,'La basura clasificada se vende, pero la desordenada se paga para que lo retiren. Bien encarado podría ser negocio para las comisiones vecinales para los proyectos del barrio. Como vecino, mi cuota sería 10 botellas de vidrio, 20 kg de tetra apretado, 2 kg de aluminio, 5 kg de botellas pet, y asi... cada item tiene su destino y su valor.','2015-10-30 23:43:36',0,0,0,'idea','http://vozyvoto.ideascale.com/a/dtd/790065-37217',22,36,NULL,667,0),(217,795625,'Buena idea! como se podría trabajar más en detalle puntualmente en las ideas que listaste? Sería bueno ver la aplicabilidad a nivel municipal. Si tenes ejemplos de otros países sería excelente! gracias por el aporte! ---- [Votos: 0] Desde: IdeaScale \nAutor: Carlos Sebastian Garcia (Facebook)','2015-11-25 18:00:39',0,0,0,'idea','http://vozyvoto.ideascale.com/a/dtd/795625-37217',27,40,NULL,677,1),(214,793674,'Yo apoyo esta propuesta y creo que se podría sacar una ordenanza que obligue a todos los negocios, con acceso directo a las veredas, a que tengan un pequeño basurero en la entrada misma del negocio. ','2015-11-16 16:48:02',0,0,0,'idea','http://vozyvoto.ideascale.com/a/dtd/793674-37217',17,96,NULL,656,0),(219,796303,'Hola como podemos conversar mas personalmente de este tema, Cristian mandame un mail y nos ponemos en contacto, svillarejo@hotmail.com\r\n\r\nAbrazos','2015-12-01 13:12:17',0,0,0,'idea','http://vozyvoto.ideascale.com/a/dtd/796303-37217',18,45,NULL,643,0),(226,796658,'Que bueno Seba!genial iniciativa!!! Me sumaria con mucho gusto pero actualmente aun no vivo en Paraguay. Estare unos dias  a mediados de diciembre,si queres lo charlamos, Muchos Exitos!!!','2015-12-02 15:20:00',0,0,0,'idea','http://vozyvoto.ideascale.com/a/dtd/796658-37217',20,33,NULL,642,0),(220,796302,'Hola a todos, esta es una idea que tenemos que trabajar, pues fieles a nuestro compromiso también es de la mas votadas en la plataforma, en breve formaremos un equipo de trabajo y quienes deseen trabajar mas que invitados. Un abrazo!','2015-12-01 13:09:50',1,0,0,'idea','http://vozyvoto.ideascale.com/a/dtd/796302-37217',18,45,NULL,642,0),(221,796309,'Excelente, y que les parece si los amarillos son los elegidos para plantar, para hacer contraste con el verde y el asfalto de la zona?','2015-12-01 13:23:44',0,0,0,'idea','http://vozyvoto.ideascale.com/a/dtd/796309-37217',NULL,71,NULL,655,0),(222,796308,'Costanera? Es más, podemos trabajar esto como equipo, consiguiendo los árboles','2015-12-01 13:20:06',0,0,0,'idea','http://vozyvoto.ideascale.com/a/dtd/796308-37217',18,45,NULL,655,0),(223,796305,'Tenemos que ver como elegir y trabajar principalmente unos cuantos barrios de Asunción: Reestructurar San Jerónimo, Mercado 4, ver un \"chinatown\", punta carapá, etc, en términos de turismo es clave generar eso. Abrazos','2015-12-01 13:14:43',0,0,0,'idea','http://vozyvoto.ideascale.com/a/dtd/796305-37217',18,45,NULL,658,0),(224,796312,'Excelente idea!! en campaña me subí a algunos \"micros\" y luego de unas palabras ataba bolsas de basura adelante y atrás y les pedía que no tiren a la calle la basura. Deberíamos hablar no solo en la municipalidad sino con Setama mismo para que solicite ello a las lineas nacionales. Recordá que en Asunción solo 6 lineas urbanas a cargo de la Municipalidad existen. Abrazos','2015-12-01 14:07:33',0,0,0,'idea','http://vozyvoto.ideascale.com/a/dtd/796312-37217',18,45,NULL,673,0),(225,796311,'Hola Marcos, el tema del transporte es muy complejo, te comento algunos detalles sueltos (comparto tus opiniones):\r\n\r\n1. De Asunción solo dependen 6 líneas urbanas de transporte, por lo que aunque se haga la municipalización de igual manera tendremos el mismo problema pues es un tema nacional (Setama, etc).\r\n\r\n2. Esas líneas de transporte aunque sean privadas, debe ser cambiado el modelo, pues así como decís, al ser empresarios ellos no van en todos los horarios y en los lugares donde hay poca gente, quedan desiertas algunas licitaciones por ejemplo. El modelo debe ser el pago por recorrido, entonces lo que se licita no es solo una itinerario sino también una frecuencia, el empresario no debe depender de la cantidad de pasajeros.\r\n\r\n3. El metrobús es solo una idea de solución para un troncal de Asunción, existen otros 6 que deben tener proyectos al respecto de transporte masivo.\r\n\r\n4. El Gobierno central tiene entre sus proyectos el tren \"cercanías\", ojalá no lo deje de lado porque el gobierno municipal no es del mismo color. \r\n\r\nSigamos conversando. Abrazos','2015-12-01 14:05:38',0,0,0,'idea','http://vozyvoto.ideascale.com/a/dtd/796311-37217',18,45,NULL,676,0);
/*!40000 ALTER TABLE `ideascale_comment` ENABLE KEYS */;
UNLOCK TABLES;

--
-- Table structure for table `ideascale_idea`
--

DROP TABLE IF EXISTS `ideascale_idea`;
/*!40101 SET @saved_cs_client     = @@character_set_client */;
/*!40101 SET character_set_client = utf8 */;
CREATE TABLE `ideascale_idea` (
  `id` int(11) NOT NULL AUTO_INCREMENT,
  `ideascale_id` int(10) unsigned DEFAULT NULL,
  `title` varchar(100) NOT NULL,
  `text` longtext NOT NULL,
  `datetime` datetime DEFAULT NULL,
  `positive_votes` int(10) unsigned DEFAULT NULL,
  `negative_votes` int(10) unsigned DEFAULT NULL,
  `comments` int(10) unsigned DEFAULT NULL,
  `url` varchar(200) NOT NULL,
  `campaign_id` int(11) NOT NULL,
  `location_id` int(11) DEFAULT NULL,
  `user_id` int(11) NOT NULL,
  `sync` tinyint(1) NOT NULL,
  PRIMARY KEY (`id`),
  UNIQUE KEY `ideascale_idea_ideascale_id_191588dce1477599_uniq` (`ideascale_id`),
  KEY `ideascale_idea_f14acec3` (`campaign_id`),
  KEY `ideascale_idea_e274a5da` (`location_id`),
  KEY `ideascale_idea_e8701ad4` (`user_id`)
) ENGINE=MyISAM AUTO_INCREMENT=684 DEFAULT CHARSET=latin1;
/*!40101 SET character_set_client = @saved_cs_client */;

--
-- Dumping data for table `ideascale_idea`
--

LOCK TABLES `ideascale_idea` WRITE;
/*!40000 ALTER TABLE `ideascale_idea` DISABLE KEYS */;
INSERT INTO `ideascale_idea` VALUES (659,789158,'Controlar que los omnibus paren en los puntos asignados','Quienes conducimos por las calles de Asunción nos encontramos a diario con omnibus que paran en los semáforos,  en cualquier esquina o lugar no asignado como parada sin respetar las establecidas por la Municipalidad y mucho menos a los conductores de otros vehiculos que repentinamente y de golpe se ven obligados a frenar porque al chofer del omnibus se le ocurre o antoja parar para subir o bajar pasajeros.\nEsto es una falta de respeto total a los reglamentos u ordenanzas municipales y a los conductores que circulan por las calles. Ademas constituye un peligro constante para conductores y tambien para los pasajeros de los omnibus que son depositados en forma arbitraria en cualquier punto segun el criterio o comodidad del chofer. Genera caos y desorden en el trafico que de por si ya esta bastante insoportable.\nLa Municipalidad deberia tomar medidas y multar a los choferes de omnibus o dueños de las empresas de transporte público que actúan de esta manera. \nLos pasajeros deben tomar conciencia y respetar los lugares de paradas y no parar el omnibus en cualquier punto..\nEl respeto a las normas y regulaciones vigentes es un deber ciudadano y su cumplimiento debe ser velado por las autoridades con penas y/o multas a quienes las ignoren o violen.','2015-10-22 15:58:01',14,0,1,'http://vozyvoto.ideascale.com/a/dtd/789158-37217',9,18,28,0),(658,789083,'Mercado 4 como atractivo turístico','Conocí el mercado municipal de la ciudad de Estambul, Turquía y me llamó la atención lo bien organizado que estaban los más de 30.000 m2 que abarca el predio, en donde uno puede encontrar los diversos productos agrupados por sectores, por ejemplo hay calles donde encontras los productos de orfebrería, calles destinadas a la venta de tapicería, entonces uno al ingresar se fija en el mapa dispuesto en cada entrada y ubica el área de lo que está buscando.\n\nY no sólo la organización sino también la pulcritud del lugar, a pesar de ser un lugar muy concurrido todo el día, no sólo por clientes sino también para la carga y descarga de mercaderías, en el mercado se notaba la limpieza en todas partes.\n\nMi propuesta es adaptar este sistema al mercado 4 de la ciudad de Asunción con el fin de convertirlo en un punto de turismo para los visitantes, hacerlo atractivo fomentando no sólo la posibilidad de conseguir buenos productos a precios accesibles sino también la oportunidad de interactuar con parte de nuestra cultura.','2015-10-21 21:27:26',14,0,5,'http://vozyvoto.ideascale.com/a/dtd/789083-37217',11,23,73,0),(657,789081,'Mercado 4 como atractivo turístico','Conocí el mercado municipal de la ciudad de Estambul, Turquía y me llamó la atención lo bien organizado que estaban los más de 30.000 m2 que abarca el predio, en donde uno puede encontrar los diversos productos agrupados por sectores, por ejemplo hay calles donde encontras los productos de orfebrería, calles destinadas a la venta de tapicería, entonces uno al ingresar se fija en el mapa dispuesto en cada entrada y ubica el área de lo que está buscando.\n\nY no sólo la organización sino también la pulcritud del lugar, a pesar de ser un lugar muy concurrido todo el día, no sólo por clientes sino también para la carga y descarga de mercaderías, en el mercado se notaba la limpieza en todas partes.\n\nMi propuesta es adaptar este sistema al mercado 4 de la ciudad de Asunción con el fin de convertirlo en un punto de turismo para los visitantes, hacerlo atractivo fomentando no sólo la posibilidad de conseguir buenos productos a precios accesibles sino también la oportunidad de interactuar con parte de nuestra cultura.','2015-10-21 20:53:06',0,0,0,'http://vozyvoto.ideascale.com/a/dtd/789081-37217',11,23,43,1),(656,789070,'UNA ASUNCIÓN MAS ORGANIZADA EN RESIDUOS','El problema que prácticamente nadie toma en cuenta es que en la calle esta muy pocos basureros que se encuentren a disposición para tirar los residuos, lo que obliga al ciudadano a arrojar su basura en las calles, ensuciando la ciudad. \nLa propuesta consiste en la opción de que el ciudadano o las empresas, en zonas comerciales, coloquen a disposición de los transeúntes basureros donde se puedan arrojar la basura. En recompensa de que el ciudadano o empresa coloque dichos basureros, el municipio puede hacer un descuento o dar cierta exoneracion a aquellos que han colocado uno. De esta manera, el municipio ahorrara mucho mas al año en mantenimiento y aseo urbano amortiguando de esa manera la caída de los ingresos ocasionada por el descuento o exoneracion. Ademas de ahorrarse en problemas que causan las basuras que tapan los sistemas de alcantarillado.','2015-10-21 19:54:16',9,0,2,'http://vozyvoto.ideascale.com/a/dtd/789070-37217',10,18,72,0),(655,789050,'Corredores de Lapacho por Barrio','Una forma de darle una identidad a los diversos barrios seria crear corredores de Lapachos en puntos estrategicos de cada barrio y a la vez conectarlos con otros barrios, Ej. Las Mercedes, barrio de los lapachos amarillos\nDe hecho esta no es una idea desconocida en nuestro pais, la ciudad de Nueva Italia (Depto. Central) la aplico como se puede ver en la foto que va adjunta a esta propuesta','2015-10-21 16:19:41',11,0,10,'http://vozyvoto.ideascale.com/a/dtd/789050-37217',8,NULL,71,0),(654,789046,'Ordenar el trafico en horas pico','Debido al incremeto de vehiculos que circulan diariamente por las calles de Asuncion ademas de los miles que entran y salen a la ciudad cada dia, la Municipalidad podria implementar por ejemplo un sistema como se hace en muchas ciudades de otros paises por el cual se establece que las avenidas principales y calles que tienen cuatro carriles como Mcal. Lopez por ejemplo a las horas pico dejen tres carriles para circular en la direccion de mayor trafico vehicular (hacia el centro) y uno para venir de hacia el centro y viceversa.\nEsto podria lograrse estableciendo horarios, ayudaria a que el flujo vehicular sea mas ordenado en horas pico evitando el estres, el caos y reduciendo el tiempo de acceso y salida del microcentro hasta tanto se tengan otras soluciones mas de fondo.','2015-10-21 15:28:17',11,0,0,'http://vozyvoto.ideascale.com/a/dtd/789046-37217',9,18,28,0),(653,789036,'Veredas de Hormigón','Algo que siempre salta a la vista en varias zonas de Asunción  es estado calamitoso de las veredas; \nPodemos analizar el problema en varios frentes:\n-Falta de estandarización e incumplimiento de las normas de construcción\n-Falta de mantenimiento\n-Altos costes de reparación\n-Los   propietarios  de las edificaciones  en la mayor parte de los casos son los únicos responsables  del  tramo de vereda que le corresponde, haciendo que el control de los ítems mencionados anteriormente sea bastante difícil e  ineficiente. \n-Las lluvias de gran intensidad típicas de nuestra región  generan raudales que con el paso del tiempo van erosionando y terminan por desprender las baldosas.\n\nLas veredas de hormigón están en todas las grandes ciudades del mundo y permiten unificar criterios sobre el estilo de ciudad que se quiere, además de abaratar los costos \n-Son más resistentes\n-Se construyen con mayor rapidez \n-Tienen mejor accesibilidad  \n-Son fáciles de mantener y reconstruir\n-Facilitan la implementación de ciclovías\n\nMuchos dirán que este tipo de aceras dará un aspecto más monótono y lúgubre a la ciudad si nos ponemos a comparar con la amplia gama de diseños y colores que nos ofrecen las baldosas   y concuerdo en este punto.\nMi propuesta no es la de  sustituir enteramente todas las aceras de la ciudad por bloques de hormigón, pero me parece una opción bastante interesante por ejemplo para:\n-Zonas vulnerables a los agentes externos llámese raudales,  vibraciones  etc.\n -Zonas comerciales y con grandes afluencias de peatones, me vienen a la mente por ejemplo  la  Avenida Eusebio Ayala, Avenida Artigas, la zona del mercado  etc .\n-Zonas residenciales con amplios espacios verdes, (jardines frontales, cordones de césped) que ayuden a mitigar la monotonía del cemento.\nPor último sería interesante coordinar esta propuesta con otras labores de infraestructura pendientes, como por ejemplo los cableados subterráneos.','2015-10-21 14:04:45',9,0,1,'http://vozyvoto.ideascale.com/a/dtd/789036-37217',13,25,55,0),(651,776111,'Bici sendas','La bicicleta es un excelente medio alternativo de transporte que debe ser más fuertemente promovido y apoyado mediante la creación de bici sendas que conecten diversas partes de la ciudad. ','2015-08-16 17:35:17',25,0,5,'http://vozyvoto.ideascale.com/a/dtd/776111-37217',9,23,40,0),(650,786799,'Reunión de Comisiones Vecinales','Mi idea es que una o dos veces al año exista una reunión, congreso, asamblea o algún acontecimiento donde participen todos los representantes de los distintos barrios, se conozcan, compartan ideas y puedan trabajar en proyectos para Asunción.','2015-10-07 03:20:11',6,0,2,'http://vozyvoto.ideascale.com/a/dtd/786799-37217',7,22,37,0),(649,786801,'P.M.T de Élite ','Buscar una Policía Municipal de tránsito de élite, que esté mejor posicionada, mejor pagada, con prestigio y \"honor\"','2015-10-07 03:22:40',13,0,1,'http://vozyvoto.ideascale.com/a/dtd/786801-37217',8,18,39,0),(648,786802,'Soportes de hamacas Pyas.','Mi propuesta consiste en que en las plazas de Asunción la junta municipal ponga soportes para hamacas Paraguayas y que los Asuncenos podamos acudir a disfrutar de los espacios públicos de una manera bien tradicional, y podamos compartir como buenos paraguayos y afirmarnos en nuestras costumbres, obviamente acompañado de un rico terere. ','2015-10-07 03:28:30',8,0,2,'http://vozyvoto.ideascale.com/a/dtd/786802-37217',7,18,38,0),(647,786804,'Puesto de Información Turística en la Costanera','Debería existir un puesto de información en la costanera que pueda guiar a turistas y a ciudadanos locales acerca de actividades, lugares de interés y servicios disponibles en los alrededores. Ej: edificios históricos, paseos por la bahía, paradas de taxi cercanas, entre otros..','2015-10-07 03:30:16',11,0,1,'http://vozyvoto.ideascale.com/a/dtd/786804-37217',13,22,37,0),(645,786923,'Asuncion libre','Limitar y controlar la colocacion de carteles publicitarios y de caracter politico, para evitar la degradacion de la imagen de la ciudad','2015-10-07 16:26:52',21,0,4,'http://vozyvoto.ideascale.com/a/dtd/786923-37217',8,18,28,0),(646,786875,'Prohibición de giro a la izquierda en avenidas principales.','Prohibir el giro a la izquierda en las avenidas principales. Asfaltar las calles que sean necesarias para encausar al conductor en la calle transversal que se quiere tomar y poner los carteles que te indiquen como hacerlo.','2015-10-07 14:37:03',14,0,3,'http://vozyvoto.ideascale.com/a/dtd/786875-37217',9,21,36,0),(644,786956,'Educación Vial','Viendo la cantidad de cartelería que tiene la municipalidad y la cantidad de minutos que paga en televisión y radio en propaganda de logros del intendente de turno, sería bueno que ese dinero se pague en cartelería y promoción de la educación vial. La no obstrucción de las \"bocacalles\", la prohibición de estacionamiento en doble fila o cerca de las esquinas. La utilización del \"pica pica\" como permiso para hacer lo que se me antoja. Son faltas que aunque parezcan insignificantes son las que provocan la molestia de los demás conductores y un stress innecesario en todos nosotros.','2015-10-07 19:48:25',11,0,2,'http://vozyvoto.ideascale.com/a/dtd/786956-37217',13,18,35,0),(643,786973,'Presupuesto Participativo: proyectos ideados por asuncenos ','Que pasaría si los ciudadanos pudieran no solo decidir directamente, sino también proyectar en que gastar parte del presupuesto municipal?. De eso se trata el presupuesto participativo, un proceso inicialmente desarrollado en Brasil, a finales de los 80, que hoy se practica en más de 1500 ciudades del mundo. \n\nAunque cada proceso es diferente, en líneas generales se resume en lo que sigue: los ciudadanos generan ideas y luego las convierten en propuestas concretas (generalmente, con la ayuda de voluntarios), la ciudadanía vota, y la municipalidad implementa los proyectos más votados.\n\nLos presupuestos participativos no solo le dan a la ciudadanía un espacio directo de participación, sino que abren paso a toda una nueva dinámica de participación ciudadana que de a poco mejora el ejercicio de la democracia en donde se aplica. Es un proceso que impulsa y educa en la cultura de la participación. \n\nPara que sea efectivo, el proceso no solo tienen que ser consultivo, sino que precisa ser \"deliberativo\": la decisión de los ciudadanos debe ser vinculante. La municipalidad debe comprometer un porcentaje de su presupuesto (por ejemplo, el 5% en Lisboa, Portugal) para la ejecución de los proyectos ganadores. \n\nPara saber más sobre el proceso, adjunto algunos documentos preparados por una organización sin fines de lucro, basada en los Estados Unidos, que promueve y ayuda a implementar este tipo de procesos. \n\nTambién adjunto una foto de un taller de generación de ideas en el que tuve la oportunidad de participar, para el presupuesto participativo de la ciudad de Cascais, en Portugal.\n\nY si le gustan los videos, aquí uno que explica el proceso  (con subtítulos en español): \nhttps://vimeo.com/107121298 \n\nHagamos que Asunción tenga su presupuesto participativo, y después, por qué no, todo el Paraguay!','2015-10-07 21:21:14',16,0,3,'http://vozyvoto.ideascale.com/a/dtd/786973-37217',7,NULL,34,0),(642,787144,'RECICLAJE ya!','Implementar de manera efectiva y eficaz la distribución adecuada de los residuos, el reciclado. Como? Primero separando por colores los residuos ( orgánicos, inorgánicos) , la municipalidad podría encargarse de otorgar o vender estas bolsas de colores. Y luego mandarlas a una planta de reciclado, o venderlas a otras empresas que re utilicen la basura. Consiguientemente, los contribuyentes que cumplan con la adecuada separación de residuos recibiran un descuento en sus impuestos... por ej> 5% anual... o lo que fuere. A su vez, se debería armar un plan piloto para instruir a los ninhos mas pequenhos ,en las escuelas/jardines a separar la basura, instalando tachos de basuras de distintos colores, inculcandoles desde los primeros anhos de vida s la importancia de cuidar el medio ambiente, el premio puede ser simplemente una felicitacion o carita feliz.  Capacitar a maestros para esto o bien, algun personal municipal que se encargue de esto.','2015-10-09 00:04:23',27,0,8,'http://vozyvoto.ideascale.com/a/dtd/787144-37217',10,20,33,0),(641,787275,'NO a edificios en barrios residenciales','Asuncion no cuenta con un proyecto de panificacion; hoy en dia los barrios residenciales estan siendo \"invadidos\" por edificios sin siquiera ir acompañado de un estudio ambiental y urbanistico. \nPROTEJAMOS a los Barrios Residenciales y a su historia!!','2015-10-09 17:15:18',18,0,5,'http://vozyvoto.ideascale.com/a/dtd/787275-37217',13,18,32,0),(640,788136,'Da gusto caminar por Asuncion ','Actualmente caminar por Asuncion es una tarea difícil. Para cruzar calles hay que esquivar vehículos y esperar semáforos (si los hay) o que algún alma solidaria te dé paso. Por otro lado, las veredas (si las hay) están la mayoría en muy mal estado u obstruidas de alguna manera. \n\nEsta idea busca crear un proyecto llamado \"Da gusto caminar por Asuncion\" dinde se creen cruces peatonales dando prioridad al peatón, veredas transitables y generar conciencia de la caminata como un método de transporte saludable que reduzca el tráfico vehicular y la polución.','2015-10-15 12:19:15',17,0,3,'http://vozyvoto.ideascale.com/a/dtd/788136-37217',9,18,31,0),(639,788338,'Veredas en buenas condiciones','Caminar por Asunción a veces puede ser una tarea complicada. \nEs por ello que el Municipio debería controlar/monitorear el estado de las veredas de los vecinos, y eventualmente, aplicar una multa a aquellos que no tienen en condiciones sus veredas.','2015-10-16 11:16:48',12,0,2,'http://vozyvoto.ideascale.com/a/dtd/788338-37217',13,18,28,0),(638,788417,'Un \"dia sin carro\" en Asunción, sería posible?','En Bogota, una vez al año existe lo que se llama \"el día sin carro\", en la cual nigun vehiculo particular puede circular por la calle, en un horario de 6 de la mañana a 6 de la tarde. Todas las avenidas se convierten en bicisendas y calles para caminar.. Es una medida por un lado ecológica, y por otro fuerza a todas las personas a utilizar medios alternativos, ya sea montándose al sistema de transporte publico o caminando o bicicleta. Bogota es una ciudad mucho mas grande que Asunción y todas las personas llegan a su trabajo y estudio... ¿sería imposible hacerlo en Asunción?','2015-10-16 18:05:21',7,0,4,'http://vozyvoto.ideascale.com/a/dtd/788417-37217',9,19,30,0),(636,788661,'Escuelas de oficio municipales en barrios pobres','En los barrios mas pobres,(Santa Ana, Roberto L Pettit entreotros)  muchos jovenes dejan el colegio y notienen para seguir la universidad, pero no tienen alternativas como escuelas de oficios. El unico centro de capaacitcion es SNPP y LA eSC CARLOS a lOPEZ que se sencuentran en oznas mas alejadas de estos barrios. La propuesta es crear estos centros en estos barrios donde se enseñe por ej; plomeria, electricidad, carpinteria,refrigerascion,entreotros.incluso puede ser a travez de un convenio con SNPP','2015-10-18 13:27:37',9,0,2,'http://vozyvoto.ideascale.com/a/dtd/788661-37217',13,18,29,0),(637,788656,'Nueva ordenanza de arborizacion yplan maestro de arbolado urbano','Teniendo en cuenta las altas temperaturas en el verano en el Pais, se hace necesario una neva ordenanza, ya que la se se cuenta es de hace mas de 50 años. En la misma se tediran; la obligatoriedad de la plantacion de por lo menos un arbol en ccada vereda. Ademas teniendo en cuenta que hay veredas muy angostas assi como muy anchas, la aorborizacion debe ser conforme a un plan maestro de arbolado urbanocomo existe en otros paises: E·sto es, sila vereda es angosta, se tendrian que plantar arboles mastipo arbussto y si es ancha el plan indicaria que especies se pueden plantar. Ademas se tendria que normalizar el tipo de canteros autilizar, . Tendrian que ser tales que no obstaculicen','2015-10-18 12:40:59',11,0,3,'http://vozyvoto.ideascale.com/a/dtd/788656-37217',7,18,29,0),(635,788919,'Servicios de vigilancia con CROWDSOURCING','Brevemente, (lo habia leido que lo usan en Londres) y por mas que parezca futurista (no lo es), si la Municipalidad de Asuncion pone camaras de vigilancia en sitios importantes, y da accesso a las personas a que denuncien hechos que puedan ir viendo que van surgiendo tramite crowdsourcing (pagando cifras minimas) por cada informacion valida, se podria crear un espacio de denuncia ciudadana, que sirva como complemento a la tarea de seguridad de la ciudad, reduciendo costos y creando trabajos para personas que no lo tengan. Esta misma plataforma podria tramite una applicacion que los ciudadanos informen del trafico por ejemplo, y que sean los propios ciudadanos quienes tramite contribuciones en modalidad crowdsourced ofrezcan servicios gratuitos a las municipalidades','2015-10-20 13:07:35',3,0,0,'http://vozyvoto.ideascale.com/a/dtd/788919-37217',9,17,28,0),(677,795621,'---------------- Proyectos Sociales En España [Votos: 3]','---------------- Proyectos sociales en España [Votos: 3] ---------------- Viviendo aquí hace un año, es muy interesante analizar los problemas tanto en España como en Europa en general, dado que el tratado de la UE busca homologar soluciones a problemas sociales en todos los países de la UE. Algunos que me interesaron fueron: - Inserción laboral de mayores de 45 y formación continua. - Apoyo de clubes de futbol a los adictos a las drogas. - Formación básica y universitaria a reclusos en prisión. - Buscadores de empleo (app para móviles). - Buscadores de Masters y Cursos internacionales (app para móviles). Son los que recuerdo, seguro que los proyectos están publicados. Muy interesante la iniciativa. ---------------- Desde: Ideascale Link: http://vozyvoto.ideascale.com/a/dtd/788938-37217 \n\n----------------\n\nAutor: Gus GK (Facebook)\nLink: https://www.facebook.com/1655519178027107/posts/1661920024053689','2015-11-25 17:59:59',0,0,1,'http://vozyvoto.ideascale.com/a/dtd/795621-37217',13,27,40,1),(667,789810,'Creo Que Es Hora Que Sean Implementadas Medidas Para Clasificar','Creo que es hora que sean implementadas medidas para clasificar las basuras. es realmente muy importante la diferenciacion (vidrios/cartones/organicos/embalajes u otro) ya que permite mecanismos mas eficientes de recoleccion, a mas del obvio aporte a la mejora de la calidad de vida y el ambiente. Creo que al menos un plan piloto deberia ser implementado. \n\n----------------\n\nAutor: Ruben Maidana (Facebook)\nLink: https://www.facebook.com/1655519178027107/posts/1660971527481872','2015-10-28 19:48:21',5,0,4,'http://vozyvoto.ideascale.com/a/dtd/789810-37217',10,27,40,0),(661,789623,'carriles de giro a la izquierda','Instalar carriles de giros a la izquierda en puntos determinados de calles y avenidas. Mediante marcacion con pintura . Anulando todo giro a la izq.  En. Los demás puntos. Esto agiliza el trafico y ofrece mayor dinamismo.','2015-10-26 21:00:35',3,0,0,'http://vozyvoto.ideascale.com/a/dtd/789623-37217',13,18,28,0),(660,789381,'Mejor control de la polución vehicular','¿Aire contaminado, 500 veces más que el máximo permitido por la Organización mundial de la Salud (OMS)?\n\nDebido al gran crecimiento del parque automotor de Asunción y los escasos controles efectivos de las condiciones de estos vehículos, los niveles de polución en el ambiente superan ampliamente los niveles máximos permitidos por la Organización Mundial de la Salud (OMS). En un articulo de ABC Color del 2014 (http://goo.gl/MuLYqg y http://goo.gl/yZxlsz), se habla de que los niveles de polución son de mas de 500 veces el nivel máximo establecido por la OMS, incluyendo gases severamente tóxicos para la salud como ser el dióxido de azufre (SO2) y óxido de nitrógeno (NOx), ambos resultantes de la combustión del Diesel y otros combustibles. Y no es ninguna sorpresa que los vehículos del transporte público sean uno de los mayores causantes de dicha polución.\n\nLos efectos de la salud de estos gases tóxicos han sido ampliamente estudiados y comprobados. Y los riesgos se aplican no solo a los residentes en Asunción, sino también a todas aquellas personas provenientes de otras ciudades que se desempeñan en sus actividades cotidianas en Asunción.\n\nComo primera medida, esta propuesta se enfoca en mejorar el monitoreo de los niveles de polución de la ciudad para comprender mejor la dinámica del fenómeno. No se pueden establecer políticas ni medidas concretas si no se tiene una evaluación cuantitativa y cualitativa del fenómeno.  \n\nEl segundo paso sería revisar y establecer las normas comunales que permitan llevar a la ciudad a los niveles máximos establecidos por la OMS. Y en cuanto a políticas existen varios ejemplos a tomar en consideración de diferentes ciudades del mundo:\n1) las zonas y horarios de tráfico limitado,\n2) reducción de la circulación del parque automotor (por ejemplo, por terminación de números de chapas),\n3) fomentación del uso de medios de transportes menos contaminantes (bicicletas, vehículos de transporte eléctrico, etc.). \n\nFinalmente, una vez establecidas las políticas y normas comunales, establecer los controles pertinentes para reforzar el cumplimiento de las mismas. Y esto involucra principalmente a la Policía Municipal de Tránsito en colaboración con la Secretaría del Ambiente (SEAM).\n\nSi no se toman medidas inmediatas de corto, mediano y largo plazo, este fenómeno no va hacer otra cosa que ir empeorando. Más aun considerando las actuales obras viales en zonas estratégicas de entrada a la ciudad, que van a fomentar el incremento del parque automotor. \n\n(fuente de la imagen: wikipedia.org)','2015-10-24 11:03:55',9,0,0,'http://vozyvoto.ideascale.com/a/dtd/789381-37217',7,28,76,0),(662,789635,'Servicios vs tasas e impuestos','Es necesario que en el presupuesto se asignen efectivamente  a obras en los barrios lo que se recauda en concepto \n1. Conservacion de plazas ,paseos y jardines publicos\n2. Limpieza en la via publica\n3. Contribucion especial por conservacion del pavimento\nY que todo esto sea verificable por los vecinos.....','2015-10-27 00:42:46',4,0,2,'http://vozyvoto.ideascale.com/a/dtd/789635-37217',8,18,47,0),(666,789782,'INSTALACIÓN DE BAÑOS AUTOLIMPIANTES EN LUGARES PÚBLICOS ','Es de suma importancia y una necesidad que la Municialidad instale baños públicos (autolimpiantes) en plazas, parques, la Costanera, incluso en el microcentro y otros lugares públicos donde hay mucha afluencia de personas que frecuentan y/o visitan esos lugares.\nHoy en dia existen baños móviles autolimpiantes que cada vez que son usados, se limpian automáticamente antes de que la siguiente persona pueda ingresar. Esto permite que los baños estén siempre higienicamente mantenidos y limpios sin necesidad de que haya una persona permanentemente  haciendo esta limpieza. Además no requieren de mucha infraestructura, no ocupan demasiado espacio y son estéticamente bastante lindos','2015-10-28 18:07:23',4,0,0,'http://vozyvoto.ideascale.com/a/dtd/789782-37217',13,18,28,0),(663,789650,'ASUNCIÓN SIN CABLES','Que lindo seria mirar hacia arriba y poder ver el cielo, las copas de los árboles y/o edificios sin tener  que ver un montón de cables (cada vez hay más) que poluyen la visual además de representar un permanente peligro.\nLa Municipalidad podria llevar adelante un proyecto de socavar los cables aéreos en forma paulatina comenzando por ejemplo por el microcentro y las avenidas y calles principales hasta llegar a tener en un tiempo una Asunción sin cables.','2015-10-27 09:57:29',6,0,1,'http://vozyvoto.ideascale.com/a/dtd/789650-37217',13,18,28,0),(664,789656,'educar a través de los medios de comunicación ','Utilizar los medios para enseñar por ejemplo donde arrojar la basura, respetar la franja peatonal en los semáforos, el daño que produce el contrabando, etc, así los niños comenzarán a reclamarles a los mayores ya que los padres no les enseñan. Gracias','2015-10-27 11:43:24',5,0,0,'http://vozyvoto.ideascale.com/a/dtd/789656-37217',8,18,86,0),(665,789677,'PASAJES DE ÓMNIBUS: TARJETAS EN VEZ DE BILLETES','Seria muy interesante que la Municipalidad juntamente con las empresas de transporte público implementasen un sistema de tarjetas magnéticas recargables para el pago de los pasajes/boletos. Esto facilitaria a  las personas que se movlizan en ómnibus todos los dias quienes no tendrÍan  necesidad de utilizar dinero y/o monedas cada vez que suban a un ómnibus.\nEste sistema que existe en casi todos los paises del mundo contribuye también a transparentar, tener un mejor control y a ordenar el sistema de transporte público además de mejorar el servicio que este presta a la ciudadanía.','2015-10-27 15:26:49',4,0,0,'http://vozyvoto.ideascale.com/a/dtd/789677-37217',9,18,28,0),(669,789885,'Obligacion de uso de basureros en los autos','Una de las formas en que las personas arrojan desechos a las calles es desde los autos. Por lo tanto como una forma de educar,  seria que asi como es obligacion tener matafuegos etc, sea obligatorio tener el basurerito ( el que se coloca por el cambio) asi seria mas facil el proceso','2015-10-29 18:13:29',0,0,1,'http://vozyvoto.ideascale.com/a/dtd/789885-37217',10,18,29,1),(675,795619,'---------------- Obligacion De Uso De Basureros En Los Autos','---------------- Obligacion de uso de basureros en los autos [Votos: 8] ---------------- Una de las formas en que las personas arrojan desechos a las calles es desde los autos. Por lo tanto como una forma de educar, seria que asi como es obligacion tener matafuegos etc, sea obligatorio tener el basurerito ( el que se coloca por el cambio) asi seria mas facil el proceso ---------------- Desde: Ideascale Link: http://vozyvoto.ideascale.com/a/dtd/789887-37217 \n\n----------------\n\nAutor: Lili Fleitas (Facebook)\nLink: https://www.facebook.com/1655519178027107/posts/1661229027456122','2015-11-25 17:59:42',0,0,0,'http://vozyvoto.ideascale.com/a/dtd/795619-37217',10,27,40,1),(676,795620,'El Transporte Debe Ser Publico! Y Porque? Pues Porque Un','EL TRANSPORTE DEBE SER PUBLICO! Y porque? pues porque un empresario no te va a poner un micro despues de las 11 de la noche y durante toda la noche hasta las 5 de la mañana! porque simplemente no le es rentable!, entonces la municipalidad debe gestionar el transporte publico para garantizar el servicio a todos y para todos 24hs del dia!, para lo cual debera ser gestionado por la Municipalidad de la Asuncion con cooperacion de las ciudades circuncidantes, con el MOPC, Gobernacion, Policia Caminera, etc, etc El transporte publico debe ser integro e integrado, deberan estar concectados todos los servicios, ej, buses, trenes, metro, incluso bicis publicas, se pueden comprar los billetes en efectivo de a uno o con tarjetas magneticas y comprando tickets de 2, 3 dias, 10 viajes integrados, tarjeta de mes, etc, etc, Los tickets se podran comprar en efectivo, tarjeta debito y credito. La financiacion dejaremos a cargo de los especialistas en la cuestion. Particularmente creo que el metro-bus, no sera la solucion al caotico transito sino mas bien causara mas problemas, porque sera lento, o sea no sera practica la gente querra seguir usando los buses chatarras, tampoco deberian pasar por los mercados 4 y San Lo por ej, deberian de pasar varias cuadras alrededor para descontracturar mas bien el transito cuestion que lo he mencionado al Ing. Rivarola pero ha hecho caso omiso y sigue con sus planes, Yo lo que propondria es en vez de utilizar un metro o subway, hacerlo con un tren electrico monoriel que vaya por arriba, los detalles tecnicos lo dejamos a cargo de los especialistas, tambien pueden consultar con el Ing. Pankow quien tambien comparte la idea. Entonces el karaku de la idea seria hacer el tren electrico con 10 paradas desde el centro de Asu hasta San Lorenzo o Capiata podran interconectarse con los trenes o tramvias del botanico y el que va a Ypacarai, tambien conectar con buses electricos, los trolebuses no creo que sea una buena opcion por las lluvias y los arboloes que caen, tambien se deberian de interconectar con tramvias, incluso bicicletas publicas Esta idea seria una copia al Transporte Metropolitano de Barcelona al cual se le puede pedir informacion y colaboracion \n\n----------------\n\nAutor: Marcos Sotomayor (Facebook)\nLink: https://www.facebook.com/1655519178027107/posts/1661779097401115','2015-11-25 17:59:56',0,0,2,'http://vozyvoto.ideascale.com/a/dtd/795620-37217',9,27,40,0),(674,795618,'---------------- Nuevos Lugares Turisticos-Paseo Del','---------------- Nuevos lugares turisticos-paseo del terere-plaza de los mangos [Votos: 5] ---------------- Cuando uno viaja a otro pais, le gusta ir a ver cualquier cosa que en su pais no puede ver normalmente. Por ej en una Ciudad Japonesa se paga 20 U$ para ir a ver media cuadra de plantacion de flores de cosmos.o manzanas o cerezos..Seria importante ir implementando sobre todo en Asuncion lugares con cosas que a nosotros puede parecernos simples pero para los turistas es algo novedoso: ej Plaza o paseo de la yerba mate, donde la la gente vea todo lo relacionado al terere.pueda arrancar la menta etc... O algun paseo donde puedan arrancarse naranjos, mangos de las mismas plantas..( en otros paises salen hasta 5 U$).Se imaginan hacer del arroyo ferreira algo parecido a Xochimilco de Mexico?.....es igual de ancho el canal. ---------------- Desde: Ideascale Link: http://vozyvoto.ideascale.com/a/dtd/789037-37217 \n\n----------------\n\nAutor: Lili Fleitas (Facebook)\nLink: https://www.facebook.com/1655519178027107/posts/1659305350981823','2015-11-25 17:59:26',0,0,2,'http://vozyvoto.ideascale.com/a/dtd/795618-37217',13,27,40,1),(672,791267,'Paradas de Micro y efectivo control de respeto a las mismas','Creo que el ultimo intendente que señalizo y creo paradas fue Filizzola, desde ahi ninguno, actualmente el transito de los micros pero mismo para los usuarios es anarquico ya que las paradas no estan debidamente señalizadas.\n\nAdemas si pretendemos ser una ciudad amigable con quienes no viven aca, como hace un extraño a la misma para tomar los micros si las paradas no estan señalizadas?','2015-11-04 15:02:28',4,0,0,'http://vozyvoto.ideascale.com/a/dtd/791267-37217',8,NULL,71,0),(673,793683,'Basureros en el transporte público','Aunque creo que esta medida no debería ser necesaria, para empezar a concientizar al menos creo que sería interesante incluir en los buses o medios de transporte públicos un basurero y así evitar que la gente arroje sus desperdicios por la ventana. También poner basureros en las paradas de buses con el mismo objetivo','2015-11-16 17:09:19',0,0,1,'http://vozyvoto.ideascale.com/a/dtd/793683-37217',10,17,96,0),(678,795622,'---------------- Domestic@ App [Votos: 1] ---------------- Por','---------------- DOMESTIC@ APP [Votos: 1] ---------------- Por mejorar la calidad de vida de las personas con dependencia atendiendo, en primer lugar, a sus cuidador@s. Como también personas domestic@s encargadas de limpieza, cocina u otras funciones. Una página web que permite seleccionar y presenta información médica, psicológica, de investigación, ocio, ejercicio físico y terapia ocupacional para ayudar a contratar a los cuidador@s o domestic@s (profesionales o domésticos) y familiares de personas dependientes para hacerles más fácil y profesional su labor. ---------------- Desde: Ideascale Link: http://vozyvoto.ideascale.com/a/dtd/790176-37217 \n\n----------------\n\nAutor: Gus GK (Facebook)\nLink: https://www.facebook.com/1655519178027107/posts/1661920020720356','2015-11-25 18:00:05',0,0,0,'http://vozyvoto.ideascale.com/a/dtd/795622-37217',7,27,40,1),(679,795628,'---------------- Da Gusto Caminar Por Asuncion [Votos: 17]','---------------- Da gusto caminar por Asuncion [Votos: 17] ---------------- Actualmente caminar por Asuncion es una tarea difícil. Para cruzar calles hay que esquivar vehículos y esperar semáforos (si los hay) o que algún alma solidaria te dé paso. Por otro lado, las veredas (si las hay) están la mayoría en muy mal estado u obstruidas de alguna manera. Esta idea busca crear un proyecto llamado \"Da gusto caminar por Asuncion\" dinde se creen cruces peatonales dando prioridad al peatón, veredas transitables y generar conciencia de la caminata como un método de transporte saludable que reduzca el tráfico vehicular y la polución. ---------------- Desde: Ideascale Link: http://vozyvoto.ideascale.com/a/dtd/788136-37217 \n\n----------------\n\nAutor: Nicolás Escobar Jariton (Facebook)\nLink: https://www.facebook.com/1655519178027107/posts/1668358733409818','2015-11-25 18:23:08',0,0,0,'http://vozyvoto.ideascale.com/a/dtd/795628-37217',9,27,40,1),(680,795629,'---------------- Mercado 4 Como Atractivo Turístico [Votos: 14]','---------------- Mercado 4 como atractivo turístico [Votos: 14] ---------------- Conocí el mercado municipal de la ciudad de Estambul, Turquía y me llamó la atención lo bien organizado que estaban los más de 30.000 m2 que abarca el predio, en donde uno puede encontrar los diversos productos agrupados por sectores, por ejemplo hay calles donde encontras los productos de orfebrería, calles destinadas a la venta de tapicería, entonces uno al ingresar se fija en el mapa dispuesto en cada entrada y ubica el área de lo que está buscando. Y no sólo la organización sino también la pulcritud del lugar, a pesar de ser un lugar muy concurrido todo el día, no sólo por clientes sino también para la carga y descarga de mercaderías, en el mercado se notaba la limpieza en todas partes. Mi propuesta es adaptar este sistema al mercado 4 de la ciudad de Asunción con el fin de convertirlo en un punto de turismo para los visitantes, hacerlo atractivo fomentando no sólo la posibilidad de conseguir buenos productos a precios accesibles sino también la oportunidad de interactuar con parte de nuestra cultura. ---------------- Desde: Ideascale Link: http://vozyvoto.ideascale.com/a/dtd/789083-37217 \n\n----------------\n\nAutor: Ana Hermosa (Facebook)\nLink: https://www.facebook.com/1655519178027107/posts/1668358736743151','2015-11-25 18:23:16',0,0,0,'http://vozyvoto.ideascale.com/a/dtd/795629-37217',11,27,40,1),(681,795630,'---------------- Escuelas De Oficio Municipales En Barrios','---------------- Escuelas de oficio municipales en barrios pobres [Votos: 9] ---------------- En los barrios mas pobres,(Santa Ana, Roberto L Pettit entreotros) muchos jovenes dejan el colegio y notienen para seguir la universidad, pero no tienen alternativas como escuelas de oficios. El unico centro de capaacitcion es SNPP y LA eSC CARLOS a lOPEZ que se sencuentran en oznas mas alejadas de estos barrios. La propuesta es crear estos centros en estos barrios donde se enseñe por ej; plomeria, electricidad, carpinteria,refrigerascion,entreotros.incluso puede ser a travez de un convenio con SNPP ---------------- Desde: Ideascale Link: http://vozyvoto.ideascale.com/a/dtd/788661-37217 \n\n----------------\n\nAutor: Lili Fleitas (Facebook)\nLink: https://www.facebook.com/1655519178027107/posts/1668358740076484','2015-11-25 18:23:22',0,0,0,'http://vozyvoto.ideascale.com/a/dtd/795630-37217',13,27,40,1),(682,795631,'---------------- Nueva Ordenanza De Arborizacion Yplan Maestro','---------------- Nueva ordenanza de arborizacion yplan maestro de arbolado urbano [Votos: 11] ---------------- Teniendo en cuenta las altas temperaturas en el verano en el Pais, se hace necesario una neva ordenanza, ya que la se se cuenta es de hace mas de 50 años. En la misma se tediran; la obligatoriedad de la plantacion de por lo menos un arbol en ccada vereda. Ademas teniendo en cuenta que hay veredas muy angostas assi como muy anchas, la aorborizacion debe ser conforme a un plan maestro de arbolado urbanocomo existe en otros paises: E·sto es, sila vereda es angosta, se tendrian que plantar arboles mastipo arbussto y si es ancha el plan indicaria que especies se pueden plantar. Ademas se tendria que normalizar el tipo de canteros autilizar, . Tendrian que ser tales que no obstaculicen ---------------- Desde: Ideascale Link: http://vozyvoto.ideascale.com/a/dtd/788656-37217 \n\n----------------\n\nAutor: Lili Fleitas (Facebook)\nLink: https://www.facebook.com/1655519178027107/posts/1668358743409817','2015-11-25 18:23:28',0,0,0,'http://vozyvoto.ideascale.com/a/dtd/795631-37217',7,27,40,1),(683,795632,'---------------- Presupuesto Participativo: Proyectos Ideados','---------------- Presupuesto Participativo: proyectos ideados por asuncenos [Votos: 16] ---------------- Que pasaría si los ciudadanos pudieran no solo decidir directamente, sino también proyectar en que gastar parte del presupuesto municipal?. De eso se trata el presupuesto participativo, un proceso inicialmente desarrollado en Brasil, a finales de los 80, que hoy se practica en más de 1500 ciudades del mundo. Aunque cada proceso es diferente, en líneas generales se resume en lo que sigue: los ciudadanos generan ideas y luego las convierten en propuestas concretas (generalmente, con la ayuda de voluntarios), la ciudadanía vota, y la municipalidad implementa los proyectos más votados. Los presupuestos participativos no solo le dan a la ciudadanía un espacio directo de participación, sino que abren paso a toda una nueva dinámica de participación ciudadana que de a poco mejora el ejercicio de la democracia en donde se aplica. Es un proceso que impulsa y educa en la cultura de la participación. Para que sea efectivo, el proceso no solo tienen que ser consultivo, sino que precisa ser \"deliberativo\": la decisión de los ciudadanos debe ser vinculante. La municipalidad debe comprometer un porcentaje de su presupuesto (por ejemplo, el 5% en Lisboa, Portugal) para la ejecución de los proyectos ganadores. Para saber más sobre el proceso, adjunto algunos documentos preparados por una organización sin fines de lucro, basada en los Estados Unidos, que promueve y ayuda a implementar este tipo de procesos. También adjunto una foto de un taller de generación de ideas en el que tuve la oportunidad de participar, para el presupuesto participativo de la ciudad de Cascais, en Portugal. Y si le gustan los videos, aquí uno que explica el proceso (con subtítulos en español): https://vimeo.com/107121298 Hagamos que Asunción tenga su presupuesto participativo, y después, por qué no, todo el Paraguay! ---------------- Desde: Ideascale Link: http://vozyvoto.ideascale.com/a/dtd/786973-37217 \n\n----------------\n\nAutor: Cristhian Parra (Facebook)\nLink: https://www.facebook.com/1655519178027107/posts/1668358746743150','2015-11-25 18:23:39',0,0,0,'http://vozyvoto.ideascale.com/a/dtd/795632-37217',7,27,40,1);
/*!40000 ALTER TABLE `ideascale_idea` ENABLE KEYS */;
UNLOCK TABLES;

--
-- Table structure for table `ideascale_initiative`
--

DROP TABLE IF EXISTS `ideascale_initiative`;
/*!40101 SET @saved_cs_client     = @@character_set_client */;
/*!40101 SET character_set_client = utf8 */;
CREATE TABLE `ideascale_initiative` (
  `id` int(11) NOT NULL AUTO_INCREMENT,
  `name` varchar(100) DEFAULT NULL,
  `url` varchar(200) NOT NULL,
  `token` varchar(255) NOT NULL,
  PRIMARY KEY (`id`)
) ENGINE=MyISAM AUTO_INCREMENT=4 DEFAULT CHARSET=latin1;
/*!40101 SET character_set_client = @saved_cs_client */;

--
-- Dumping data for table `ideascale_initiative`
--

LOCK TABLES `ideascale_initiative` WRITE;
/*!40000 ALTER TABLE `ideascale_initiative` DISABLE KEYS */;
INSERT INTO `ideascale_initiative` VALUES (1,'Five Heads','http://fiveheads.ideascale.com','5b3326f8-50a5-419d-8f02-eef6a42fd61a'),(2,'Social Ideation','http://socialideation.ideascale.com','ee958404-eda3-4495-8ae5-7a971207f674'),(3,'Voz y voto','http://vozyvoto.ideascale.com','b85a9d45-a95a-4d38-be8e-24663ec3f1bb');
/*!40000 ALTER TABLE `ideascale_initiative` ENABLE KEYS */;
UNLOCK TABLES;

--
-- Table structure for table `ideascale_location`
--

DROP TABLE IF EXISTS `ideascale_location`;
/*!40101 SET @saved_cs_client     = @@character_set_client */;
/*!40101 SET character_set_client = utf8 */;
CREATE TABLE `ideascale_location` (
  `id` int(11) NOT NULL AUTO_INCREMENT,
  `country` varchar(50) NOT NULL,
  `city` varchar(50) NOT NULL,
  `latitude` double DEFAULT NULL,
  `longitude` double DEFAULT NULL,
  `code` varchar(100) DEFAULT NULL,
  PRIMARY KEY (`id`),
  UNIQUE KEY `code` (`code`)
) ENGINE=MyISAM AUTO_INCREMENT=29 DEFAULT CHARSET=latin1;
/*!40101 SET character_set_client = @saved_cs_client */;

--
-- Dumping data for table `ideascale_location`
--

LOCK TABLES `ideascale_location` WRITE;
/*!40000 ALTER TABLE `ideascale_location` DISABLE KEYS */;
INSERT INTO `ideascale_location` VALUES (20,'AR','Buenos Aires',NULL,NULL,'ar_buenos aires'),(19,'NI','Managua',NULL,NULL,'ni_managua'),(18,'PY','Asunción',NULL,NULL,'py_asunción'),(17,'IT','Trento',NULL,NULL,'it_trento'),(16,'ES','Madrid',NULL,NULL,'es_madrid'),(21,'PY','Fernando de la Mora',NULL,NULL,'py_fernando de la mora'),(22,'PY','Luque',NULL,NULL,'py_luque'),(23,'IT','Pescantina',NULL,NULL,'it_pescantina'),(24,'PY','Villarrica',NULL,NULL,'py_villarrica'),(25,'IT','Verona',NULL,NULL,'it_verona'),(26,'US','Berkeley',NULL,NULL,'us_berkeley'),(27,'US','Provo',NULL,NULL,'us_provo'),(28,'IT','Bolzano',NULL,NULL,'it_bolzano');
/*!40000 ALTER TABLE `ideascale_location` ENABLE KEYS */;
UNLOCK TABLES;

--
-- Table structure for table `ideascale_testingparameter`
--

DROP TABLE IF EXISTS `ideascale_testingparameter`;
/*!40101 SET @saved_cs_client     = @@character_set_client */;
/*!40101 SET character_set_client = utf8 */;
CREATE TABLE `ideascale_testingparameter` (
  `id` int(11) NOT NULL AUTO_INCREMENT,
  `key` varchar(50) NOT NULL,
  `raw_value` varchar(100) DEFAULT NULL,
  `type` varchar(10) NOT NULL,
  PRIMARY KEY (`id`)
) ENGINE=MyISAM AUTO_INCREMENT=12 DEFAULT CHARSET=latin1;
/*!40101 SET character_set_client = @saved_cs_client */;

--
-- Dumping data for table `ideascale_testingparameter`
--

LOCK TABLES `ideascale_testingparameter` WRITE;
/*!40000 ALTER TABLE `ideascale_testingparameter` DISABLE KEYS */;
INSERT INTO `ideascale_testingparameter` VALUES (2,'idea_id','137010','int'),(3,'user_id','691840','int'),(4,'title','Testing param','str'),(5,'text','Text testing param','str'),(6,'campaign_id','28416','int'),(7,'comment_id','773330','int'),(8,'value','1','int'),(9,'name','social-ideation-is','str'),(10,'email','me@social-ideationapp.com','str'),(11,'initiative_id','1','int');
/*!40000 ALTER TABLE `ideascale_testingparameter` ENABLE KEYS */;
UNLOCK TABLES;

--
-- Table structure for table `ideascale_vote`
--

DROP TABLE IF EXISTS `ideascale_vote`;
/*!40101 SET @saved_cs_client     = @@character_set_client */;
/*!40101 SET character_set_client = utf8 */;
CREATE TABLE `ideascale_vote` (
  `id` int(11) NOT NULL AUTO_INCREMENT,
  `ideascale_id` int(10) unsigned DEFAULT NULL,
  `value` int(11) NOT NULL,
  `datetime` datetime DEFAULT NULL,
  `author_id` int(11) NOT NULL,
  `sync` tinyint(1) NOT NULL,
  `parent_comment_id` int(11) DEFAULT NULL,
  `parent_idea_id` int(11) DEFAULT NULL,
  `parent_type` varchar(50) NOT NULL,
  PRIMARY KEY (`id`),
  UNIQUE KEY `ideascale_vote_ideascale_id_6599b6b53fde64cc_uniq` (`ideascale_id`),
  KEY `ideascale_vote_4f331e2f` (`author_id`),
  KEY `ideascale_vote_3a87a439` (`parent_comment_id`),
  KEY `ideascale_vote_328583f2` (`parent_idea_id`)
) ENGINE=MyISAM AUTO_INCREMENT=493 DEFAULT CHARSET=latin1;
/*!40101 SET character_set_client = @saved_cs_client */;

--
-- Dumping data for table `ideascale_vote`
--

LOCK TABLES `ideascale_vote` WRITE;
/*!40000 ALTER TABLE `ideascale_vote` DISABLE KEYS */;
INSERT INTO `ideascale_vote` VALUES (75,4191491,1,'2015-10-15 18:11:32',57,1,NULL,651,'idea'),(74,4190676,1,'2015-10-15 11:54:26',56,1,NULL,651,'idea'),(73,4190670,1,'2015-10-15 11:43:05',55,1,NULL,651,'idea'),(72,4175350,1,'2015-10-08 23:50:59',33,1,NULL,651,'idea'),(71,4181257,1,'2015-10-11 14:08:16',54,1,NULL,651,'idea'),(70,4172897,1,'2015-10-08 02:05:17',53,1,NULL,651,'idea'),(69,4172377,1,'2015-10-07 22:18:21',34,1,NULL,651,'idea'),(68,4170130,1,'2015-10-07 03:13:54',38,1,NULL,651,'idea'),(67,4170123,1,'2015-10-07 03:11:06',52,1,NULL,651,'idea'),(66,4170118,1,'2015-10-07 03:10:25',51,1,NULL,651,'idea'),(65,4170126,1,'2015-10-07 03:12:33',39,1,NULL,651,'idea'),(64,4171000,1,'2015-10-07 14:25:19',36,1,NULL,651,'idea'),(63,4177452,1,'2015-10-09 16:44:39',50,1,NULL,651,'idea'),(62,4170122,1,'2015-10-07 03:11:03',37,1,NULL,651,'idea'),(61,4172261,1,'2015-10-07 21:28:07',49,1,NULL,651,'idea'),(60,4170124,1,'2015-10-07 03:11:23',42,1,NULL,651,'idea'),(59,3992376,1,'2015-08-16 17:35:18',40,1,NULL,651,'idea'),(76,4191261,1,'2015-10-15 16:12:46',58,1,NULL,651,'idea'),(77,4196231,1,'2015-10-16 18:01:57',59,1,NULL,651,'idea'),(78,4196225,1,'2015-10-16 18:01:05',30,1,NULL,651,'idea'),(79,4197727,1,'2015-10-18 10:11:57',60,1,NULL,651,'idea'),(80,4200651,1,'2015-10-20 17:33:54',43,1,NULL,651,'idea'),(81,4201043,1,'2015-10-20 23:49:06',61,1,NULL,651,'idea'),(82,4200305,1,'2015-10-20 12:06:59',40,1,NULL,650,'idea'),(83,4170152,1,'2015-10-07 03:20:38',37,1,NULL,650,'idea'),(84,4170197,1,'2015-10-07 03:33:30',39,1,NULL,650,'idea'),(85,4170188,1,'2015-10-07 03:31:42',51,1,NULL,650,'idea'),(86,4172893,1,'2015-10-08 02:04:56',53,1,NULL,650,'idea'),(87,4201044,1,'2015-10-20 23:49:32',61,1,NULL,650,'idea'),(88,4196518,1,'2015-10-16 20:11:48',37,1,NULL,649,'idea'),(89,4177454,1,'2015-10-09 16:44:53',50,1,NULL,649,'idea'),(90,4170195,1,'2015-10-07 03:33:04',39,1,NULL,649,'idea'),(91,4170187,1,'2015-10-07 03:31:35',51,1,NULL,649,'idea'),(92,4170194,1,'2015-10-07 03:33:04',38,1,NULL,649,'idea'),(93,4175349,1,'2015-10-08 23:50:51',33,1,NULL,649,'idea'),(94,4190675,1,'2015-10-15 11:54:12',56,1,NULL,649,'idea'),(95,4191683,1,'2015-10-15 19:22:53',62,1,NULL,649,'idea'),(96,4199959,1,'2015-10-19 16:58:38',44,1,NULL,649,'idea'),(97,4201099,1,'2015-10-21 01:20:20',41,1,NULL,649,'idea'),(98,4196516,1,'2015-10-16 20:11:29',37,1,NULL,648,'idea'),(99,4170198,1,'2015-10-07 03:33:35',39,1,NULL,648,'idea'),(100,4170189,1,'2015-10-07 03:32:02',51,1,NULL,648,'idea'),(101,4170180,1,'2015-10-07 03:29:01',38,1,NULL,648,'idea'),(102,4172891,1,'2015-10-08 02:04:36',53,1,NULL,648,'idea'),(103,4175348,1,'2015-10-08 23:50:47',33,1,NULL,648,'idea'),(104,4201041,1,'2015-10-20 23:48:39',61,1,NULL,648,'idea'),(105,4201096,1,'2015-10-21 01:15:54',41,1,NULL,648,'idea'),(106,4172262,1,'2015-10-07 21:28:21',49,1,NULL,647,'idea'),(107,4170185,1,'2015-10-07 03:30:42',37,1,NULL,647,'idea'),(108,4171875,1,'2015-10-07 17:59:10',36,1,NULL,647,'idea'),(109,4170201,1,'2015-10-07 03:33:54',39,1,NULL,647,'idea'),(110,4170190,1,'2015-10-07 03:32:25',51,1,NULL,647,'idea'),(111,4172889,1,'2015-10-08 02:04:30',53,1,NULL,647,'idea'),(112,4175352,1,'2015-10-08 23:51:08',33,1,NULL,647,'idea'),(113,4190667,1,'2015-10-15 11:40:39',55,1,NULL,647,'idea'),(114,4190677,1,'2015-10-15 11:54:32',56,1,NULL,647,'idea'),(115,4201040,1,'2015-10-20 23:48:34',61,1,NULL,647,'idea'),(116,4200303,1,'2015-10-20 12:06:35',40,1,NULL,646,'idea'),(117,4196513,1,'2015-10-16 20:11:03',37,1,NULL,646,'idea'),(118,4171010,1,'2015-10-07 14:37:09',36,1,NULL,646,'idea'),(119,4171659,1,'2015-10-07 16:02:34',51,1,NULL,646,'idea'),(120,4190681,1,'2015-10-15 12:03:26',63,1,NULL,646,'idea'),(121,4191260,1,'2015-10-15 16:12:16',58,1,NULL,646,'idea'),(122,4191678,1,'2015-10-15 19:22:40',62,1,NULL,646,'idea'),(123,4192135,1,'2015-10-15 21:58:49',64,1,NULL,646,'idea'),(124,4196220,1,'2015-10-16 17:59:16',30,1,NULL,646,'idea'),(125,4199948,1,'2015-10-19 16:52:59',44,1,NULL,646,'idea'),(126,4200643,1,'2015-10-20 17:32:30',43,1,NULL,646,'idea'),(127,4201039,1,'2015-10-20 23:48:27',61,1,NULL,646,'idea'),(128,4201221,1,'2015-10-21 11:55:49',40,1,NULL,645,'idea'),(129,4196506,1,'2015-10-16 20:09:37',37,1,NULL,645,'idea'),(130,4186387,1,'2015-10-13 15:53:40',36,1,NULL,645,'idea'),(131,4172097,1,'2015-10-07 19:24:41',51,1,NULL,645,'idea'),(132,4175164,1,'2015-10-08 22:32:29',29,1,NULL,645,'idea'),(133,4175353,1,'2015-10-08 23:51:18',33,1,NULL,645,'idea'),(134,4190665,1,'2015-10-15 11:40:07',55,1,NULL,645,'idea'),(135,4190680,1,'2015-10-15 12:03:18',63,1,NULL,645,'idea'),(136,4191674,1,'2015-10-15 19:22:32',62,1,NULL,645,'idea'),(137,4196230,1,'2015-10-16 18:01:44',59,1,NULL,645,'idea'),(138,4197726,1,'2015-10-18 10:11:46',60,1,NULL,645,'idea'),(139,4199947,1,'2015-10-19 16:52:17',44,1,NULL,645,'idea'),(140,4201038,1,'2015-10-20 23:48:18',61,1,NULL,645,'idea'),(141,4200300,1,'2015-10-20 12:03:37',40,1,NULL,644,'idea'),(142,4172263,1,'2015-10-07 21:28:45',49,1,NULL,644,'idea'),(143,4196500,1,'2015-10-16 20:08:59',37,1,NULL,644,'idea'),(144,4172417,1,'2015-10-07 22:54:08',38,1,NULL,644,'idea'),(145,4172146,1,'2015-10-07 19:49:26',35,1,NULL,644,'idea'),(146,4175355,1,'2015-10-08 23:51:23',33,1,NULL,644,'idea'),(147,4199946,1,'2015-10-19 16:51:38',44,1,NULL,644,'idea'),(148,4201045,1,'2015-10-20 23:49:36',61,1,NULL,644,'idea'),(149,4200298,1,'2015-10-20 12:02:37',40,1,NULL,643,'idea'),(150,4196486,1,'2015-10-16 20:06:59',37,1,NULL,643,'idea'),(151,4177435,1,'2015-10-09 16:40:00',50,1,NULL,643,'idea'),(152,4172391,1,'2015-10-07 22:27:17',39,1,NULL,643,'idea'),(153,4173787,1,'2015-10-08 14:04:18',51,1,NULL,643,'idea'),(154,4172376,1,'2015-10-07 22:17:59',34,1,NULL,643,'idea'),(155,4173966,1,'2015-10-08 15:19:27',65,1,NULL,643,'idea'),(156,4190671,1,'2015-10-15 11:45:39',55,1,NULL,643,'idea'),(157,4190980,1,'2015-10-15 15:13:10',66,1,NULL,643,'idea'),(158,4191669,1,'2015-10-15 19:22:09',62,1,NULL,643,'idea'),(159,4201035,1,'2015-10-20 23:46:32',61,1,NULL,643,'idea'),(160,4200297,1,'2015-10-20 12:02:30',40,1,NULL,642,'idea'),(161,4196483,1,'2015-10-16 20:06:33',37,1,NULL,642,'idea'),(162,4177464,1,'2015-10-09 16:46:41',50,1,NULL,642,'idea'),(163,4201103,1,'2015-10-21 01:30:46',51,1,NULL,642,'idea'),(164,4175532,1,'2015-10-09 00:59:14',34,1,NULL,642,'idea'),(165,4175429,1,'2015-10-09 00:04:34',33,1,NULL,642,'idea'),(166,4178914,1,'2015-10-10 01:01:59',48,1,NULL,642,'idea'),(167,4178607,1,'2015-10-09 21:49:08',47,1,NULL,642,'idea'),(168,4196434,1,'2015-10-16 19:39:23',67,1,NULL,642,'idea'),(169,4191490,1,'2015-10-15 18:10:38',57,1,NULL,642,'idea'),(170,4191666,1,'2015-10-15 19:21:52',62,1,NULL,642,'idea'),(171,4196229,1,'2015-10-16 18:01:33',59,1,NULL,642,'idea'),(172,4199945,1,'2015-10-19 16:50:32',44,1,NULL,642,'idea'),(173,4200595,1,'2015-10-20 17:10:31',43,1,NULL,642,'idea'),(174,4201034,1,'2015-10-20 23:46:11',61,1,NULL,642,'idea'),(175,4200294,1,'2015-10-20 12:01:01',40,1,NULL,641,'idea'),(176,4199639,1,'2015-10-19 14:37:52',42,1,NULL,641,'idea'),(177,4196475,1,'2015-10-16 20:05:41',37,1,NULL,641,'idea'),(178,4179059,1,'2015-10-10 02:03:14',50,1,NULL,641,'idea'),(179,4201104,1,'2015-10-21 01:30:55',51,1,NULL,641,'idea'),(180,4190084,1,'2015-10-15 02:25:20',47,1,NULL,641,'idea'),(181,4188463,1,'2015-10-14 15:13:48',68,1,NULL,641,'idea'),(182,4196432,1,'2015-10-16 19:39:23',67,1,NULL,641,'idea'),(183,4191259,1,'2015-10-15 16:11:47',58,1,NULL,641,'idea'),(184,4199944,1,'2015-10-19 16:50:23',44,1,NULL,641,'idea'),(185,4200612,1,'2015-10-20 17:17:57',43,1,NULL,641,'idea'),(186,4201033,1,'2015-10-20 23:45:52',61,1,NULL,641,'idea'),(187,4192127,1,'2015-10-15 21:56:56',40,1,NULL,640,'idea'),(188,4196473,1,'2015-10-16 20:05:00',37,1,NULL,640,'idea'),(189,4201105,1,'2015-10-21 01:32:12',51,1,NULL,640,'idea'),(190,4197193,1,'2015-10-17 00:03:58',47,1,NULL,640,'idea'),(191,4192137,1,'2015-10-15 21:59:07',64,1,NULL,640,'idea'),(192,4193305,1,'2015-10-16 13:28:16',46,1,NULL,640,'idea'),(193,4197725,1,'2015-10-18 10:11:29',60,1,NULL,640,'idea'),(194,4199943,1,'2015-10-19 16:50:07',44,1,NULL,640,'idea'),(195,4200592,1,'2015-10-20 17:09:39',43,1,NULL,640,'idea'),(196,4201032,1,'2015-10-20 23:45:14',61,1,NULL,640,'idea'),(197,4200292,1,'2015-10-20 12:00:21',40,1,NULL,639,'idea'),(198,4196472,1,'2015-10-16 20:04:42',37,1,NULL,639,'idea'),(199,4199942,1,'2015-10-19 16:48:06',44,1,NULL,639,'idea'),(200,4200591,1,'2015-10-20 17:08:54',43,1,NULL,639,'idea'),(201,4201025,1,'2015-10-20 23:33:44',61,1,NULL,639,'idea'),(202,4200290,1,'2015-10-20 11:59:35',40,1,NULL,638,'idea'),(203,4196470,1,'2015-10-16 20:04:33',37,1,NULL,638,'idea'),(204,4201107,1,'2015-10-21 01:33:20',51,1,NULL,638,'idea'),(205,4196395,1,'2015-10-16 19:31:27',67,1,NULL,638,'idea'),(206,4199941,1,'2015-10-19 16:47:47',44,1,NULL,638,'idea'),(207,4200588,1,'2015-10-20 17:07:44',43,1,NULL,638,'idea'),(208,4201024,1,'2015-10-20 23:33:41',61,1,NULL,638,'idea'),(209,4200289,1,'2015-10-20 11:59:27',40,1,NULL,637,'idea'),(210,4201102,1,'2015-10-21 01:28:34',51,1,NULL,637,'idea'),(211,4199940,1,'2015-10-19 16:47:30',44,1,NULL,637,'idea'),(212,4200586,1,'2015-10-20 17:06:54',43,1,NULL,637,'idea'),(213,4201023,1,'2015-10-20 23:33:35',61,1,NULL,637,'idea'),(214,4200286,1,'2015-10-20 11:57:25',40,1,NULL,636,'idea'),(215,4201022,1,'2015-10-20 23:33:28',61,1,NULL,636,'idea'),(216,4200641,1,'2015-10-20 17:32:09',40,1,NULL,635,'idea'),(219,4200644,1,'2015-10-20 17:33:06',43,0,166,NULL,'comment'),(220,4172395,1,'2015-10-07 22:30:16',34,0,165,NULL,'comment'),(221,4196524,1,'2015-10-16 20:13:40',37,0,163,NULL,'comment'),(222,4196523,1,'2015-10-16 20:13:38',37,0,162,NULL,'comment'),(223,4174975,1,'2015-10-08 20:58:55',34,0,162,NULL,'comment'),(224,4196521,1,'2015-10-16 20:13:05',37,0,150,NULL,'comment'),(225,4200598,1,'2015-10-20 17:12:54',43,0,155,NULL,'comment'),(226,4200593,1,'2015-10-20 17:09:56',43,0,154,NULL,'comment'),(227,4200302,1,'2015-10-20 12:05:49',40,0,153,NULL,'comment'),(228,4200647,1,'2015-10-20 17:33:28',43,0,153,NULL,'comment'),(229,4200291,1,'2015-10-20 11:59:48',40,0,149,NULL,'comment'),(230,4200589,1,'2015-10-20 17:08:11',43,0,149,NULL,'comment'),(231,4200288,1,'2015-10-20 11:58:00',40,0,146,NULL,'comment'),(232,4200585,1,'2015-10-20 17:06:40',43,0,146,NULL,'comment'),(233,4200590,1,'2015-10-20 17:08:22',43,0,145,NULL,'comment'),(234,4200293,1,'2015-10-20 12:00:50',40,0,144,NULL,'comment'),(235,4200295,1,'2015-10-20 12:01:47',40,0,143,NULL,'comment'),(236,4200597,1,'2015-10-20 17:12:53',43,0,143,NULL,'comment'),(237,4200296,1,'2015-10-20 12:02:25',40,0,142,NULL,'comment'),(238,4200299,1,'2015-10-20 12:02:56',40,0,141,NULL,'comment'),(239,4200638,1,'2015-10-20 17:31:53',43,0,141,NULL,'comment'),(240,4200301,1,'2015-10-20 12:05:03',40,0,139,NULL,'comment'),(241,4200287,1,'2015-10-20 11:57:56',40,0,136,NULL,'comment'),(242,4200584,1,'2015-10-20 17:06:35',43,0,136,NULL,'comment'),(243,4201256,1,'2015-10-21 14:36:45',55,1,NULL,640,'idea'),(244,4201279,1,'2015-10-21 15:56:22',69,1,NULL,651,'idea'),(245,4201278,1,'2015-10-21 15:56:12',69,1,NULL,647,'idea'),(246,4201277,1,'2015-10-21 15:56:08',69,1,NULL,646,'idea'),(247,4201276,1,'2015-10-21 15:56:03',69,1,NULL,645,'idea'),(248,4201275,1,'2015-10-21 15:55:47',69,1,NULL,642,'idea'),(249,4201282,1,'2015-10-21 15:57:13',70,1,NULL,642,'idea'),(250,4201273,1,'2015-10-21 15:55:30',69,1,NULL,641,'idea'),(251,4201274,1,'2015-10-21 15:55:36',69,1,NULL,637,'idea'),(252,4201280,1,'2015-10-21 15:56:39',69,1,NULL,653,'idea'),(253,4201281,1,'2015-10-21 15:56:44',69,1,NULL,654,'idea'),(254,4201292,1,'2015-10-21 16:04:33',40,1,NULL,649,'idea'),(255,4201291,1,'2015-10-21 16:04:32',40,1,NULL,648,'idea'),(256,4201293,1,'2015-10-21 16:04:35',40,1,NULL,647,'idea'),(257,4201290,1,'2015-10-21 16:04:24',40,1,NULL,653,'idea'),(259,4201288,1,'2015-10-21 16:04:20',40,1,NULL,654,'idea'),(260,4201298,1,'2015-10-21 16:30:52',43,1,NULL,654,'idea'),(261,4201296,1,'2015-10-21 16:30:14',43,1,NULL,655,'idea'),(264,4201303,1,'2015-10-21 16:41:17',43,1,NULL,653,'idea'),(265,4201306,1,'2015-10-21 16:46:37',43,1,NULL,643,'idea'),(491,4278047,1,'2015-11-26 17:28:50',95,1,NULL,663,'idea'),(267,4201313,1,'2015-10-21 17:16:49',40,1,NULL,655,'idea'),(269,4201320,1,'2015-10-21 17:27:59',29,1,NULL,637,'idea'),(270,4201395,1,'2015-10-21 18:25:49',55,1,NULL,641,'idea'),(271,4201430,1,'2015-10-21 20:17:09',71,1,NULL,655,'idea'),(272,4201437,1,'2015-10-21 20:31:49',40,1,NULL,656,'idea'),(273,4201439,1,'2015-10-21 20:39:32',69,1,NULL,655,'idea'),(274,4201438,1,'2015-10-21 20:39:20',69,1,NULL,656,'idea'),(275,4201441,1,'2015-10-21 20:48:45',71,1,NULL,641,'idea'),(276,4201452,1,'2015-10-21 20:54:07',43,1,NULL,656,'idea'),(277,4201474,1,'2015-10-21 21:41:40',40,1,NULL,658,'idea'),(278,4201475,1,'2015-10-21 21:45:22',61,1,NULL,658,'idea'),(279,4201483,1,'2015-10-21 21:57:10',61,1,NULL,658,'idea'),(280,4201491,1,'2015-10-21 22:03:33',61,1,NULL,655,'idea'),(281,4201492,1,'2015-10-21 22:05:43',61,1,NULL,639,'idea'),(282,4201543,1,'2015-10-22 02:37:27',69,1,NULL,636,'idea'),(283,4201544,1,'2015-10-22 02:56:01',69,1,NULL,658,'idea'),(284,4201826,1,'2015-10-22 15:58:27',69,1,NULL,659,'idea'),(285,4201971,1,'2015-10-22 18:28:47',42,1,NULL,642,'idea'),(286,4202006,1,'2015-10-22 19:49:41',36,1,NULL,658,'idea'),(287,4202066,1,'2015-10-22 23:14:35',74,1,NULL,655,'idea'),(288,4202065,1,'2015-10-22 23:14:29',74,1,NULL,658,'idea'),(289,4202294,1,'2015-10-23 12:47:01',75,1,NULL,641,'idea'),(290,4202293,1,'2015-10-23 12:46:59',75,1,NULL,640,'idea'),(291,4202292,1,'2015-10-23 12:46:54',75,1,NULL,639,'idea'),(292,4202291,1,'2015-10-23 12:46:32',75,1,NULL,637,'idea'),(293,4202290,1,'2015-10-23 12:46:29',75,1,NULL,636,'idea'),(295,4202288,1,'2015-10-23 12:45:57',75,1,NULL,655,'idea'),(296,4202287,1,'2015-10-23 12:45:53',75,1,NULL,656,'idea'),(297,4202286,1,'2015-10-23 12:45:50',75,1,NULL,658,'idea'),(298,4202285,1,'2015-10-23 12:45:43',75,1,NULL,659,'idea'),(299,4202297,1,'2015-10-23 12:50:21',75,1,NULL,649,'idea'),(300,4202296,1,'2015-10-23 12:49:58',75,1,NULL,646,'idea'),(301,4202295,1,'2015-10-23 12:49:54',75,1,NULL,645,'idea'),(302,4202398,1,'2015-10-23 15:59:07',70,0,133,NULL,'comment'),(303,4203226,1,'2015-10-24 10:00:24',76,1,NULL,658,'idea'),(304,4203228,1,'2015-10-24 10:03:24',76,1,NULL,643,'idea'),(305,4203227,1,'2015-10-24 10:01:53',76,1,NULL,642,'idea'),(306,4203231,1,'2015-10-24 10:16:48',76,1,NULL,645,'idea'),(307,4203253,1,'2015-10-24 11:01:05',67,1,NULL,659,'idea'),(308,4203261,1,'2015-10-24 11:03:10',67,1,NULL,637,'idea'),(309,4203260,1,'2015-10-24 11:03:01',67,1,NULL,636,'idea'),(310,4203259,1,'2015-10-24 11:02:47',67,1,NULL,653,'idea'),(311,4203257,1,'2015-10-24 11:02:32',67,1,NULL,654,'idea'),(312,4203256,1,'2015-10-24 11:02:26',67,1,NULL,655,'idea'),(313,4203255,1,'2015-10-24 11:02:20',67,1,NULL,656,'idea'),(314,4203263,1,'2015-10-24 11:04:06',76,1,NULL,660,'idea'),(315,4203276,1,'2015-10-24 11:09:11',67,1,NULL,645,'idea'),(316,4203275,1,'2015-10-24 11:09:00',67,1,NULL,643,'idea'),(317,4203274,1,'2015-10-24 11:08:53',67,1,NULL,642,'idea'),(318,4203273,1,'2015-10-24 11:08:41',67,1,NULL,641,'idea'),(319,4203272,1,'2015-10-24 11:08:30',67,1,NULL,640,'idea'),(320,4203271,1,'2015-10-24 11:08:21',67,1,NULL,639,'idea'),(321,4203282,1,'2015-10-24 11:10:52',76,1,NULL,649,'idea'),(322,4203280,1,'2015-10-24 11:10:43',76,1,NULL,644,'idea'),(323,4203401,1,'2015-10-24 20:18:46',77,1,NULL,659,'idea'),(324,4203417,1,'2015-10-24 20:24:15',77,1,NULL,645,'idea'),(325,4203416,1,'2015-10-24 20:24:09',77,1,NULL,644,'idea'),(326,4203413,1,'2015-10-24 20:22:54',77,1,NULL,642,'idea'),(327,4203410,1,'2015-10-24 20:22:44',77,1,NULL,640,'idea'),(328,4203415,1,'2015-10-24 20:23:30',77,0,133,NULL,'comment'),(329,4203677,1,'2015-10-25 11:02:38',69,1,NULL,660,'idea'),(330,4203679,1,'2015-10-25 11:07:24',69,1,NULL,650,'idea'),(331,4203678,1,'2015-10-25 11:06:40',69,1,NULL,635,'idea'),(332,4203747,1,'2015-10-25 16:24:34',78,1,NULL,649,'idea'),(333,4203746,1,'2015-10-25 16:24:02',78,1,NULL,644,'idea'),(334,4203745,1,'2015-10-25 16:23:02',78,1,NULL,653,'idea'),(335,4203744,1,'2015-10-25 16:22:50',78,1,NULL,656,'idea'),(336,4203743,1,'2015-10-25 16:22:40',78,1,NULL,659,'idea'),(337,4203758,1,'2015-10-25 17:41:37',73,1,NULL,660,'idea'),(338,4203759,1,'2015-10-25 17:49:23',73,1,NULL,659,'idea'),(339,4203761,1,'2015-10-25 18:20:19',79,1,NULL,654,'idea'),(340,4203760,1,'2015-10-25 18:19:59',79,1,NULL,659,'idea'),(342,4203826,1,'2015-10-26 01:59:33',80,1,NULL,642,'idea'),(343,4203827,1,'2015-10-26 02:01:48',80,1,NULL,658,'idea'),(344,4204042,1,'2015-10-26 14:07:23',81,1,NULL,658,'idea'),(345,4204043,1,'2015-10-26 14:08:39',81,1,NULL,660,'idea'),(346,4204182,1,'2015-10-26 16:04:00',34,1,NULL,640,'idea'),(347,4204268,1,'2015-10-26 18:41:06',82,1,NULL,636,'idea'),(348,4204267,1,'2015-10-26 18:40:22',82,1,NULL,654,'idea'),(349,4204266,1,'2015-10-26 18:39:48',82,1,NULL,658,'idea'),(350,4204328,1,'2015-10-26 20:41:55',83,1,NULL,641,'idea'),(351,4204327,1,'2015-10-26 20:41:40',83,1,NULL,637,'idea'),(352,4204326,1,'2015-10-26 20:41:29',83,1,NULL,636,'idea'),(353,4204325,1,'2015-10-26 20:41:25',83,1,NULL,635,'idea'),(354,4204324,1,'2015-10-26 20:40:41',83,1,NULL,653,'idea'),(355,4204323,1,'2015-10-26 20:40:30',83,1,NULL,654,'idea'),(356,4204322,1,'2015-10-26 20:40:18',83,1,NULL,655,'idea'),(357,4204321,1,'2015-10-26 20:40:14',83,1,NULL,656,'idea'),(358,4204320,1,'2015-10-26 20:40:05',83,1,NULL,658,'idea'),(359,4204319,1,'2015-10-26 20:39:58',83,1,NULL,659,'idea'),(360,4204318,1,'2015-10-26 20:39:42',83,1,NULL,660,'idea'),(361,4204337,1,'2015-10-26 21:02:11',82,1,NULL,651,'idea'),(362,4204335,1,'2015-10-26 21:01:47',82,1,NULL,641,'idea'),(363,4204469,1,'2015-10-27 01:56:44',69,1,NULL,661,'idea'),(364,4204468,1,'2015-10-27 01:56:40',69,1,NULL,662,'idea'),(365,4204541,1,'2015-10-27 09:59:01',69,1,NULL,663,'idea'),(366,4204543,1,'2015-10-27 10:31:08',69,1,NULL,643,'idea'),(367,4204571,1,'2015-10-27 11:26:25',85,1,NULL,658,'idea'),(368,4204570,1,'2015-10-27 11:23:42',85,1,NULL,659,'idea'),(369,4204569,1,'2015-10-27 11:23:33',85,1,NULL,660,'idea'),(370,4204574,1,'2015-10-27 11:28:40',85,1,NULL,642,'idea'),(371,4204586,1,'2015-10-27 11:46:17',86,1,NULL,645,'idea'),(372,4204585,1,'2015-10-27 11:46:08',86,1,NULL,642,'idea'),(373,4204584,1,'2015-10-27 11:45:59',86,1,NULL,640,'idea'),(374,4204583,1,'2015-10-27 11:45:55',86,1,NULL,639,'idea'),(375,4204582,1,'2015-10-27 11:45:48',86,1,NULL,638,'idea'),(376,4204581,1,'2015-10-27 11:45:00',86,1,NULL,653,'idea'),(377,4204580,1,'2015-10-27 11:44:55',86,1,NULL,654,'idea'),(378,4204579,1,'2015-10-27 11:44:51',86,1,NULL,656,'idea'),(379,4204578,1,'2015-10-27 11:44:47',86,1,NULL,658,'idea'),(380,4204577,1,'2015-10-27 11:44:43',86,1,NULL,659,'idea'),(381,4204576,1,'2015-10-27 11:43:53',86,1,NULL,664,'idea'),(382,4204591,1,'2015-10-27 12:25:55',73,1,NULL,663,'idea'),(383,4204593,1,'2015-10-27 12:33:24',73,1,NULL,661,'idea'),(384,4204592,1,'2015-10-27 12:33:08',73,1,NULL,662,'idea'),(385,4204596,1,'2015-10-27 12:39:01',47,1,NULL,655,'idea'),(386,4204594,1,'2015-10-27 12:35:34',47,1,NULL,663,'idea'),(387,4204598,1,'2015-10-27 12:40:04',47,1,NULL,639,'idea'),(388,4204597,1,'2015-10-27 12:39:31',47,1,NULL,636,'idea'),(389,4204745,1,'2015-10-27 15:27:19',69,1,NULL,664,'idea'),(390,4204744,1,'2015-10-27 15:27:00',69,1,NULL,665,'idea'),(391,4204746,1,'2015-10-27 15:27:43',69,1,NULL,639,'idea'),(392,4204874,1,'2015-10-27 17:47:36',87,1,NULL,663,'idea'),(393,4204884,1,'2015-10-27 18:26:00',88,1,NULL,654,'idea'),(395,4204920,1,'2015-10-27 20:14:58',89,1,NULL,658,'idea'),(396,4205004,1,'2015-10-28 02:13:07',47,1,NULL,665,'idea'),(397,4205111,1,'2015-10-28 07:46:47',90,1,NULL,659,'idea'),(398,4205110,1,'2015-10-28 07:46:33',90,1,NULL,660,'idea'),(399,4205109,1,'2015-10-28 07:46:20',90,1,NULL,661,'idea'),(400,4205114,1,'2015-10-28 07:48:59',90,1,NULL,646,'idea'),(401,4205113,1,'2015-10-28 07:48:54',90,1,NULL,645,'idea'),(402,4205112,1,'2015-10-28 07:48:43',90,1,NULL,642,'idea'),(403,4205115,1,'2015-10-28 08:11:24',73,1,NULL,665,'idea'),(404,4205131,1,'2015-10-28 08:12:53',73,1,NULL,645,'idea'),(405,4205130,1,'2015-10-28 08:12:46',73,1,NULL,644,'idea'),(406,4205129,1,'2015-10-28 08:12:42',73,1,NULL,643,'idea'),(407,4205128,1,'2015-10-28 08:12:39',73,1,NULL,642,'idea'),(408,4205127,1,'2015-10-28 08:12:34',73,1,NULL,641,'idea'),(409,4205126,1,'2015-10-28 08:12:33',73,1,NULL,640,'idea'),(410,4205125,1,'2015-10-28 08:12:27',73,1,NULL,639,'idea'),(411,4205124,1,'2015-10-28 08:12:25',73,1,NULL,638,'idea'),(412,4205123,1,'2015-10-28 08:12:18',73,1,NULL,637,'idea'),(413,4205122,1,'2015-10-28 08:12:15',73,1,NULL,636,'idea'),(414,4205121,1,'2015-10-28 08:12:10',73,1,NULL,635,'idea'),(415,4205120,1,'2015-10-28 08:12:04',73,1,NULL,653,'idea'),(417,4205118,1,'2015-10-28 08:11:56',73,1,NULL,654,'idea'),(418,4205117,1,'2015-10-28 08:11:54',73,1,NULL,655,'idea'),(419,4205116,1,'2015-10-28 08:11:47',73,1,NULL,656,'idea'),(420,4205408,1,'2015-10-28 18:07:33',69,1,NULL,666,'idea'),(421,4205591,1,'2015-10-28 20:48:22',69,1,NULL,667,'idea'),(422,4206033,1,'2015-10-29 15:11:48',47,1,NULL,663,'idea'),(423,4206032,1,'2015-10-29 15:11:35',47,1,NULL,665,'idea'),(424,4206036,1,'2015-10-29 15:14:56',47,1,NULL,639,'idea'),(425,4206035,1,'2015-10-29 15:14:33',47,1,NULL,636,'idea'),(426,4206034,1,'2015-10-29 15:12:48',47,1,NULL,655,'idea'),(427,4206136,1,'2015-10-29 18:07:18',29,1,NULL,666,'idea'),(428,4206237,1,'2015-10-29 21:29:25',69,1,NULL,667,'idea'),(430,4206347,1,'2015-10-30 03:07:53',47,1,NULL,663,'idea'),(431,4206348,1,'2015-10-30 03:07:58',47,1,NULL,664,'idea'),(432,4206349,1,'2015-10-30 03:08:03',47,1,NULL,665,'idea'),(433,4206350,1,'2015-10-30 03:08:10',47,1,NULL,666,'idea'),(434,4206351,1,'2015-10-30 03:08:20',47,1,NULL,667,'idea'),(435,4206427,1,'2015-10-30 05:36:40',91,1,NULL,643,'idea'),(436,4206426,1,'2015-10-30 05:36:30',91,1,NULL,642,'idea'),(437,4206425,1,'2015-10-30 05:36:20',91,1,NULL,641,'idea'),(438,4206424,1,'2015-10-30 05:36:09',91,1,NULL,639,'idea'),(439,4206423,1,'2015-10-30 05:36:01',91,1,NULL,637,'idea'),(440,4206422,1,'2015-10-30 05:35:56',91,1,NULL,636,'idea'),(441,4206421,1,'2015-10-30 05:35:17',91,1,NULL,653,'idea'),(443,4206419,1,'2015-10-30 05:35:02',91,1,NULL,654,'idea'),(444,4206418,1,'2015-10-30 05:34:59',91,1,NULL,655,'idea'),(445,4206417,1,'2015-10-30 05:34:49',91,1,NULL,658,'idea'),(446,4206416,1,'2015-10-30 05:34:45',91,1,NULL,659,'idea'),(447,4206415,1,'2015-10-30 05:34:39',91,1,NULL,660,'idea'),(448,4206414,1,'2015-10-30 05:34:24',91,1,NULL,662,'idea'),(449,4206413,1,'2015-10-30 05:33:55',91,1,NULL,663,'idea'),(450,4206412,1,'2015-10-30 05:33:50',91,1,NULL,664,'idea'),(451,4206411,1,'2015-10-30 05:33:41',91,1,NULL,665,'idea'),(452,4206410,1,'2015-10-30 05:33:36',91,1,NULL,666,'idea'),(453,4206409,1,'2015-10-30 05:33:32',91,1,NULL,667,'idea'),(455,4206428,1,'2015-10-30 05:36:54',91,1,NULL,645,'idea'),(456,4207183,1,'2015-10-30 23:37:38',36,1,NULL,667,'idea'),(458,4207407,1,'2015-10-31 11:25:16',93,1,NULL,658,'idea'),(459,4207406,1,'2015-10-31 11:25:14',93,1,NULL,659,'idea'),(460,4207405,1,'2015-10-31 11:25:09',93,1,NULL,660,'idea'),(461,4212120,1,'2015-11-03 02:20:28',47,1,NULL,665,'idea'),(463,4213770,1,'2015-11-03 14:07:13',94,1,NULL,654,'idea'),(464,4213778,1,'2015-11-03 14:08:33',94,1,NULL,659,'idea'),(466,4213781,1,'2015-11-03 14:09:13',94,1,NULL,639,'idea'),(467,4213800,1,'2015-11-03 14:12:28',94,1,NULL,664,'idea'),(468,4214221,1,'2015-11-03 16:02:11',82,1,NULL,642,'idea'),(469,4214220,1,'2015-11-03 16:01:59',82,1,NULL,667,'idea'),(471,4223553,1,'2015-11-05 17:56:18',47,1,NULL,672,'idea'),(472,4223561,1,'2015-11-05 18:00:18',47,1,NULL,665,'idea'),(475,4230414,1,'2015-11-07 10:47:59',69,1,NULL,667,'idea'),(477,4230413,1,'2015-11-07 10:47:47',69,1,NULL,672,'idea'),(478,4243561,1,'2015-11-11 12:05:35',29,1,NULL,653,'idea'),(479,4245100,1,'2015-11-11 23:49:08',29,1,NULL,666,'idea'),(482,4247183,1,'2015-11-12 17:26:12',95,1,NULL,672,'idea'),(483,4247226,1,'2015-11-12 17:41:28',95,1,NULL,662,'idea'),(484,4249216,1,'2015-11-13 16:11:52',47,1,NULL,665,'idea'),(485,4255317,1,'2015-11-16 16:50:09',96,1,NULL,651,'idea'),(486,4255306,1,'2015-11-16 16:43:57',96,1,NULL,642,'idea'),(487,4255308,1,'2015-11-16 16:45:02',96,1,NULL,640,'idea'),(488,4255310,1,'2015-11-16 16:46:11',96,1,NULL,656,'idea'),(489,4255309,1,'2015-11-16 16:45:13',96,1,NULL,659,'idea'),(490,4255314,1,'2015-11-16 16:48:37',96,1,NULL,672,'idea'),(492,4289948,1,'2015-12-02 15:20:10',33,0,220,NULL,'comment');
/*!40000 ALTER TABLE `ideascale_vote` ENABLE KEYS */;
UNLOCK TABLES;
/*!40103 SET TIME_ZONE=@OLD_TIME_ZONE */;

/*!40101 SET SQL_MODE=@OLD_SQL_MODE */;
/*!40014 SET FOREIGN_KEY_CHECKS=@OLD_FOREIGN_KEY_CHECKS */;
/*!40014 SET UNIQUE_CHECKS=@OLD_UNIQUE_CHECKS */;
/*!40101 SET CHARACTER_SET_CLIENT=@OLD_CHARACTER_SET_CLIENT */;
/*!40101 SET CHARACTER_SET_RESULTS=@OLD_CHARACTER_SET_RESULTS */;
/*!40101 SET COLLATION_CONNECTION=@OLD_COLLATION_CONNECTION */;
/*!40111 SET SQL_NOTES=@OLD_SQL_NOTES */;

-- Dump completed on 2017-06-30 22:40:12
